GLOBALEVENTID,SQLDATE,Actor1CountryCode,Actor2CountryCode,EventCode,EventRootCode,GoldsteinScale,AvgTone,SOURCEURL,date,sample_type,event_label
1219110285,20240107,CZE,RUS,163,16,-8.0,-1.69491525423729,https://www.novinky.cz/clanek/ekonomika-nejvice-piva-do-ruska-dodavaji-nemci-a-cesi-pise-ria-novosti-40503331,2024-01-07,regular,
1150115493,20240106,,RUS,100,10,-5.0,-7.3943661971831,https://www.juneesoutherncross.com.au/story/8478223/russian-strike-kills-11-in-pokrovsk-in-ukraines-east/?cs=6409,2024-01-06,regular,
1149605783,20240103,,USA,173,17,-5.0,-12.7659574468085,https://www.itemonline.com/news/allen-gets-20-years-for-assualt/article_f6d7007e-a9af-11ee-8cd2-9398bf1e3a0f.html,2024-01-03,regular,
1149235972,20240101,,USA,173,17,-5.0,-7.82608695652173,https://wcyb.com/news/nation-world/greensboro-officers-death-prompts-blue-alert-nc-governor-issues-statement-of-support-following-manhunt,2024-01-01,regular,
1150064073,20240106,USA,,173,17,-5.0,-3.92687880839539,https://www.egyptindependent.com/israeli-government-divisions-burst-into-open-as-ministers-fight-over-post-war-plans/,2024-01-06,regular,
1149718536,20240104,,USA,182,18,-9.5,-6.79785330948122,https://www.mirror.co.uk/news/us-news/mum-murdered-husband-christmas-day-31804297,2024-01-04,regular,
1149780081,20240104,USA,,173,17,-5.0,-6.89655172413793,https://jalopnik.com/police-commissioner-says-high-speed-chase-that-killed-d-1851140352,2024-01-04,regular,
1149798192,20240104,USA,,173,17,-5.0,-7.47422680412371,https://www.al.com/news/2024/01/alabama-man-brother-sentenced-to-life-in-federal-prison-for-murder-for-hire-for-ex-wifes-2017-shooting-death.html,2024-01-04,regular,
1150056337,20240106,CHN,,100,10,-5.0,-4.81036077705828,https://www.theguardian.com/commentisfree/2024/jan/06/rishi-sunak-javier-milei-donald-trump-atlas-network,2024-01-06,regular,
1149184987,20240101,,CHN,130,13,-4.4,0.81135902636917,https://www.aol.com/news/taiwan-china-surely-reunified-says-052709739.html,2024-01-01,regular,
1149816184,20240105,USA,,172,17,-5.0,-1.25523012552301,https://www.unionleader.com/news/politics/state/lgbtq-community-goes-0-for-4-in-gop-led-house/article_96c1b5e6-ab4c-11ee-94a1-bf347ed8330a.html,2024-01-05,regular,
1149663251,20240104,FRA,DEU,100,10,-5.0,-4.55927051671733,https://www.mondaq.com/unitedstates/corporate-crime/1405916/us-congress-passes-law-to-criminally-prosecute-corrupt-foreign-officials,2024-01-04,regular,
1149355284,20240102,DEU,DEU,180,18,-9.0,-11.1940298507463,https://republika.mk/vesti/svet/uapsen-petiot-osomnichen-za-planirane-napad-na-katedralata-vo-keln/,2024-01-02,regular,
1149169246,20240101,USA,ISR,180,18,-9.0,-9.42928039702233,https://foxwilmington.com/entertainment/friends-star-david-schwimmer-calls-out-skeptics-of-hamas-sexual-assaults-where-is-their-outrage/,2024-01-01,regular,
1150081324,20240106,USA,,173,17,-5.0,-3.94304490690033,http://www.ruthfullyyours.com/2024/01/06/heather-mac-donald-unrepentant-dei-at-mit-the-diversity-ideology-marches-on-at-the-massachusetts-institute-of-technology/,2024-01-06,regular,
1149513341,20240103,GBR,,1712,17,-9.2,-1.30039011703512,https://www.inverness-courier.co.uk/news/national/reform-rules-out-tory-pact-as-sunak-faces-pressure-to-call-election-96746/,2024-01-03,regular,
1149862722,20240105,USA,,173,17,-5.0,-8.2018927444795,https://www.newschannel6now.com/2024/01/05/man-pleads-guilty-shooting-september-2022/,2024-01-05,regular,
1149836656,20240105,USA,,173,17,-5.0,-14.785373608903,https://www.fox13now.com/news/fox-13-investigates/utah-has-seen-its-jan-6-defendants-almost-double-since-last-anniversary,2024-01-05,regular,
1149452137,20240103,,USA,173,17,-5.0,-8.3248730964467,https://www.journal-spectator.com/news/article_1a2b187c-a9c3-11ee-bc6c-7b4979b8c697.html,2024-01-03,regular,
1149933265,20240105,,USA,173,17,-5.0,-4.52186805040771,https://www.duncanbanner.com/community/kff-health-news-mental-health-courts-can-struggle-to-fulfill-decades-old-promise/article_ba19d784-ab48-11ee-bb72-4b66eb39d924.html,2024-01-05,regular,
1149180160,20240101,FRA,,172,17,-5.0,3.38983050847457,https://www.realcommercial.com.au/news/ad-mogul-john-singletons-plans-for-new-motel-on-the-central-coast,2024-01-01,regular,
1149778375,20240104,,GBR,100,10,-5.0,0.47003525264395,https://www.telegraph.co.uk/news/2024/01/04/snp-access-middle-class-students-less-likely-law-school/,2024-01-04,regular,
1149298882,20240102,RUS,,182,18,-9.5,-3.37552742616033,https://www.blikk.hu/politika/vilagpolitika/zelenszkij-ujevi-interju-haboru/gnh7x68,2024-01-02,regular,
1150067379,20240106,USA,USA,160,16,-4.0,-3.87168141592921,https://richmond.com/news/state-regional/government-politics/2-general-assembly-vets-seek-to-bar-jan-6-attackers-from-office/article_f2da3ee8-ac05-11ee-8b55-e730b882b037.html,2024-01-06,regular,
1149316726,20240102,USA,,172,17,-5.0,6.35400907715582,https://cumberlink.com/news/local/annual-farm-show-contests-draw-out-best-of-state-bakers/article_19b3e98c-9f4b-11ee-864c-13aa146bf40c.html,2024-01-02,regular,
1149542136,20240103,USA,USA,173,17,-5.0,-10.9550561797752,http://www.chicagotribune.com/nation-world/ct-aud-nw-tom-girardi-20240103-7tkgib67r5bwtoo4pdppxntawm-story.html,2024-01-03,regular,
1149163630,20240101,USA,,1712,17,-9.2,-5.68181818181818,https://www.dailymail.co.uk/news/article-12915165/Sam-Brinton-Biden-official-free-2023.html,2024-01-01,regular,
1149209116,20240101,GBR,CHE,172,17,-5.0,-1.35135135135136,https://www.bbc.co.uk/news/uk-england-manchester-67856826,2024-01-01,regular,
1149998124,20240105,USA,,173,17,-5.0,-1.54291224686596,https://www.dailymail.co.uk/news/article-12932073/Prince-Andrew-daily-massages-visited-paedophile-financier-Jeffrey-Epstein-sarah-ferguson.html,2024-01-05,regular,
1150115226,20240106,USA,UKR,130,13,-4.4,-0.66445182724252,https://el-balad.com/%D9%88%D8%B3%D8%A7%D8%A6%D9%84-%D8%A5%D8%B9%D9%84%D8%A7%D9%85-%D8%A3%D9%85%D8%B1%D9%8A%D9%83%D9%8A%D8%A9-%D8%AA%D9%83%D8%B4%D9%81-%D8%B9%D8%AC%D8%B2-%D8%A7%D9%84%D8%A8%D9%86%D8%AA%D8%A7%D8%BA%D9%88,2024-01-06,regular,
1150098346,20240106,USA,,130,13,-4.4,-0.67415730337079,https://www.whec.com/top-news/alaska-airlines-grounds-747s-after-a-piece-of-a-plane-wall-detached-mid-air/,2024-01-06,regular,
1149909404,20240105,USA,,130,13,-4.4,-2.63157894736842,https://www.bostonglobe.com/2024/01/05/metro/massachusetts-storm-watch-in-effect/,2024-01-05,regular,
1149757226,20240104,USA,,180,18,-9.0,-13.9372822299652,https://www.channelnewsasia.com/world/judge-holthus-attacked-felon-sentencing-las-vegas-nevada-clark-county-deobra-redden-4025706,2024-01-04,regular,
1149700651,20240104,,USA,154,15,-7.2,-1.5748031496063,https://www.investmentweek.co.uk/opinion/4160445/marlboroughs-nathan-sweeney-potential-black-swans-2024,2024-01-04,regular,
1149880231,20240105,GBR,,1822,18,-9.0,-4.57317073170732,https://www.sundayworld.com/news/northern-ireland-news/bbc-dismiss-new-complaint-about-stephen-nolans-chat-show/a55733707.html,2024-01-05,regular,
1150133801,20240107,,USA,180,18,-9.0,-7.0,https://www.nwaonline.com/news/2024/jan/06/ex-cross-county-high-school-employee-arrested/,2024-01-07,regular,
1149344243,20240102,FRA,,141,14,-6.5,5.38720538720539,https://www.industrytap.com/dine-with-the-machines-caliexpress-by-flippy-offers-a-unique-ai-powered-dining-experience/70681,2024-01-02,regular,
1150090298,20240106,GBR,AFG,130,13,-4.4,0.0,https://www.independent.co.uk/news/uk/home-news/afghans-resettlement-cameron-foreign-office-b2473935.html,2024-01-06,regular,
1149659989,20240104,GBR,,141,14,-6.5,-6.31276901004304,https://news.yahoo.com/beat-six-months-without-talking-061548874.html,2024-01-04,regular,
1150007134,20240106,USA,USA,173,17,-5.0,-3.52861843845607,https://www.erienewsnow.com/story/50303309/in-third-batch-of-epstein-documents-a-call-from-harvey-weinstein-more-famous-men-and-disquieting-details,2024-01-06,regular,
1149437340,20240103,USA,,173,17,-5.0,-5.22496371552975,https://globalnews.ca/news/10200777/some-us-mexico-border-crossings-reopen-illegal-immigration/,2024-01-03,regular,
1150001336,20240106,USA,,173,17,-5.0,-12.2172275023547,https://www.knzr.com/syndicated-article/?id=1542367,2024-01-06,regular,
1149914250,20240105,GBR,GBR,173,17,-5.0,-11.9747899159664,https://www.dailystar.co.uk/news/latest-news/witches-wizards-cult-who-abused-31813318,2024-01-05,regular,
1149357300,20240102,FRA,NGA,161,16,-4.0,-8.33333333333333,https://www.capital.gr/diethni/3758788/ekleise-i-galliki-presbeia-ston-nigira/,2024-01-02,regular,
1149825665,20240105,USA,,180,18,-9.0,-8.47851335656213,https://www.washingtontimes.com/news/2024/jan/4/ambush-shootings-target-police-officers-record-num/,2024-01-05,regular,
1149829335,20240105,,RUS,138,13,-7.0,-1.32119264417068,https://balloon-juice.com/2024/01/04/war-for-ukraine-day-680-strike-sevastapol/,2024-01-05,regular,
1149801685,20240104,USA,USA,1053,10,-5.0,-2.2667829119442,https://www.sott.net/article/487496-Bill-Clinton-Stephen-Hawking-at-an-orgy-and-Michael-Jackson-Heres-whos-in-the-unsealed-Epstein-docs-so-far,2024-01-04,regular,
1149689924,20240104,,CHN,173,17,-5.0,-7.78588807785888,https://www.scotsman.com/news/politics/police-hand-prosecutors-file-into-scottish-man-arrested-on-suspicion-of-spying-for-china-4465538,2024-01-04,regular,
1150022212,20240106,,RUS,180,18,-9.0,-2.17917675544794,https://ura.news/news/1052720297,2024-01-06,regular,
1149586338,20240103,USA,,173,17,-5.0,-7.84810126582279,https://www.news4jax.com/news/local/2024/01/03/live-jacksonville-sheriff-to-hold-news-conference-to-discuss-recent-investigation/,2024-01-03,regular,
1149521138,20240103,IRN,USA,186,18,-10.0,-10.5022831050229,https://24.ae/article/798951/%D8%A5%D9%8A%D8%B1%D8%A7%D9%86-%D8%AA%D8%AD%D8%B0%D8%B1-%D8%A3%D9%85%D8%B1%D9%8A%D9%83%D8%A7-%D9%85%D9%86-%D8%B9%D9%88%D8%A7%D9%82%D8%A8-%D8%A7%D8%BA%D8%AA%D9%8A%D8%A7%D9%84-%D8%A7%D9%84%D8%B9%D8%A7%D8%B1%D9%88%D8%B1%D9%8A,2024-01-03,regular,
1149640903,20240104,USA,USA,173,17,-5.0,-4.42748091603053,https://www.courthousenews.com/jeffrey-epstein-documents-unsealed-in-manhattan-federal-court/,2024-01-04,regular,
1149221174,20240101,RUS,,106,10,-5.0,-4.31472081218274,https://news.liga.net/en/politics/news/gur-v-belgorode-likvidirovan-sledovatel-voevavshiy-protiv-ukrainy-komandirom-raketchikov,2024-01-01,regular,
1150024162,20240106,,USA,173,17,-5.0,-3.37078651685393,https://www.waaytv.com/news/crime/marshall-county-sheriff-man-arrested-for-sodomy-sexual-abuse-of-child-under-12-years-old/article_984e390e-ac12-11ee-9339-ff73754c054e.html,2024-01-06,regular,
1149976717,20240105,FRA,,1712,17,-9.2,-0.58651026392962,https://www.lmtonline.com/entertainment/article/book-world-what-the-middle-ages-can-teach-us-18591729.php,2024-01-05,regular,
1150080849,20240106,GBR,ITA,173,17,-5.0,-4.90909090909091,http://www.ruthfullyyours.com/2024/01/06/owen-jones-palestinian-patsy-britains-most-famous-media-commentator-is-also-one-of-its-leading-apologists-for-terror-by-bruce-bawer/,2024-01-06,regular,
1149823525,20240105,USA,,173,17,-5.0,-13.2653061224489,https://www.wfaa.com/article/news/crime/child-sex-offender-kaufman-county-sentenced-prison-indecency-with-child/287-fac5ed55-cf00-44e6-9435-02d6a5e52333,2024-01-05,regular,
1149818109,20240105,USA,,173,17,-5.0,-4.33673469387756,https://foxbaltimore.com/news/local/triple-c-black-guerilla-family-indictments-result-of-enhanced-partnerships-officials-say,2024-01-05,regular,
1149754225,20240104,,CHN,152,15,-7.2,-1.73228346456693,https://www.asianews.it/news-en/Beijing-bans-new-monks-from-a-Tibet-monastery-59873.html,2024-01-04,regular,
1149991764,20240105,USA,,1383,13,-7.0,-7.2463768115942,https://www.newswest9.com/article/news/local/jeff-davis-county-courthouse-bomb-threat/513-f0479274-3650-42e1-bff7-30d4a74cb14c,2024-01-05,regular,
1149609936,20240104,USA,,100,10,-5.0,-0.740740740740749,https://news.yahoo.com/florida-surgeon-general-mrna-covid-223955065.html,2024-01-04,regular,
1149986727,20240105,USA,USA,173,17,-5.0,-4.4806517311609,https://news.yahoo.com/ex-escapee-michael-burham-gets-204618230.html,2024-01-05,regular,
1149241906,20240101,CHN,,1721,17,-5.0,-7.08661417322835,https://www.chinafile.com/reporting-opinion/media/china-censors-online-outcry-after-isis-execution,2024-01-01,regular,
1149578430,20240103,USA,,173,17,-5.0,-10.1180438448566,https://news.yahoo.com/judge-denies-trial-reconsideration-sentence-192452417.html,2024-01-03,regular,
1149765752,20240104,USA,,1721,17,-5.0,0.0,https://news.yahoo.com/florida-bill-ban-political-flags-174541243.html,2024-01-04,regular,
1150157430,20240107,CHN,,160,16,-4.0,-5.81348567750242,"https://www.dlahandlu.pl/inne/chiny-msz-nalozymy-sankcje-na-piec-firm-z-usa-za-sprzedaz-broni-tajwanowi,138792.html",2024-01-07,regular,
1149707554,20240104,USA,,100,10,-5.0,-3.69088811995386,https://www.nj.com/opinion/2024/01/jeff-van-drew-has-seen-the-immigration-issue-from-both-sides-now-mulshine.html,2024-01-04,regular,
1149548575,20240103,USA,,173,17,-5.0,-0.87565674255692,https://www.eptrail.com/2024/01/03/colorado-marijuana-legalization-sales-timeline/,2024-01-03,regular,
1149400616,20240102,ALB,DEU,173,17,-5.0,-7.99220272904483,https://www.syri.net/syri_kosova/shqiperi/536601/bild-jehone-arrestimit-te-berishes-po-luftojne-korrupsionin-apo-kane-frike-nga-berisha/,2024-01-02,regular,
1149340790,20240102,RUS,UKR,138,13,-7.0,-8.5995085995086,https://www.firstpost.com/world/ukraine-several-killed-injured-as-russia-conducts-missile-strike-13568762.html,2024-01-02,regular,
1149690077,20240104,GBR,,1821,18,-9.0,-4.56692913385827,https://www.mirror.co.uk/news/us-news/epstein-paedo-island-names-live-31803079,2024-01-04,regular,
1149764353,20240104,BGD,USA,163,16,-8.0,-5.48672566371681,https://www.dhakatribune.com/bangladesh/election/335816/wsj-bangladesh-polls-highlight-biden-s-democracy,2024-01-04,regular,
1150208919,20240107,UKR,RUS,180,18,-9.0,2.06896551724138,https://news.okezone.com/more/1/1704631902/33/12,2024-01-07,regular,
1149264650,20240102,USA,,141,14,-6.5,2.42424242424242,https://www.rockymounttelegram.com/news/national/135th-rose-parade-boasts-floral-floats-sunny-skies-as-california-tradition-kicks-off-the-new/article_6decef38-62d1-56be-a14f-bb59fd70e7cb.html,2024-01-02,regular,
1150213598,20240107,,USA,130,13,-4.4,-0.138121546961321,https://www.dailymail.co.uk/wellness-us/article-12931199/us-sugar-salad-dressing-unhealthy-mayo-clinic.html,2024-01-07,regular,
1150084305,20240106,RUS,,1712,17,-9.2,-4.21052631578947,https://news.yahoo.com/russian-shelling-seriously-damages-civilian-123500268.html,2024-01-06,regular,
1149741340,20240104,JPN,,160,16,-4.0,-1.5625,https://article.wn.com/view/2024/01/04/Plane_Collision_at_Haneda_Airport_Tokyo_379_Passengers_Evacu/,2024-01-04,regular,
1149231281,20240101,USA,PSE,1056,10,-5.0,-3.30578512396694,https://news.yahoo.com/protesters-gather-support-palestine-downtown-154355560.html,2024-01-01,regular,
1150185057,20240107,USA,,172,17,-5.0,2.87425149700599,https://www.willitsnews.com/2023/12/27/vfw-post-1-denver-art-gallery/,2024-01-07,regular,
1149294822,20240102,,DEU,141,14,-6.5,-2.43243243243244,https://www.teraz.sk/zahranicie/berlin-policia-pocas-silvestrovskej/764676-clanok.html,2024-01-02,regular,
1150187344,20240107,USA,,1383,13,-7.0,-5.30973451327434,https://www.wcax.com/2024/01/07/hartford-police-investigate-multiple-hoax-bomb-threats-region/,2024-01-07,regular,
1149636489,20240104,,USA,141,14,-6.5,-3.19327731092437,https://www.theartnewspaper.com/2024/01/03/unpacking-americas-psychology-a-deep-dive-into-the-career-of-arthur-tress,2024-01-04,regular,
1149538043,20240103,GBR,,154,15,-7.2,-2.42424242424242,https://www.15min.lt/naujiena/aktualu/pasaulis/didejant-itampai-i-raudonaja-jura-iplauke-irano-karo-laivas-57-2169814,2024-01-03,regular,
1149325027,20240102,JPN,,160,16,-4.0,-2.34505862646566,https://www.lbc.co.uk/news/plane-fire-japan-tokyo-airport/,2024-01-02,regular,
1149798685,20240104,,USA,180,18,-9.0,-9.09090909090909,https://www.902.gr/eidisi/kosmos/351815/polemiko-naytiko-ton-ipa-katigorei-toys-hoythi-gia-epithesi-me-mi-epandromeno,2024-01-04,regular,
1149223087,20240101,,DEU,173,17,-5.0,-2.14797136038186,https://www.eldestapeweb.com/informacion-general/benedicto-xvi/el-papa-francisco-recordo-a-su-predecesor-benedicto-xvi-en-el-primer-aniversario-de-su-muerte-2023123111520,2024-01-01,regular,
1149743922,20240104,JPN,GBR,138,13,-7.0,-6.94769711163154,https://www.dw.com/en/israel-hamas-war-thousands-mourn-senior-hamas-official/live-67886826,2024-01-04,regular,
1150243578,20240107,,USA,173,17,-5.0,-10.6761565836299,https://www.boston.com/news/crime/2024/01/07/woman-sentenced-to-10-12-years-for-fatal-brockton-road-rage-stabbing/,2024-01-07,regular,
1149934508,20240105,USA,,181,18,-9.0,-7.1428571428571,https://news.yahoo.com/man-sentenced-130-years-life-134741802.html,2024-01-05,regular,
1150188876,20240107,,CHN,139,13,-7.0,-3.12046444121916,https://mg.co.za/news/2024-01-07-year-of-elections-the-world-chooses-its-fate/,2024-01-07,regular,
1150185010,20240107,UKR,RUS,182,18,-9.5,-7.38255033557047,https://www.irishtimes.com/world/europe/2024/01/07/ukraine-russia-war-latest/,2024-01-07,regular,
1149856879,20240105,,USA,173,17,-5.0,-9.49119373776911,https://lasvegassun.com/news/2024/jan/04/police-officer-convicted-of-killing-a-colorado-man/,2024-01-05,regular,
1149988684,20240105,USA,USA,173,17,-5.0,-0.40160642570281,https://www.supertalk.fm/mississippi-to-look-hard-at-expanding-medicaid-says-new-house-speaker/,2024-01-05,regular,
1149772992,20240104,USA,,173,17,-5.0,-11.2107623318386,https://wchstv.com/news/local/kanawha-city-stabbing-spree-suspects-history-reveals-new-information-about-attacking-police-with-a-knife,2024-01-04,regular,
1149389341,20240102,RUS,UKR,182,18,-9.5,-3.59019264448337,https://news.yahoo.com/ukraine-situation-report-massive-russian-184801864.html,2024-01-02,regular,
1149207820,20240101,GBR,,138,13,-7.0,-4.1033434650456,https://gulfnews.com/world/gulf/yemen/uk-warns-willing-to-take-direct-action-over-red-sea-attacks-by-iran-backed-al-houthis-1.100186360,2024-01-01,regular,
1149221162,20240101,PSE,GBR,141,14,-6.5,-5.59440559440559,https://www.aljazeera.com/news/2024/1/1/completely-alienated-british-muslims-on-labour-tory-stance-on-gaza-war,2024-01-01,regular,
1150057964,20240106,,USA,173,17,-5.0,-5.37681798148964,https://www.yahoo.com/lifestyle/two-case-shattering-clues-point-170300897.html,2024-01-06,regular,
1149779450,20240104,GBR,GBR,173,17,-5.0,-10.2374670184696,https://www.dailymail.co.uk/news/article-12927439/paedophile-ring-vulnerable-youngsters-abuse-life-sentences.html,2024-01-04,regular,
1150164538,20240107,USA,,172,17,-5.0,-1.67597765363129,https://wpdh.com/ixp/498/p/atv-laws-new-york/,2024-01-07,regular,
1155104903,20240201,,USA,173,17,-5.0,-16.1290322580645,https://www.hawaiinewsnow.com/2024/02/01/this-was-no-accident-grand-jury-indicts-21-year-old-man-murder-stray-bullet-shooting/,2024-02-01,regular,
1155069884,20240201,USA,,172,17,-5.0,-3.95927601809954,https://mynorthwest.com/3948822/police-deny-lgbtq-bar-visits-raids-officials-change-lewd-laws/,2024-02-01,regular,
1154362848,20240129,USA,USA,173,17,-5.0,-5.32915360501568,https://www.theprogressnews.com/news/indiana-county-man-sentenced-for-possession-of-material-depicting-the-exploitation-of-minors/article_93dc6cfa-bd20-11ee-bcbf-e725e35408c9.html,2024-01-29,regular,
1154950845,20240131,USA,,141,14,-6.5,-9.75609756097565,https://www.1630kcjj.com/2024/01/31/johnson-county-officials-call-for-charges-to-be-dropped-against-trans-and-non-binary-protestors/,2024-01-31,regular,
1154549924,20240129,USA,CAN,172,17,-5.0,1.59433126660761,https://www.popsci.com/science/jwst-new-spiral-galaxies/,2024-01-29,regular,
1155167269,20240201,USA,,173,17,-5.0,-6.04288499025341,https://www.siasat.com/indian-american-doc-found-not-guilty-of-masturbating-next-to-minor-on-plane-2969194/,2024-02-01,regular,
1155423574,20240202,FRA,NER,161,16,-4.0,-2.73291925465839,https://www.dailynewsen.com/breaking/airlines-decide-to-no-longer-take-french-people-to-niger-h129182.html,2024-02-02,regular,
1154465396,20240129,BEL,EUR,130,13,-4.4,-3.36134453781513,https://theweek.com/politics/donald-trump-nato,2024-01-29,regular,
1155176681,20240201,USA,,1821,18,-9.0,-2.81576830249397,https://www.washingtonpost.com/education/2024/02/01/south-carolina-teacher-racism-lesson-revised/,2024-02-01,regular,
1154551313,20240129,,USA,164,16,-7.0,-5.37634408602151,https://news.yahoo.com/students-walk-questions-swirl-over-201829109.html,2024-01-29,regular,
1155436068,20240202,UKR,RUS,173,17,-5.0,-5.95238095238095,https://www.dailystar.co.uk/news/latest-news/stunning-russian-model-arrested-putins-32032570,2024-02-02,regular,
1155630168,20240203,USA,,173,17,-5.0,-5.57620817843866,https://www.13abc.com/2024/02/02/daycare-worker-cincinnati-rec-center-fired-after-arrest-child-abuse-case/,2024-02-03,regular,
1155120498,20240201,USA,PSE,1721,17,-5.0,-1.86150409530901,https://georgetownvoice.com/2024/02/01/students-hold-day-of-solidarity-for-gaza/,2024-02-01,regular,
1154910237,20240131,BGR,RUS,138,13,-7.0,-1.81598062953995,https://frognews.bg/novini/stefan-stambolov-kak-predi-vek-rusiia-pak-zaplashvashe-balgariia-beshe-spriana-edin-darjavnik-plan.html,2024-01-31,regular,
1155471931,20240202,USA,USA,143,14,-6.5,2.18818380743983,https://riverheadnewsreview.timesreview.com/2024/02/118911/peconic-bay-medical-center-nurses-and-healthcare-workers-vote-in-favor-of-strike/,2024-02-02,regular,
1154537309,20240129,USA,USA,138,13,-7.0,-4.65004055150041,https://news.yahoo.com/jordan-attack-options-does-us-192947553.html,2024-01-29,regular,
1154969694,20240131,EUR,,172,17,-5.0,-2.46406570841889,https://www.vozpopuli.com/espana/politica/parlamento-europeo-aprueba-prohibir-amnistiar-casos-corrupcion.html,2024-01-31,regular,
1154486617,20240129,RUS,UKR,154,15,-7.2,-3.35195530726257,https://www.ziarelive.ro/stiri/ucrainenii-incearca-sa-largeasca-capul-de-pod-pe-malul-stang-al-niprului-rusii-se-lauda-ca-au-capturat-un-catun-kievul-dezminte.html,2024-01-29,regular,
1154518798,20240129,FRA,,172,17,-5.0,-1.21951219512195,https://govoritmoskva.ru/news/396678/,2024-01-29,regular,
1154628983,20240130,CHN,LTU,161,16,-4.0,-2.57731958762887,https://focustaiwan.tw/politics/202401300005,2024-01-30,regular,
1154352479,20240129,GBR,,172,17,-5.0,-3.54522383447623,https://www.stroudnewsandjournal.co.uk/news/national/uk-today/24079935.disposable-vapes-banned-uk-new-legislation/,2024-01-29,regular,
1154568615,20240129,,USA,173,17,-5.0,1.61662817551963,https://obituaries.mankatofreepress.com/obituary/newton-toland-1089324644,2024-01-29,regular,
1155211634,20240201,USA,,180,18,-9.0,-8.77192982456141,https://abcnews4.com/news/nation-world/former-iowa-teacher-pleads-guilty-to-sex-abuse-lascivious-acts-with-minors-report-says-cassidy-kraus-ikm-manning-community-school-district-carroll-county-sheriffs,2024-02-01,regular,
1155220047,20240201,CHN,,173,17,-5.0,-3.0750307503075,https://www.theglobeandmail.com/world/article-pair-of-us-lawmakers-nominate-hong-kong-publisher-jimmy-lai-for-nobel/,2024-02-01,regular,
1155223481,20240201,,USA,164,16,-7.0,-7.77777777777782,https://www.independent.co.uk/news/world/americas/us-politics/biden-israel-sanctions-settlements-gaza-b2488963.html,2024-02-01,regular,
1154790473,20240130,CAN,USA,143,14,-6.5,-3.65296803652968,https://www.naturalnews.com/2024-01-30-trucker-convoy-eagle-pass-stop-illegal-invasion.html,2024-01-30,regular,
1155193073,20240201,,FRA,141,14,-6.5,-5.0,https://www.bienpublic.com/education/2024/02/01/greve-au-sein-de-l-education-nationale-475-manifestants-dans-les-rues-de-dijon,2024-02-01,regular,
1155199618,20240201,USA,,141,14,-6.5,4.08163265306123,https://www.hudsonvalley360.com/artsandlife/localannouncements/black-history-month-exhibit-open-in-the-state-capitol/article_43841288-c114-11ee-a324-47cf8459f1ae.html,2024-02-01,regular,
1154539739,20240129,USA,,181,18,-9.0,-7.69230769230769,https://cnycentral.com/news/nation-world/atlanta-woman-mouths-help-me-to-police-while-held-hostage-by-childs-father-report-piedmont-avenue-fulton-county-jail-swat-team-hostage-negotiators-false-imprisonment,2024-01-29,regular,
1155195082,20240201,FRA,,1711,17,-9.2,-6.73076923076923,https://www.sb.by/articles/vo-frantsii-fermery-zagorodili-eliseyskie-polya-tyukami-s-senom.html,2024-02-01,regular,
1155651116,20240204,GBR,,163,16,-8.0,0.51813471502591,https://www.cbs8.com/article/news/nation-world/first-minister-northern-ireland-michelle-o-neill/507-4eb25266-0f78-4f63-8871-af968acd0f82,2024-02-04,regular,
1155394683,20240202,RUS,,162,16,-5.6,-0.70281124497992,https://www.vb.kg/doc/435112_idet_moshnaia_informacionnaia_borba_mejdy_vlastu_i_vneshnimi_igrokami.html,2024-02-02,regular,
1154991417,20240131,FRA,,180,18,-9.0,-6.8041237113402,https://www.lavoixdunord.fr/1425352/article/2024-01-31/une-americaine-accuse-un-chauffeur-vtc-de-l-avoir-violee-et-d-etre-le-pere-de,2024-01-31,regular,
1155507983,20240203,USA,,180,18,-9.0,-10.1394169835235,https://www.theepochtimes.com/us/democrat-nyc-councilman-says-illegal-immigrant-suspects-should-be-deported-if-found-guilty-in-nypd-assault-5579505,2024-02-03,regular,
1155585031,20240203,EUR,,172,17,-5.0,-4.45396145610278,http://anfturkce.net/guncel/bozarslan-hamas-ve-filistin-kaybetti-ama-bu-savasin-kazanani-da-yok-193798,2024-02-03,regular,
1154398120,20240129,RUS,UKR,1712,17,-9.2,-4.75326093940757,https://ria.ru/20240129/spetsoperatsiya-1924063494.html,2024-01-29,regular,
1155046961,20240201,USA,SDN,163,16,-8.0,-5.98290598290599,https://www.foxnews.com/world/us-sanctions-3-firms-direct-connections-sudan-civil-war,2024-02-01,regular,
1155033850,20240131,USA,CHE,161,16,-4.0,-5.97243491577335,https://www.theepochtimes.com/us/cdc-confirms-outbreak-on-cruise-ship-due-to-unknown-illness-5577878,2024-01-31,regular,
1155660291,20240204,USA,UKR,162,16,-5.6,2.38095238095238,https://life.ru/p/1637459,2024-02-04,regular,
1155583516,20240203,RUS,,172,17,-5.0,-4.58715596330275,https://www.m24.ru/news/vlast/03022024/663035,2024-02-03,regular,
1155693482,20240204,,USA,161,16,-4.0,-6.69593852908892,https://www.dailystar.co.uk/news/latest-news/i-now-live-home-killed-31964749,2024-02-04,regular,
1155263432,20240201,USA,,141,14,-6.5,4.64788732394366,https://www.newjerseyhills.com/roxbury_register/news/kean-honors-two-area-seniors-of-distinction/article_446fe0a6-c118-11ee-87c8-7f85df87c299.html,2024-02-01,regular,
1155287644,20240202,USA,,173,17,-5.0,-9.03790087463561,https://www.mediaite.com/news/congressman-suggests-migrants-charged-with-assaulting-cop-should-be-thrown-from-helicopters/,2024-02-02,regular,
1155629973,20240203,,USA,180,18,-9.0,1.9280205655527,https://bearingdrift.com/2024/02/03/former-federal-judge-j-michael-luttig-has-joined-uvas-karsh-institute-and-school-of-law-10-things-to-know/,2024-02-03,regular,
1155390747,20240202,RUS,FRA,138,13,-7.0,-6.46766169154229,https://en.interfax.com.ua/news/general/964489.html,2024-02-02,regular,
1154923338,20240131,USA,USA,1821,18,-9.0,-4.66101694915254,https://www.fingerlakes1.com/2024/01/31/new-york-expands-legal-definition-of-rape-in-landmark-legislation/,2024-01-31,regular,
1154965124,20240131,USA,,173,17,-5.0,-7.64705882352936,https://www.kjct8.com/2024/01/31/colorado-springs-man-sentenced-prison-with-involvement-january-6-attack/,2024-01-31,regular,
1154507715,20240129,GBR,,173,17,-5.0,-7.11462450592885,https://www.dailymail.co.uk/news/article-13019659/Police-swoop-arrest-man-Golders-Green-reports-knifeman-attacking-Jewish-grocery-store-shouting-antisemitic-slurs.html,2024-01-29,regular,
1155698942,20240204,CHN,CHN,100,10,-5.0,-3.20219579139982,https://mustaqila.com/%D8%A7%D9%84%D8%B5%D9%8A%D9%86-%D8%AA%D9%81%D8%B1%D8%B6-%D9%82%D9%88%D8%A7%D8%B9%D8%AF-%D8%B5%D8%A7%D8%B1%D9%85%D8%A9-%D9%81%D9%8A-%D8%B4%D9%8A%D9%86%D8%AC%D9%8A%D8%A7%D9%86%D8%BA-%D8%B9%D9%84%D9%89/,2024-02-04,regular,
1155531960,20240203,GBR,,145,14,-7.5,-0.77639751552795,https://www.yahoo.com/news/nigerian-royals-cambridge-bosses-duped-151301449.html,2024-02-03,regular,
1154990745,20240131,,USA,183,18,-10.0,-5.19230769230769,https://www.firerescue1.com/explosion/propane-tanks-explode-during-fire-near-calif-sikh-temple,2024-01-31,regular,
1155032922,20240131,,USA,174,17,-5.0,-5.97014925373134,https://eurweb.com/2024/orlando-brown-booted-from-l-a-restaurant/,2024-01-31,regular,
1155085465,20240201,,USA,173,17,-5.0,-2.81030444964871,https://news.yahoo.com/more-details-surface-involving-bentonville-021350879.html,2024-02-01,regular,
1155475918,20240202,,RUS,138,13,-7.0,-4.28134556574924,https://www.ziarelive.ro/stiri/germania-are-o-mare-problema-numarul-militarilor-s-a-redus-dramatic-in-vreme-ce-ministrul-apararii-cere-revenirea-la-stagiul-militar-obligatoriu.html,2024-02-02,regular,
1154430748,20240129,CHN,,160,16,-4.0,-5.41711809317443,https://www.hindustantimes.com/ht-insight/international-affairs/dont-let-maldives-go-the-nepal-way-101706522492106.html,2024-01-29,regular,
1155314808,20240202,USA,,186,18,-10.0,-4.21836228287841,https://gulfnews.com/world/americas/us-approves-4-billion-india-drone-deal-1.1706844404507,2024-02-02,regular,
1154851852,20240131,USA,USA,180,18,-9.0,-4.59610027855154,https://www.ksl.com/article/50861429/trial-begins-for-officer-charged-with-assault-for-use-of-police-dog-in-2020,2024-01-31,regular,
1155046917,20240201,USA,,130,13,-4.4,-1.35396518375241,https://news.yahoo.com/whitmer-raised-more-2-million-231647507.html,2024-02-01,regular,
1154746641,20240130,JPN,,141,14,-6.5,0.84226646248086,https://www.1854.photography/2022/05/send-nudes/?text=https:/www.1854.photography/2024/01/paul-mpagi-sepuya-nottingham-contemporary-darkroom-interview/,2024-01-30,regular,
1154784948,20240130,,USA,173,17,-5.0,-11.2745098039216,https://news.yahoo.com/former-ohio-ice-officer-guilty-183000742.html,2024-01-30,regular,
1154605254,20240130,USA,,172,17,-5.0,2.49584026622296,https://www.wusa9.com/article/entertainment/bierbath-sykesville-maryland-new-beer-spa-taps-into-centuries-old-form-of-self-care/65-76d47f48-9648-4925-9ca4-d1c1227f6a6b,2024-01-30,regular,
1154795177,20240130,RUS,,1044,10,-5.0,-3.76411543287328,https://chechenews.com/%D0%B2-%D0%B2%D0%B5%D1%80%D1%85%D0%BE%D0%B2%D0%BD%D0%BE%D0%B9-%D1%80%D0%B0%D0%B4%D0%B5-%D1%81%D0%BE%D0%B7%D0%B4%D0%B0%D0%BD%D0%B0-%D0%BC%D0%B5%D0%B6%D1%84%D1%80%D0%B0%D0%BA%D1%86%D0%B8%D0%BE%D0%BD/,2024-01-30,regular,
1155649412,20240204,GBR,PSE,141,14,-6.5,-2.03389830508475,https://www.ross-shirejournal.co.uk/news/national/cameron-stands-firm-on-palestinian-state-recognition-after-tory-backlash-99228/,2024-02-04,regular,
1155105897,20240201,VEN,USA,130,13,-4.4,-4.35420743639922,https://apnews.com/article/venezuela-dea-drugs-cocaine-maduro-spying-law-fbf37f94207d05fb45dca1b75bf04d41,2024-02-01,regular,
1155178261,20240201,,EUR,100,10,-5.0,-0.57306590257879,https://www.miragenews.com/uk-commends-osce-council-of-europe-1165830/,2024-02-01,regular,
1155067012,20240201,CHN,,173,17,-5.0,-10.1694915254237,https://www.boston.com/news/local-news/2024/01/31/canton-man-sentenced-to-15-years-for-sex-trafficking-missing-teen/,2024-02-01,regular,
1154643168,20240130,JOR,USA,180,18,-9.0,-8.03571428571431,https://www.bd-pratidin.com/international-news/2024/01/30/962956,2024-01-30,regular,
1154680893,20240130,GBR,,172,17,-5.0,-2.26950354609929,https://www.forbes.com/sites/dariosabaghi/2024/01/30/why-does-the-uk-want-to-ban-disposable-vapes/,2024-01-30,regular,
1155294890,20240202,USA,,1821,18,-9.0,-1.96078431372549,https://www.kait8.com/2024/02/01/arkansas-ranks-second-us-rape-uams-continues-help-survivors/,2024-02-02,regular,
1155171696,20240201,CHN,,141,14,-6.5,-4.68085106382978,https://www.asianews.it/news-en/Espionage-and-military-secrets:-China-vs-the-West-over-student-visas-60058.html,2024-02-01,regular,
1154917869,20240131,USA,,173,17,-5.0,-11.6751269035532,https://news.yahoo.com/detective-conviction-death-man-pulled-113000808.html,2024-01-31,regular,
1155715677,20240204,RUS,IND,173,17,-5.0,-3.95136778115502,https://www.bignewsnetwork.com/news/274115753/indian-police-arrest-embassy-staffer-accused-of-spying-for-pakistan,2024-02-04,regular,
1154793751,20240130,USA,ZWE,163,16,-8.0,-2.6978417266187,https://insiderzim.com/zimbabwe-legislator-says-mbeki-told-the-british-they-would-be-wiped-out-in-24-hours-if-they-invaded-zimbabwe/,2024-01-30,regular,
1155041673,20240131,USA,,101,10,-5.0,-7.71241830065359,https://nypost.com/2024/01/31/opinion/hunter-biden-compares-self-to-a-romanov-a-migrant-child-and-a-greek-tragedy-in-delusional-court-filing/,2024-01-31,regular,
1155070922,20240201,,USA,161,16,-4.0,-1.99556541019955,https://nypost.com/2024/01/31/news/nikki-haley-claims-texas-has-the-right-to-secede-from-us-thats-their-decision-to-make/,2024-02-01,regular,
1155386157,20240202,RUS,,100,10,-5.0,-4.60526315789473,https://u-f.ru/news/politics/u24974/2024/02/02/371693,2024-02-02,regular,
1155281307,20240202,USA,ISR,203,20,-10.0,-3.38725985844287,https://www.motherjones.com/politics/2024/02/cori-bush-wesley-bell-missouri-ferguson-israel-aipac-2024-democratic-primary/,2024-02-02,regular,
1155191806,20240201,EUR,ITA,141,14,-6.5,-2.5,https://hirado.hu/kulfold/cikk/2024/02/01/brusszelbol-jelentjuk-megbenitottak-a-varost-a-traktoros-tuntetesek-korulzartak-az-europai-parlamentet,2024-02-01,regular,
1154803978,20240130,USA,,172,17,-5.0,-4.95495495495496,https://www.nbcnews.com/health/health-news/ohio-reverses-flavored-menthol-tobacco-ban-rcna136194,2024-01-30,regular,
1155002004,20240131,USA,USA,160,16,-4.0,-5.33980582524271,https://www.independent.co.uk/news/world/americas/us-politics/alina-habba-claim-roberta-kaplan-b2488222.html,2024-01-31,regular,
1155664872,20240204,JPN,,100,10,-5.0,-2.12922173274596,https://www.patheos.com/blogs/thereligioushistorynerd/2024/02/the-26-martyrs-of-nagasaki/,2024-02-04,regular,
1155543855,20240203,DEU,,173,17,-5.0,-9.44881889763775,https://dailypost.ng/2024/02/03/stakeholders-intensify-campaign-as-sexual-assault-persists/,2024-02-03,regular,
1155301215,20240202,,USA,100,10,-5.0,1.77777777777778,https://www.keranews.org/education/2024-02-01/advocates-call-on-texas-education-officials-to-approve-american-indian-native-studies-course,2024-02-02,regular,
1155140340,20240201,CHN,SWE,130,13,-4.4,-2.19780219780219,https://www.lapatilla.com/2024/02/01/la-amenaza-de-mal-tiempo-empana-el-ano-nuevo-chino-mas-celebrado-despues-de-la-pandemia/,2024-02-01,regular,
1154800388,20240130,USA,,173,17,-5.0,-2.78207109737249,https://news.yahoo.com/nevada-fake-electors-supported-trump-195039476.html,2024-01-30,regular,
1155053582,20240201,USA,,172,17,-5.0,-6.00649350649351,https://www.bbc.com/news/business-68157268,2024-02-01,regular,
1154850165,20240131,USA,,173,17,-5.0,-6.01851851851852,https://www.wbir.com/article/news/crime/man-convicted-of-trying-to-traffic-guns-and-drugs/51-652e1c64-b962-494a-b946-c7adb430b40a,2024-01-31,regular,
1155088466,20240201,CHN,GBR,181,18,-9.0,-11.1731843575419,https://www.rfa.org/english/news/china/hong-kong-protests-jimmy-lai-china-torture-01312024214058.html,2024-02-01,regular,
1154989846,20240131,,GBR,173,17,-5.0,-14.0368852459016,https://www.salemnews.net/news/police-and-court-reports/2024/01/court-news-393/,2024-01-31,regular,
1154396890,20240129,,CHN,100,10,-5.0,2.27272727272727,https://telecom.economictimes.indiatimes.com/news/devices/users-of-samsungs-new-galaxy-ai-features-may-have-to-pay-in-the-future/107213861,2024-01-29,regular,
1154928840,20240131,USA,,130,13,-4.4,-0.60386473429951,"https://mexicoledger.com/stories/state-rep-says-dysfunction-is-causing-chaos,67374",2024-01-31,regular,
1154387160,20240129,USA,,141,14,-6.5,1.25,https://www.5newsonline.com/article/news/politics/pro-choice-rally-fayetteville-arkansas/527-912d944e-c8f3-471d-9696-9ec54c3c0a04,2024-01-29,regular,
1155593132,20240203,RUS,,175,17,-9.0,-3.61990950226244,https://www.ledauphine.com/defense-guerre-conflit/2024/02/03/des-journalistes-interpelles-lors-d-une-manifestation-de-femmes-de-soldats,2024-02-03,regular,
1155386159,20240202,RUS,,172,17,-5.0,-7.29927007299272,https://pda.chel.kp.ru/online/news/5656015/,2024-02-02,regular,
1154681708,20240130,USA,,130,13,-4.4,-0.43383947939263,https://www.theoaklandpress.com/2024/01/30/carpool-lane-enforcement-now-in-effect-on-i-75/,2024-01-30,regular,
1155307815,20240202,USA,,173,17,-5.0,-6.8,https://news4sanantonio.com/news/local/boerne-police-and-texas-dps-joint-operation-apprehends-eight-men-in-prostitution-sting-people-crime-safety-children-danger-canyon-lake-poteet-san-antonio-pleasanton,2024-02-02,regular,
1155090772,20240201,USA,,173,17,-5.0,-7.77777777777778,https://mynewsla.com/crime/2024/01/31/suspect-in-topanga-nordstrom-flash-robbery-arrested/,2024-02-01,regular,
1155281352,20240202,USA,,173,17,-5.0,-10.077519379845,https://www.eastidahonews.com/2024/02/man-accused-of-murdering-young-mother-appears-in-court-prosecutor-plans-to-pursue-death-penalty/,2024-02-02,regular,
1155646610,20240204,USA,USA,173,17,-5.0,-4.15537488708221,https://www.sott.net/article/488533-Trump-prosecutor-Fani-Willis-ADMITS-she-had-an-affair-with-associate-prosecute-Nathan-Wade,2024-02-04,regular,
1154837458,20240131,GBR,,173,17,-5.0,-3.46020761245675,https://www.clickorlando.com/news/local/2024/01/31/passengers-arrested-after-150-pounds-of-marijuana-found-on-florida-cruise/,2024-01-31,regular,
1161016524,20240301,USA,,130,13,-4.4,-2.70270270270271,https://edition.cnn.com/2024/02/29/media/catherine-herridge-contempt-refusing-to-reveal-sources/,2024-03-01,regular,
1160801211,20240229,GBR,,172,17,-5.0,-2.34014011029959,https://www.almanar.com.lb/11701010,2024-02-29,regular,
1161162728,20240301,USA,,182,18,-9.5,-4.34782608695652,https://www.yahoo.com/news/pregnant-amish-woman-found-dead-152738035.html,2024-03-01,regular,
1161245662,20240302,,USA,181,18,-9.0,3.79746835443038,https://www.silive.com/news/2024/03/longest-serving-corrections-officer-walter-nelson-is-honored-by-elected-officials.html,2024-03-02,regular,
1161396758,20240303,USA,,172,17,-5.0,-1.64424514200299,https://www.havasunews.com/opinion/michael-reagan-nikki-it-s-time-to-fold-your-losing-hand/article_59318356-d918-11ee-a5cb-43620a398394.html,2024-03-03,regular,
1160859708,20240229,RUS,UKR,173,17,-5.0,-7.86885245901639,https://adevarul.ro/stiri-externe/europa/rusia-incearca-sa-sparga-apararea-ucraineana-la-2343868.html,2024-02-29,regular,
1160496860,20240228,RUS,SWE,130,13,-4.4,-4.06360424028269,https://english.news.cn/20240228/0ebd934f428248d0bd1fecb24591744d/c.html,2024-02-28,regular,
1160260284,20240227,ISR,USA,145,14,-7.5,-0.41876046901172,https://www.cairnspost.com.au/news?nk=80d3ee4df113141cc24490235d7d7e32-1708994816,2024-02-27,regular,
1161183652,20240301,AUS,GBR,130,13,-4.4,-6.41458474004051,https://www.jpost.com/opinion/article-789713,2024-03-01,regular,
1160464127,20240227,USA,,141,14,-6.5,2.48091603053435,https://www.durangoherald.com/articles/a-week-out-from-the-primary-presidential-hopeful-nikki-haley-is-visiting-colorado/,2024-02-27,regular,
1160741241,20240228,USA,,100,10,-5.0,-5.3125,https://news.yahoo.com/mind-blowing-gop-contradictions-sketchy-221845764.html,2024-02-28,regular,
1160045624,20240226,,USA,130,13,-4.4,-0.69930069930069,https://www.thenews.com.pk/print/1161642-trump-wins-south-carolina-beating-nikki-haley-in-her-home-state,2024-02-26,regular,
1160842431,20240229,USA,ISR,173,17,-5.0,-3.25581395348838,https://www.kmfm.co.uk/news/entertainment/euphoria-star-hunter-schafer-arrested-at-pro-palestinian-protest-in-new-york-city-during-joe-biden-tv-appearance/,2024-02-29,regular,
1160255405,20240227,USA,,138,13,-7.0,1.22549019607843,https://www.echopress.com/news/minnesota/minnesota-presidential-election-competitive-party-chairs-say,2024-02-27,regular,
1160752852,20240229,PSE,GBR,173,17,-5.0,-6.29213483146067,https://www.jpost.com/diaspora/antisemitism/article-789482,2024-02-29,regular,
1161414675,20240303,,DEU,101,10,-5.0,-3.75,https://www.thelocal.de/20240303/germany-caught-out-by-leak-of-secret-ukraine-war-talks,2024-03-03,regular,
1160615787,20240228,GBR,,1712,17,-9.2,1.45922746781116,https://www.thenational.scot/culture/bestofscotland/24148386.trip-selkirk-independent-shops-flourishing/,2024-02-28,regular,
1160264612,20240227,ISR,USA,1384,13,-7.0,-5.4176072234763,https://www.bfmtv.com/international/amerique-nord/etats-unis/un-militaire-americain-meurt-apres-s-etre-immole-devant-l-ambassade-d-israel-a-washington_AD-202402261078.html,2024-02-27,regular,
1228746850,20240226,USA,,172,17,-5.0,-6.99300699300699,https://www.wabi.tv/2025/02/25/maines-high-court-upholds-murder-sentence-man-who-killed-his-girlfriend-acadia-np/,2024-02-26,regular,
1161113207,20240301,,DEU,173,17,-5.0,-8.75912408759124,https://www.exberliner.com/english-news-berlin/grenade-kreuzberg-apartment-ex-raf-terrorist-daniela-klette-arrest/,2024-03-01,regular,
1161070771,20240301,,RUS,186,18,-10.0,-8.87573964497042,https://jang.com.pk/news/1325999,2024-03-01,regular,
1160236836,20240226,,USA,134,13,-5.8,-11.1111111111111,https://hayspost.com/posts/870a536b-b665-4909-b597-3b078c8a5616,2024-02-26,regular,
1161041360,20240301,GBR,PSE,130,13,-4.4,-3.49544072948329,https://www.express.co.uk/news/politics/1872474/George-Galloway-victory-by-election,2024-03-01,regular,
1161237087,20240302,USA,,173,17,-5.0,-6.79611650485437,https://www.beckersasc.com/asc-news/4-physician-drug-legal-battles-in-3-weeks.html,2024-03-02,regular,
1161111418,20240301,USA,USA,173,17,-5.0,-10.0686498855835,https://www.usnews.com/news/top-news/articles/2024-03-01/colorado-judge-to-sentence-paramedic-for-elijah-mcclain-killing,2024-03-01,regular,
1160651984,20240228,RUS,EUR,154,15,-7.2,-2.4822695035461,https://www.euronews.com/my-europe/2024/02/28/with-or-without-us-support-we-cannot-let-russia-win-says-ursula-von-der-leyen,2024-02-28,regular,
1160675700,20240228,USA,,1821,18,-9.0,-1.5527950310559,https://news.yahoo.com/inside-gop-fight-over-trump-160824606.html,2024-02-28,regular,
1160730989,20240228,USA,,173,17,-5.0,-1.48809523809523,https://www.foxnews.com/tech/swat-team-stormed-my-house,2024-02-28,regular,
1160638710,20240228,USA,ISR,162,16,-5.6,-1.78970917225951,https://abcnews.go.com/Politics/michigan-sends-stark-messages-biden-trump-analysis/story?id=107624819,2024-02-28,regular,
1160644405,20240228,RUS,RUS,173,17,-5.0,-4.41176470588236,https://news.yahoo.com/arrests-possible-alexei-navalnys-funeral-131601772.html,2024-02-28,regular,
1160484739,20240227,USA,,180,18,-9.0,-8.2111436950147,https://www.cbs17.com/news/north-carolina-news/man-connected-to-2017-armed-home-invasion-sentenced-to-20-years-in-nc-dept-of-adult-corrections-deputies-say/,2024-02-27,regular,
1160383006,20240226,USA,SDN,163,16,-8.0,0.317460317460321,https://www.dabangasudan.org/en/all-news/article/washington-names-new-us-special-envoy-to-sudan,2024-02-26,regular,
1160861679,20240229,,GBR,130,13,-4.4,1.85185185185185,https://www.gazzetta.gr/gmotion/2310272/f1-horner-i-red-bull-einai-pio-enomeni-apo-pote-vid,2024-02-29,regular,
1161201227,20240301,USA,,173,17,-5.0,-7.11111111111109,https://www.reformer.com/local-news/vermont-supreme-court-upholds-contempt-sanctions-against-banyai/article_0663c918-d80f-11ee-83c2-23363f4c68d9.html,2024-03-01,regular,
1160397534,20240227,,USA,173,17,-5.0,-7.47126436781609,https://www.wbrc.com/2024/02/27/methodist-minister-accused-dealing-meth-arrested-again-police-say/,2024-02-27,regular,
1160082369,20240226,USA,,182,18,-9.5,-7.76119402985075,https://www.wfae.org/education/2024-02-23/a-suspect-has-been-arrested-after-a-woman-was-found-dead-near-a-lake-on-ugas-campus,2024-02-26,regular,
1160262214,20240227,,USA,100,10,-5.0,-1.04031209362808,https://me.smenet.org/webContent.cfm?webarticleid=4662,2024-02-27,regular,
1160226725,20240226,USA,,173,17,-5.0,-4.46194225721785,https://news.yahoo.com/virginia-man-convicted-child-sex-193756061.html,2024-02-26,regular,
1229891753,20240303,USA,USA,173,17,-5.0,-8.26086956521739,https://gazette.com/news/wex/supreme-court-sides-with-utah-high-court-in-overturning-man-s-death-sentence/article_48de8adc-4e48-533a-b70c-bb7576d0a376.html,2024-03-03,regular,
1160526436,20240228,FRA,RUS,138,13,-7.0,1.64473684210526,https://zn.ua/ukr/europe/posol-u-frantsiji-prokomentuvav-slova-makrona-pro-vijskovikh-nato-v-ukrajini.html,2024-02-28,regular,
1161055932,20240301,USA,,141,14,-6.5,-4.5929018789144,https://www.cecildaily.com/opinion/columns/today-in-history-march-1/article_6aa76990-d763-11ee-b0ee-bb4fc26c0668.html,2024-03-01,regular,
1161107738,20240301,,USA,141,14,-6.5,2.85714285714286,https://rivernewsonline.com/news/2024/mar/01/bernice-bo-purmal/,2024-03-01,regular,
1160693354,20240228,GBR,,172,17,-5.0,-6.16113744075829,https://www.farminguk.com/news/welsh-e-collar-ban-needs-urgent-rethink-amid-quadrupling-of-dog-attacks_64251.html,2024-02-28,regular,
1161235933,20240302,GBR,,154,15,-7.2,-0.72207289663322,https://uk.news.yahoo.com/relaxed-encounter-leaders-venezuela-guyana-005638742.html,2024-03-02,regular,
1160480324,20240227,UKR,RUS,1712,17,-9.2,-5.31107738998483,https://www.dailymail.co.uk/news/article-13132985/Putins-AI-threat-democracy-Russian-spies-developed-artificial-intelligence-cyber-tool-spread-disinformation-meddle-elections-West.html,2024-02-27,regular,
1161344976,20240302,ISR,FRA,164,16,-7.0,-5.71817562968005,https://www.inewsgr.com/421/rafa-diavoulefseis-gia-na-apofefchthei-i-chersaia-eisvoli-me-ton-netaniachou-na-epimenei-gia-nea-sfagi.htm,2024-03-02,regular,
1160709070,20240228,RUS,UKR,100,10,-5.0,-2.49201277955271,https://www.irozhlas.cz/zpravy-svet/izrael-palestina-mezinarodni-soud_2402281941_ank,2024-02-28,regular,
1160104439,20240226,GBR,,141,14,-6.5,-7.51113940165499,https://www.foodmanufacture.co.uk/Article/2024/02/26/What-is-the-Economic-Crime-and-Corporate-Transparency-Act,2024-02-26,regular,
1160436241,20240227,PRK,JPN,150,15,-7.2,-0.75853350189633,https://thediplomat.com/2024/02/will-kim-jong-un-meet-with-japans-prime-minister-kishida/,2024-02-27,regular,
1161108543,20240301,USA,JPN,181,18,-9.0,-1.76,https://kjzz.org/content/1872490/ira-hayes-helped-raise-flag-iwo-jima-heres-how-his-tribe-celebrates-complicated-hero,2024-03-01,regular,
1161250293,20240302,,USA,173,17,-5.0,-1.82926829268293,https://www.kxxv.com/homeless-residents-in-a-suburb-of-seattle-struggle-with-camping-ban,2024-03-02,regular,
1160195905,20240226,BGR,RUS,172,17,-5.0,-3.19148936170212,https://www.voanews.com/a/bulgaria-issues-eu-entry-ban-on-2-russians-suspected-of-espionage/7503095.html,2024-02-26,regular,
1161051891,20240301,RUS,WST,130,13,-4.4,-7.59911894273128,https://www.nbcnewyork.com/news/business/money-report/ukraines-losses-on-the-battlefield-could-make-the-war-more-dangerous-for-russia/5184248/,2024-03-01,regular,
1160441538,20240227,USA,,173,17,-5.0,-17.0,https://www.wdbj7.com/2024/02/27/federal-charge-dismissed-against-man-accused-school-threat/,2024-02-27,regular,
1161013948,20240301,,USA,143,14,-6.5,-1.41732283464567,"https://www.chronline.com/stories/final-push-in-legislature-for-unemployment-benefits-for-striking-workers,335610",2024-03-01,regular,
1160411463,20240227,,CHN,130,13,-4.4,-2.87081339712919,https://www.cnbc.com/2024/02/27/hes-shares-drop-as-fight-with-xom-over-guyana-oil-threatens-chevron-takeover.html,2024-02-27,regular,
1160295703,20240227,RUS,CAN,100,10,-5.0,-0.451467268623031,https://torontosun.com/entertainment/celebrity/maher-ripped-for-suggesting-california-governor-would-make-good-president,2024-02-27,regular,
1228566298,20240226,,USA,173,17,-5.0,-7.52475247524752,https://www.9news.com.au/world/usa-thieves-targeting-freight-trains-california-and-arizona-2m-worth-of-nikes/ef304036-a604-4b74-8f4e-0fd6761a901c,2024-02-26,regular,
1160588639,20240228,USA,PHL,172,17,-5.0,-5.53797468354431,https://www.guampdn.com/news/eligio-adriatico-who-killed-9-people-in-the-80s-seeks-new-sentence/article_a7b403f0-d5e9-11ee-958c-ef1597dadf1f.html,2024-02-28,regular,
1161386534,20240303,FRA,ISR,141,14,-6.5,-3.77358490566038,https://www.presstv.ir/Detail/2024/03/03/721165/France-Flour-Massacre-protest,2024-03-03,regular,
1161475910,20240303,DEU,,180,18,-9.0,-4.59272097053726,https://weeklyblitz.net/2024/03/04/german-terrorist-plot-youtubes-fresh-censorship-western-nations-thuggish-assault-on-independent-media/,2024-03-03,regular,
1160665856,20240228,USA,,100,10,-5.0,1.86915887850467,https://www.sanmarcosrecord.com/news/gov-greg-abbott-signals-support-ivf-texas-after-alabama-ruling,2024-02-28,regular,
1161193784,20240301,NOR,USA,173,17,-5.0,-10.2964118564743,https://www.nj.com/bergen/2024/03/5-suspects-charged-in-violent-robberies-that-targeted-watches.html,2024-03-01,regular,
1160613753,20240228,USA,MEX,160,16,-4.0,-3.98671096345515,https://ktrh.iheart.com/featured/houston-texas-news/content/2024-02-27-trouble-in-paradise-violence-spreads-to-mexico-tourist-areas/,2024-02-28,regular,
1160382398,20240227,,RUS,130,13,-4.4,-3.52941176470588,https://adevarul.ro/stiri-externe/rusia/kremlinul-avertizeaza-asupra-unui-conflict-2343296.html,2024-02-27,regular,
1161055181,20240301,FRA,FRA,173,17,-5.0,-1.52905198776759,https://addisstandard.com/news-french-journalist-antoine-galindo-released-after-a-week-of-imprisonment-left-ethiopia/,2024-03-01,regular,
1160660657,20240228,,RUS,173,17,-5.0,-3.19465081723625,https://news.yahoo.com/russia-captures-town-series-battlefield-150350598.html,2024-02-28,regular,
1160322952,20240227,UKR,RUS,130,13,-4.4,-6.16314199395771,https://www.strategypage.com/htmw/htworld/articles/20240227.aspx,2024-02-27,regular,
1161174682,20240301,USA,,180,18,-9.0,0.34965034965035,https://www.bangordailynews.com/2024/03/01/bangor/bangor-education/lawsuits-target-brewer-school-department-transgender-policy/,2024-03-01,regular,
1160969941,20240229,UKR,RUS,130,13,-4.4,-1.97368421052632,https://www.yahoo.com/news/ukraine-loses-nato-fight-russia-182119869.html,2024-02-29,regular,
1161089634,20240301,USA,USA,172,17,-5.0,-0.99950024987506,https://tass.com/pressreview/1754059,2024-03-01,regular,
1160684527,20240228,USA,,180,18,-9.0,-10.5726872246696,https://people.com/lauren-boebert-son-tyler-arrested-felony-theft-vehicle-trespass-8601510,2024-02-28,regular,
1161402077,20240303,CAN,USA,130,13,-4.4,-0.94073377234243,https://www.politico.com/news/2024/03/01/brian-mulroney-champion-of-canada-u-s-relations-dead-at-84-00144365,2024-03-03,regular,
1160813818,20240229,RUS,,154,15,-7.2,-4.28571428571428,https://www.informer.rs/planeta/vesti/880323/izginuli-ukrajinski-specijalci-rusi-ponovo-usli-u-robotine,2024-02-29,regular,
1160243735,20240226,USA,USA,161,16,-4.0,-3.88349514563107,https://krod.com/ixp/1121/p/arizona-residents-want-secession/,2024-02-26,regular,
1160549572,20240228,,USA,130,13,-4.4,-1.44110275689223,https://www.zerohedge.com/political/will-new-gavin-newsom-recall-effort-backfire-again,2024-02-28,regular,
1161076805,20240301,JPN,,180,18,-9.0,-3.84615384615384,https://www.aljazeera.com/news/2024/3/1/can-the-us-strikes-on-yemens-houthis-be-justified-as-self,2024-03-01,regular,
1160466326,20240227,RUS,,173,17,-5.0,-4.03503926905141,https://www.aftenposten.no/norge/i/mBKed4/nyhetsstudio-siste-nytt?pinnedEntry=97354,2024-02-27,regular,
1160767643,20240229,,USA,172,17,-5.0,-4.82654600301659,https://www.sandiegouniontribune.com/news/nation-world/story/2024-02-28/how-gun-accessories-called-bump-stocks-ended-up-before-the-u-s-supreme-court,2024-02-29,regular,
1160374178,20240227,,USA,140,14,-6.5,-1.50862068965517,https://ultimasnoticias.com.ve/noticias/el-informante/alto-a-la-mineria-ilegal/,2024-02-27,regular,
1161004462,20240301,USA,,100,10,-5.0,0.0,https://www.thenationalnews.com/world/us-news/2024/03/01/us-senators-allow-f-16-sale-to-turkey-as-part-of-nato-expansion-agreement/,2024-03-01,regular,
1160095346,20240226,IND,RUS,180,18,-9.0,-6.87285223367697,https://globalpunjabtv.com/23-year-old-indian-national-hired-as-security-helper-in-russia-killed-in-war-zone/,2024-02-26,regular,
1161095538,20240301,USA,,100,10,-5.0,-3.20121951219512,https://www.bdtonline.com/opinion/the-danger-created-by-our-foolish-government-is-real/article_71c88768-d727-11ee-b31d-db391ea9d4da.html,2024-03-01,regular,
1160131089,20240226,,RUS,141,14,-6.5,-2.0,https://www.gazetadopovo.com.br/mundo/aliado-de-putin-ditador-de-belarus-desde-1994-anuncia-candidatura-a-reeleicao/,2024-02-26,regular,
1160042465,20240226,USA,,141,14,-6.5,-6.13496932515337,https://foxsanantonio.com/news/local/activists-in-texas-protest-black-students-dreadlock-suspension-demand-policy-revision,2024-02-26,regular,
1160629223,20240228,RUS,WST,150,15,-7.2,-1.15273775216138,https://www.aa.com.tr/en/russia-ukraine-war/russia-to-take-extra-security-measures-against-hostile-rhetoric-from-nato-states-kremlin/3150036,2024-02-28,regular,
1160769484,20240229,CHN,,173,17,-5.0,-8.81458966565347,https://www.mvariety.com/news/chinese-boater-pleads-guilty-to-2022-arrival/article_57c66f96-d69c-11ee-9466-2f568e7bd06c.html,2024-02-29,regular,
1160059615,20240226,USA,ISR,144,14,-7.5,-7.14285714285714,https://katu.com/news/local/pro-palestinian-protest-briefly-backs-up-traffic-on-airport-way-portland-international-airport-multnomah-county-oregon-port-of,2024-02-26,regular,
1160340299,20240227,,USA,172,17,-5.0,-4.8780487804878,https://www.usnews.com/news/top-news/articles/2024-02-26/trump-appeals-355-million-ruling-in-ny-civil-fraud-case,2024-02-27,regular,
1160814427,20240229,GBR,GBR,141,14,-6.5,-6.75324675324675,https://www.frontpagemag.com/uk-politician-makes-a-dark-observation-about-her-country-today/,2024-02-29,regular,
1160227653,20240226,RUS,,138,13,-7.0,-1.33689839572193,https://spravy.pozri.sk/clanok/ruske-utoky-na-ukrajinu-poskodili-kazdu-siedmu-skolu-len-tretina-ukrajinskych-deti-moze-chodit-prezencne-do-skoly/1579538,2024-02-26,regular,
1160163494,20240226,USA,,140,14,-6.5,-8.77192982456141,https://www.presstv.ir/Detail/2024/02/26/720831/US-airman-Gaza-fire-Bushnell,2024-02-26,regular,
1160542802,20240228,CHN,,173,17,-5.0,-0.24630541871921,https://www.philippinetimes.com/news/274140016/the-20th-international-congress-on-luobing-theory-held-in-shijiazhuang,2024-02-28,regular,
1160122798,20240226,,USA,173,17,-5.0,-7.80487804878049,http://www.wrjo.com/2024/02/26/arrest-made-in-murder-of-kentucky-student-found-in-dorm-room/,2024-02-26,regular,
1160350616,20240227,RUS,,173,17,-5.0,-2.41157556270096,https://www.aftenposten.no/norge/i/mBKed4/nyhetsstudio-siste-nytt?pinnedEntry=97321,2024-02-27,regular,
1161072195,20240301,RUS,RUS,172,17,-5.0,-7.01219512195122,https://www.outlookindia.com/international/editor-of-top-independent-russian-newspaper-fined-for-allegedly-discrediting-military,2024-03-01,regular,
1160466324,20240227,RUS,,173,17,-5.0,-3.36115115835355,https://www.aftenposten.no/norge/i/mBKed4/nyhetsstudio-siste-nytt?pinnedEntry=97357,2024-02-27,regular,
1160251755,20240227,USA,,172,17,-5.0,-7.60998810939358,https://news.yahoo.com/gop-lawmaker-files-bill-add-232419513.html,2024-02-27,regular,
1161303193,20240302,USA,IND,182,18,-9.5,-2.4390243902439,https://www.firstpost.com/explainers/who-was-amarnath-ghosh-the-indian-classical-dancer-shot-dead-in-the-us-13744282.html,2024-03-02,regular,
1161048487,20240301,RUS,,1712,17,-9.2,-4.96894409937888,https://pda.spb.kp.ru/online/news/5697374/,2024-03-01,regular,
1168381855,20240407,,GBR,160,16,-4.0,-5.18417462482946,https://www.dailymail.co.uk/news/article-13281415/Dangerous-hay-fever-jab-effects-advertising-kenalog-triamcinolone.html,2024-04-07,regular,
1167468097,20240403,MEX,USA,100,10,-5.0,1.70454545454545,https://www.kob.com/new-mexico/unm-opens-truman-health-services-clinic-in-roswell/,2024-04-03,regular,
1167917901,20240405,RUS,WST,130,13,-4.4,-7.24137931034483,https://www.bignewsnetwork.com/news/274232673/take-no-nato-prisoners-medvedev,2024-04-05,regular,
1168089084,20240405,,USA,173,17,-5.0,-6.74373795761079,https://www.unionleader.com/news/courts/man-who-murdered-elderly-manchester-brothers-dead-of-natural-causes/article_a9bdcd54-f35b-11ee-ac76-774440aff08e.html,2024-04-05,regular,
1167603983,20240403,USA,,180,18,-9.0,-11.8421052631579,https://nebraska.tv/news/crime/registered-nebraska-sex-offender-charged-with-sexually-assaulting-a-child-in-york-county,2024-04-03,regular,
1167647189,20240403,USA,,160,16,-4.0,-6.94444444444444,https://www.kwqc.com:443/2024/04/03/several-agencies-respond-serious-crash-wednesday-whiteside-county/,2024-04-03,regular,
1167713031,20240404,FRA,,183,18,-10.0,-1.3599274705349,https://www.quotidianodelsud.it/laltravoce-dellitalia/gli-editoriali/economia/2024/04/04/i-superbonus-degli-altri-senza-crescita,2024-04-04,regular,
1167866630,20240404,USA,,130,13,-4.4,0.89801154586273,https://www.georgiapolicy.org/news/georgia-landowners-eminent-domain-case-could-force-judges-to-resolve-long-lingering-questions/,2024-04-04,regular,
1168349219,20240407,USA,,1712,17,-9.2,-0.90452261306533,https://www.newsminer.com/news/local_news/brick-by-brick-fairbanks-bids-farewell-to-polaris-building/article_604309e0-f442-11ee-ae45-4b9fffbd3b0e.html,2024-04-07,regular,
1167311426,20240402,USA,,130,13,-4.4,-1.14176974310181,https://hindi.oneindia.com/news/international/chinese-construction-of-naval-bases-in-bangladesh-and-cambodia-big-concern-for-india-and-america-907323.html,2024-04-02,regular,
1167979307,20240405,USA,,173,17,-5.0,-5.16385302879841,https://pjmedia.com/stephen-kruiser/2024/04/05/the-morning-briefing-n4927898,2024-04-05,regular,
1167540254,20240403,,USA,180,18,-9.0,-4.49022715266772,https://www.theatlantic.com/magazine/archive/2024/05/rob-portman-donald-trump-january-6-impeachment/677833/,2024-04-03,regular,
1167122428,20240401,USA,USA,100,10,-5.0,-3.23426573426574,https://www.businessinsider.com/us-veteran-in-ukraine-says-ammo-desperately-needed-not-tanks-2024-3,2024-04-01,regular,
1168391989,20240407,USA,FRA,174,17,-5.0,-1.36363636363636,https://www.dailymail.co.uk/news/article-13282081/Missing-Georgia-girl-7-Puerto-Rico-disappearing-nine-days-ago-glamorous-mother.html,2024-04-07,regular,
1167196383,20240401,RUS,UKR,1711,17,-9.2,-3.97022332506204,https://www.washingtontimes.com/news/2024/apr/1/marjorie-taylor-greene-rejects-speaker-johnsons-mo/,2024-04-01,regular,
1168311578,20240407,USA,CHN,130,13,-4.4,-1.86915887850467,https://www.ziarelive.ro/stiri/bloomberg-china-furnizeaza-rusiei-imagini-din-satelit-pentru-atacurile-din-ucraina.html,2024-04-07,regular,
1167560008,20240403,,EUR,141,14,-6.5,-0.917431192660549,https://www.elperiodicodearagon.com/economia/2024/04/03/afecta-nueva-obligacion-derechos-emision-100578150.html,2024-04-03,regular,
1168344781,20240407,GBR,,160,16,-4.0,-3.40909090909091,https://www.glassrpske.com/cir/novosti/svijet/oluja-otkazala-oko-140-letova-putnici-ostali-zaglavljeni-u-vise-gradova/517918,2024-04-07,regular,
1167834097,20240404,KGZ,RUS,143,14,-6.5,-3.78787878787879,https://www.rbc.ru/textonlines/04/04/2024/6216fb4d9a79474dc80e8821,2024-04-04,regular,
1167766907,20240404,RUS,,130,13,-4.4,1.38888888888889,https://www.blesk.cz/clanek/zpravy-politika/782854/fiala-v-blesku-o-munici-pro-ukrajinu-v-kldr-nenakupujeme-a-proc-pomoc-resi-v-tajnem-rezimu.html,2024-04-04,regular,
1167175664,20240401,CHN,PHL,1712,17,-9.2,-2.6976395653803,https://www.memri.org/reports/rising-tensions-south-china-sea-china-continues-targeting-philippines-%E2%80%93-chinese-foreign,2024-04-01,regular,
1167334640,20240402,UKR,RUS,1384,13,-7.0,-3.39506172839506,https://newizv.ru/news/2024-04-02/cnn-drony-vsu-atakuyuschie-rossiyskie-zavody-nadeleny-iskusstvennym-intellektom-428817,2024-04-02,regular,
1173867549,20240405,USA,,1821,18,-9.0,-8.18713450292398,https://www.eastvalleytribune.com/yavapai-sheriff-seeks-info-on-alleged-mesa-rapist/article_bb4ed80c-6367-5951-abb3-259e5928b9e5.html,2024-04-05,regular,
1167387429,20240402,RUS,JPN,130,13,-4.4,-5.49450549450549,https://www.mk.ru/politics/2024/04/02/ikh-bolshe-net-zapad-nepriyatno-udivil-zelenskogo-posle-podryva-patriot.html,2024-04-02,regular,
1173800254,20240404,CHN,KHM,130,13,-4.4,-1.84899845916795,https://www.rfa.org/english/commentaries/cambodia-vietnam-canal-05042024101041.html,2024-04-04,regular,
1167572028,20240403,NLD,DEU,172,17,-5.0,-2.67716535433071,https://albeu.com/lajme/historia-e-28-vjecares-qe-do-i-jape-fund-jetes-ne-maj-permes-eutanazise-rrefen-arsyen-e-vendimit/659187/,2024-04-03,regular,
1168314279,20240407,CHN,USA,100,10,-5.0,-0.83565459610028,https://expresso.pt/internacional/asia/china/2024-04-07-China-quer-ser-parceira-e-nao-adversaria-dos-EUA-diz-primeiro-ministro-chines-a291a5c3,2024-04-07,regular,
1167919316,20240405,,USA,100,10,-5.0,0.23866348448687,https://www.independentsentinel.com/some-dems-want-sonia-sotomayor-to-retire-before-she-dies/,2024-04-05,regular,
1168178307,20240406,,RUS,1711,17,-9.2,0.41407867494824,https://www.mk.ru/economics/2024/04/06/ssha-stali-prorabatyvat-arest-rossiyskikh-aktivov-na-milliardy-dollarov-dlya-ukrainy.html,2024-04-06,regular,
1167576473,20240403,,CHN,100,10,-5.0,3.97912589693411,https://www.ieyenews.com/amr-2024-concludes-with-participants-feeling-empowered-to-take-on-advancements-in-the-automotive-industry/,2024-04-03,regular,
1168072063,20240405,UKR,RUS,138,13,-7.0,-2.85714285714286,https://www.alo.rs/vesti/ukrajina/891937/ozbilja-pretnja-ukrajini-ameri-otkrili-sta-odlucuje-o-ishodu-rata-rusija-pobeduje/vest,2024-04-05,regular,
1168023228,20240405,USA,,160,16,-4.0,-4.47976878612717,https://www.independent.co.uk/news/world/americas/fort-lauderdale-crane-bridge-construction-worker-b2523805.html,2024-04-05,regular,
1167576781,20240403,ISR,USA,130,13,-4.4,-8.75912408759124,https://www.dailynewsegypt.com/2024/04/03/opinion-the-israeli-dilemma/,2024-04-03,regular,
1167645935,20240403,AFG,USA,152,15,-7.2,-0.58309037900875,https://localnews8.com/news/national-world/cnn-national/2024/04/03/antony-blinken-fast-facts-3/,2024-04-03,regular,
1168333325,20240407,USA,,174,17,-5.0,-2.52173913043478,https://www.washingtonpost.com/books/2024/04/07/lionel-shriver-mania-novel-review/,2024-04-07,regular,
1167727069,20240404,,RUS,180,18,-9.0,-1.85445349817364,https://www.greanvillepost.com/2024/04/03/why-gramsci-is-so-relevant-today/,2024-04-04,regular,
1167578636,20240403,RUS,,1712,17,-9.2,-4.47284345047923,https://konkret24.tvn24.pl/swiat/w-kijowie-zniszczone-zostaly-bazy-wojskowe-i-siedziby-sluzb-bezpieczenstwa-ukrainy-nie-st7850090,2024-04-03,regular,
1167671860,20240403,,USA,173,17,-5.0,-4.34782608695652,https://www.natchezdemocrat.com/2024/04/03/man-sentenced-to-life-in-prison-for-murder-of-vidalia-educator/,2024-04-03,regular,
1168138154,20240406,,USA,100,10,-5.0,-5.14112903225806,https://www.sgvtribune.com/2022/07/01/mongols-motorcycle-club-says-its-ex-president-was-a-government-rat/,2024-04-06,regular,
1167891019,20240404,WST,RUS,160,16,-4.0,-5.83333333333333,https://www.financial-world.org/news/news/crimes/25559/finland-closed-the-entire-border-with-russia-indefinitely/,2024-04-04,regular,
1167345996,20240402,DEU,EUR,138,13,-7.0,-0.61919504643963,https://www.marketscreener.com/quote/index/DAX-7395/news/Statements-on-defense-budget-drive-defense-stocks-higher-46339157/,2024-04-02,regular,
1167546888,20240403,,RUS,130,13,-4.4,-2.02020202020202,https://piter.tv/event/gibdd_spb_prizivaet_voditelej_k_ostorozhnosti_/,2024-04-03,regular,
1168104002,20240405,,GBR,130,13,-4.4,-6.0,https://www.yahoo.com/news/snow-rain-wind-warnings-ahead-063722057.html,2024-04-05,regular,
1167430804,20240402,,USA,173,17,-5.0,-12.1739130434782,https://www.dailycitizen.news/news/local_news/area-arrests-for-april-3/article_e2f12888-f0ee-11ee-86bd-470bd10b937e.html,2024-04-02,regular,
1167677149,20240403,BWA,DEU,172,17,-5.0,-2.83687943262411,https://news.yahoo.com/botswana-threatens-send-20-000-135022534.html,2024-04-03,regular,
1167689098,20240404,USA,,173,17,-5.0,-3.38266384778013,https://www.kvpr.org/local-news/2024-04-03/city-council-will-consider-expanding-the-powers-of-fresno-city-attorney-again,2024-04-04,regular,
1168247848,20240406,,USA,173,17,-5.0,-7.48898678414097,https://www.wpsdlocal6.com/news/tennessee-principal-teacher-indicted-after-investigation/article_4fe19cc2-f453-11ee-8431-179a3a33adbf.html,2024-04-06,regular,
1167451779,20240403,USA,,172,17,-5.0,1.07874865156419,https://www.marketplace.org/2024/04/02/tiktok-ban-would-be-bad-news-for-beauty-brands-that-advertise-on-it/,2024-04-03,regular,
1167435683,20240402,USA,USA,1721,17,-5.0,-4.66148723640399,https://www.yahoo.com/news/democrats-florida-6-week-abortion-212121218.html,2024-04-02,regular,
1235916358,20240403,GBR,,1014,10,-5.0,-4.0,https://www.breakingnews.ie/ireland/government-failure-to-order-public-inquiry-into-sean-brown-murder-cannot-stand-1747962.html,2024-04-03,regular,
1168226915,20240406,USA,,144,14,-7.5,-9.2669432918396,https://www.breitbart.com/2024-election/2024/04/05/watch-pro-palestinian-protesters-berate-hillary-clinton-after-biden-fundraiser-stop-holding-fundraisers-for-genocide/,2024-04-06,regular,
1168153428,20240406,,USA,180,18,-9.0,-8.28571428571429,https://www.sharonherald.com/news/police-news-for-april-6-2024/article_173e408c-f2aa-11ee-afc1-f3ffe7ce3cdc.html,2024-04-06,regular,
1167533788,20240403,,RUS,163,16,-8.0,3.2258064516129,http://www.avaz.ba/vijesti/globus/895644/kameron-nato-saveznice-trebaju-pojacati-potrosnju-i-proizvodnju-za-vojsku,2024-04-03,regular,
1167757055,20240404,USA,USA,130,13,-4.4,-5.65217391304348,http://www.ruthfullyyours.com/2024/04/04/desantis-responds-after-learning-biden-has-flown-300000-migrants-to-florida-they-dont-give-us-information-james-lynch/,2024-04-04,regular,
1167899790,20240404,RUS,,1712,17,-9.2,-0.78125,http://biz.heraldcorp.com/view.php?ud=20240405050017,2024-04-04,regular,
1167513710,20240403,USA,,172,17,-5.0,-10.1101749837978,https://www.morningjournalnews.com/news/court-news/2024/04/municipal-716/,2024-04-03,regular,
1167791145,20240404,RUS,RUS,174,17,-5.0,-2.41286863270778,https://kresy.pl/wydarzenia/media-niemieckie-firmy-pomagaja-rosjanom-w-odbudowie-mariupola/,2024-04-04,regular,
1168163645,20240406,GBR,,173,17,-5.0,-5.14223194748359,https://timesofmalta.com/article/let-call-sudden-wealth-syndrome.1090536,2024-04-06,regular,
1167909673,20240405,USA,,172,17,-5.0,1.42857142857143,https://listen.sdpb.org/politics/2024-04-04/ost-president-criticizes-gov-noems-uninvited-appearance-at-pe-sla-meeting,2024-04-05,regular,
1167203039,20240401,ISR,USA,154,15,-7.2,-8.62745098039215,https://politicaldog101.com/2024/04/hamasisrael-conflict-day-175-israeli-military-keeps-hunting/,2024-04-01,regular,
1167776158,20240404,USA,,180,18,-9.0,-12.7483443708609,https://www.yahoo.com/news/later-ohio-law-making-strangulation-100319045.html,2024-04-04,regular,
1168141024,20240406,RUS,,130,13,-4.4,-4.53333333333334,https://www.livemint.com/news/world/india-and-pakistan-tried-to-interfere-in-canadian-elections-its-top-spy-agency-claims-11712367472740.html,2024-04-06,regular,
1167376222,20240402,,GBR,172,17,-5.0,6.54205607476635,https://www.morningadvertiser.co.uk/Article/2024/04/02/publican-awards-2024-best-late-night-operator-winner,2024-04-02,regular,
1167397511,20240402,,EUR,130,13,-4.4,-5.31062124248497,https://troymedia.com/world/to-prevent-another-world-war-europe-must-support-ukraine/,2024-04-02,regular,
1167699765,20240404,USA,ISR,145,14,-7.5,-2.54237288135593,https://www.wsws.org/en/articles/2024/04/04/urss-a04.html,2024-04-04,regular,
1167534784,20240403,CHN,,1721,17,-5.0,-4.77941176470588,https://www.insurancejournal.com/news/international/2024/04/03/767725.htm,2024-04-03,regular,
1167052546,20240401,RUS,RUS,173,17,-5.0,-3.77019748653501,https://www.understandingwar.org/backgrounder/russian-offensive-campaign-assessment-march-31-2024,2024-04-01,regular,
1167486704,20240403,RUS,USA,173,17,-5.0,-4.34782608695652,https://www.ziarelive.ro/stiri/putin-doreste-ca-economia-rusa-sa-fie-in-primele-4-economii-ale-lumii-peste-un-an.html,2024-04-03,regular,
1167807453,20240404,UKR,RUS,180,18,-9.0,-2.5706940874036,https://netpress.com.mk/ruskite-sili-pogodile-centar-za-tenkovska-obuka-vo-harkov-tvrdi-lebedev/,2024-04-04,regular,
1167620015,20240403,ARM,RUS,161,16,-4.0,-3.57142857142858,https://tass.com/politics/1770143,2024-04-03,regular,
1167786065,20240404,FRA,,173,17,-5.0,-8.11965811965814,https://www.midilibre.fr/2024/04/04/lacteur-de-plus-belle-la-vie-rachid-hafassa-condamne-a-6-mois-de-prison-pour-avoir-agresse-un-chauffeur-de-bus-a-marseille-11869388.php,2024-04-04,regular,
1167209950,20240401,,USA,182,18,-9.5,-4.61538461538461,https://www.yahoo.com/news/1988-killing-gloucester-woman-still-192451889.html,2024-04-01,regular,
1167524576,20240403,USA,,160,16,-4.0,-4.18250950570342,https://www.chicagobusiness.com/politics/after-israel-kills-aid-workers-durbin-believes-public-sentiment-gaza-turning,2024-04-03,regular,
1167114979,20240401,FRA,,160,16,-4.0,-2.20125786163522,https://www.marketscreener.com/news/latest/Mali-political-parties-request-elections-after-junta-shuns-transition-promise-46328799/,2024-04-01,regular,
1168110127,20240405,JPN,,173,17,-5.0,-8.37209302325582,https://www.jewishledger.com/2024/04/israeli-embassy-in-the-hague-firebombed-no-injuries/,2024-04-05,regular,
1168358959,20240407,USA,,134,13,-5.8,-6.27853881278538,https://www.fox35orlando.com/news/florida-crime-files-mom-accused-of-threatening-daughters-classmate-on-tiktok,2024-04-07,regular,
1168241750,20240406,,USA,172,17,-5.0,-2.04081632653061,https://www.theportugalnews.com/news/2024-04-06/social-media/87507,2024-04-06,regular,
1167498431,20240403,RUS,UKR,180,18,-9.0,-3.06122448979592,https://politicaldog101.com/2024/04/ukraine-update767-days-of-the-russian-conflict-ukraine-draft-age-lowered-for-more-troops/,2024-04-03,regular,
1167626428,20240403,USA,,180,18,-9.0,-14.7826086956522,https://www.wxxv25.com/louisiana-man-charged-with-assault-for-allegedly-attacking-man-with-crowbar/,2024-04-03,regular,
1168309303,20240407,USA,,100,10,-5.0,-5.92503022974607,https://news.meaww.com/as-long-as-he-goes-to-jail-internet-slams-donald-trump-for-comparing-himself-to-nelson-mandela-amid-expanded-gag-order,2024-04-07,regular,
1167733382,20240404,,USA,172,17,-5.0,-3.80952380952381,https://kstp.com/kstp-news/top-news/us-attorney-for-minnesota-takes-nearly-80-gang-members-off-the-street/,2024-04-04,regular,
1167838124,20240404,USA,,173,17,-5.0,-8.7037037037037,https://www.fox5ny.com/news/nyc-migrant-squatters-ice,2024-04-04,regular,
1168082916,20240405,USA,,173,17,-5.0,-4.66786355475764,https://www.kolotv.com/2024/04/05/nevada-man-sentenced-20-years-selling-fentanyl-that-nearly-killed-utah-resident/,2024-04-05,regular,
1168213758,20240406,USA,USA,180,18,-9.0,-10.2409638554217,https://krocnews.com/chicago-man-raped-young-girl-rochester-mn/,2024-04-06,regular,
1168117051,20240405,USA,,130,13,-4.4,-1.15329168668909,https://www.dailybreeze.com/2024/04/05/controversial-plan-takes-shape-to-protect-joshua-trees-from-climate-change-fire-and-development/,2024-04-05,regular,
1167707143,20240404,RUS,AZE,100,10,-5.0,0.0,https://www.azernews.az/region/224147.html,2024-04-04,regular,
1168351008,20240407,USA,,134,13,-5.8,-3.02363936228697,https://www.dakotanewsnow.com/2024/04/04/supreme-court-case-could-impact-out-of-state-abortions-south-dakotans/,2024-04-07,regular,
1167373859,20240402,,USA,173,17,-5.0,-3.53063343717549,https://www.al.com/news/2024/04/a-third-alabama-city-considers-ticketing-low-level-marijuana-offenses.html,2024-04-02,regular,
1167905352,20240404,RUS,RUS,180,18,-9.0,-8.23754789272027,https://aidas.us/rusija-gali-buti-terorizmo-auka-net-jei-ji-vykdo-jos-vadovybe,2024-04-04,regular,
1167383013,20240402,DEU,,141,14,-6.5,-2.39234449760766,https://www.cadtm.org/Ist-International-Antifascist-Conference,2024-04-02,regular,
1168373432,20240407,USA,PSE,181,18,-9.0,-2.52206809583859,https://www.foxnews.com/politics/mother-american-abducted-hamas-cease-fire-without-releasing-hostages-death-sentence-them,2024-04-07,regular,
1168190400,20240406,USA,MEX,182,18,-9.5,-2.13358070500927,https://www.star-telegram.com/news/local/fort-worth/article287391115.html,2024-04-06,regular,
1167839938,20240404,CHN,NZL,130,13,-4.4,1.10837438423646,https://www.rnz.co.nz/news/political/513458/aukus-pillar-two-defence-minister-judith-collins-meets-with-top-us-military-contractor,2024-04-04,regular,
1168287242,20240407,USA,,173,17,-5.0,-8.33333333333337,https://www.wdef.com/tennessee-legislature-to-debate-child-rape-death-penalty-bill/,2024-04-07,regular,
1167465054,20240403,,USA,173,17,-5.0,-9.39597315436243,https://www.kltv.com/2024/04/02/longview-man-spend-45-years-behind-bars-vengeance-murder/,2024-04-03,regular,
1167953435,20240405,CHN,PHL,182,18,-9.5,-2.14007782101167,https://www.scmp.com/week-asia/politics/article/3257934/us-philippine-military-drills-along-south-china-sea-risk-beijings-ire-thats-their-problem,2024-04-05,regular,
1167534321,20240403,,RUS,141,14,-6.5,-10.6115107913669,https://glavred.info/world/putin-prokololsya-s-zayavleniyami-o-terakte-v-krokuse-v-isw-ukazali-na-protivorechiya-10555019.html,2024-04-03,regular,
1167736061,20240404,USA,,130,13,-4.4,-1.23583934088569,https://www.austinchronicle.com/news/2024-04-05/first-ever-appraisal-district-election-is-small-battle-in-gop-dem-war-over-taxation-in-texas/,2024-04-04,regular,
1167395440,20240402,,CHN,1721,17,-5.0,-1.34788189987163,https://thediplomat.com/2024/04/de-riskings-blind-spot-chinas-targeting-of-global-civil-society/,2024-04-02,regular,
1167196086,20240401,,USA,173,17,-5.0,-6.99300699300699,https://www.wandtv.com/news/danville-man-sentenced-to-life-for-brutal-murders-of-two-men-in-2020/article_f41c0e3c-f04b-11ee-a8bd-4f78919ec7f5.html,2024-04-01,regular,
1172686850,20240429,RUS,UKR,130,13,-4.4,-8.33333333333333,https://biztoc.com/x/8bbf34cc55ffd30f,2024-04-29,regular,
1173553145,20240503,RUS,,160,16,-4.0,-1.62337662337662,https://lenta.ru/news/2024/05/03/stalo-nashe/,2024-05-03,regular,
1172773923,20240429,EST,RUS,100,10,-5.0,-3.95314787701317,https://www.yahoo.com/news/finnair-suspends-flights-estonia-because-180903534.html,2024-04-29,regular,
1173292740,20240502,PSE,USA,141,14,-6.5,-4.56026058631922,https://edition.cnn.com/2024/05/01/middleeast/gaza-children-thank-us-protesters-intl-latam/,2024-05-02,regular,
1172839386,20240430,RUS,UKR,1821,18,-9.0,-7.84883720930233,https://www.theguardian.com/world/2024/apr/30/ukraine-war-briefing-russia-making-gains-from-slow-western-aid-says-nato-chief,2024-04-30,regular,
1172986002,20240430,FRA,,173,17,-5.0,-3.65997638724912,https://www.altaghyeer.info/ar/2024/04/30/%D9%85%D8%AA%D8%A7%D9%87%D8%A9-%D8%A7%D9%84%D9%83%D9%8A%D8%B2%D8%A7%D9%86-%D9%88%D8%A7%D9%86%D8%AA%D9%81%D8%A7%D8%B6%D8%A9-%D8%AD%D8%B5%D8%A7%D9%86-%D8%B7%D8%B1%D9%88%D8%A7%D8%AF%D8%A9/,2024-04-30,regular,
1173737237,20240504,TWN,CHN,154,15,-7.2,-4.09982174688057,https://www.businessinsider.com/us-military-china-missile-problem-getting-worse-2024-5,2024-05-04,regular,
1173238370,20240501,,RUS,145,14,-7.5,-7.38916256157636,https://www.rbc.ru/rbcfreenews/66329da29a79470bcc5979cf,2024-05-01,regular,
1173409967,20240502,USA,,173,17,-5.0,-5.83804143126177,https://www.livemint.com/politics/untitled-story-11714658350131.html,2024-05-02,regular,
1173432293,20240502,USA,,173,17,-5.0,-15.0375939849624,https://www.yahoo.com/news/harford-man-sentenced-2022-slaying-173231705.html,2024-05-02,regular,
1173740747,20240504,RUS,RUS,138,13,-7.0,-4.64396284829721,https://www.bernerzeitung.ch/ticker-ukraine-russland-krieg-wichtigste-news-220-230591284724,2024-05-04,regular,
1173084278,20240501,,USA,173,17,-5.0,-7.35632183908046,https://www.k105.com/2024/04/30/4-grayson-co-residents-jailed-after-police-find-nearly-2-ounces-of-methamphetamine-other-drugs-at-clarkson-apartment/,2024-05-01,regular,
1173367736,20240502,MAR,GBR,173,17,-5.0,0.36496350364963,https://www.cawalisse.com/204758.html,2024-05-02,regular,
1172663965,20240429,,RUS,1721,17,-5.0,-5.71992110453649,https://sputnikglobe.com/20240429/this-is-a-golden-age-of-censorship-1118170558.html,2024-04-29,regular,
1172720405,20240429,USA,CHN,173,17,-5.0,3.52941176470588,https://www.weirtondailytimes.com/news/community/2024/04/ohio-ruritan-of-the-year/,2024-04-29,regular,
1173174120,20240501,USA,,160,16,-4.0,-4.43037974683544,https://www.foxla.com/news/lapd-confirms-ucla-arrival-about-2-hours-after-fights-broke-out-explosions-targeting-pro-palestine-tents,2024-05-01,regular,
1172960231,20240430,USA,,138,13,-7.0,-9.4444444444444,https://www.wsbradio.com/news/trending/trump-hush-money-trial-judge-finds-trump-contempt-violating-gag-order/7TTR26J4QBEJTHQGXZ5N67NHDA/,2024-04-30,regular,
1172993325,20240430,USA,PSE,138,13,-7.0,-6.26131017010495,https://africasacountry.com/2024/04/the-mogadishu-analogy,2024-04-30,regular,
1173753418,20240504,,GBR,172,17,-5.0,-1.09170305676856,https://www.dailystar.co.uk/tv/bbc-breakfasts-naga-munchetty-denies-32734373,2024-05-04,regular,
1173658946,20240503,JPN,,141,14,-6.5,-5.63380281690141,https://www.boorowanewsonline.com.au/story/8614909/alice-dawkins-how-to-hold-elon-musk-and-digital-platforms-accountable/?cs=13467,2024-05-03,regular,
1173758783,20240504,,GBR,173,17,-5.0,-8.31643002028398,https://www.brightonandhovenews.org/2024/05/04/brighton-man-jailed-for-strangling-his-ex-on-camping-trip/,2024-05-04,regular,
1241879995,20240505,USA,,173,17,-5.0,-7.168458781362,https://www.varesenews.it/2025/05/ruba-profumi-per-6000-euro-al-duty-free-33enne-arrestato-dalla-polaria-di-malpensa/2231296/,2024-05-05,regular,
1173784437,20240504,PSE,USA,141,14,-6.5,-1.49402390438247,https://www.christianpost.com:443/voices/anti-israel-campus-protesters-are-pampered-spoiled.html,2024-05-04,regular,
1173566752,20240503,RUS,,180,18,-9.0,-7.34824281150159,https://gazeta.ua/ru/articles/np/_okkupanty-s-ocheretinogo-rvutsya-v-napravlenii-vazhnoj-trassy-voloshin/1179954,2024-05-03,regular,
1173061638,20240501,USA,,173,17,-5.0,-5.5421686746988,https://www.wsbtv.com/news/local/atlanta/state-rep-claims-fulton-da-retaliated-against-her-talks-about-lawsuit-against-fani-willis/NQWUEH7QN5GITCIOKDC22JTFRQ/,2024-05-01,regular,
1174124124,20240429,USA,,186,18,-10.0,-4.54545454545455,https://www.tamilguardian.com/content/three-arrested-and-charged-over-sikh-activists-killing-canada,2024-04-29,regular,
1172978714,20240430,,USA,183,18,-10.0,-3.84615384615385,https://www.tvguide.co.uk/schedule/08ebce5b-cf80-5b09-9523-b1589f694b2e/alphas,2024-04-30,regular,
1173637111,20240503,,GBR,172,17,-5.0,-1.86915887850467,https://www.nydailynews.com/2024/05/03/boris-johnson-polls-forgetting-id/,2024-05-03,regular,
1173119120,20240501,USA,USA,140,14,-6.5,-3.93700787401575,https://sputniknewsbr.com.br/20240501/ex-diplomata-dos-eua-funcionarios-do-departamento-de-estado-temem-dar-opiniao-contraria-sobre-gaza-34350766.html,2024-05-01,regular,
1172791285,20240429,USA,,173,17,-5.0,-10.4738154613466,https://www.fox19.com/2024/04/29/retrial-underway-west-chester-man-accused-killing-family/,2024-04-29,regular,
1173783036,20240504,,USA,173,17,-5.0,-6.91489361702128,https://www.financialexpress.com/india-news/first-of-all-s-jaishankar-rejects-us-president-bidens-xenophobic-remarks/3477182/,2024-05-04,regular,
1173063960,20240501,USA,,172,17,-5.0,-3.96761133603239,https://www.yahoo.com/news/florida-prepares-one-nation-strictest-144629920.html,2024-05-01,regular,
1173602191,20240503,DEU,UKR,100,10,-5.0,0.671140939597319,https://www.kurir.rs/planeta/4386459/ukrajina-ostala-bez-mocnog-nemackog-pvo-sistema,2024-05-03,regular,
1172903624,20240430,USA,,130,13,-4.4,-2.32646834477498,https://warontherocks.com/2024/04/how-will-ai-change-cyber-operations/,2024-04-30,regular,
1172791130,20240429,RUS,RUS,173,17,-5.0,-3.72492836676218,https://www.yahoo.com/news/media-russian-politicians-wife-planned-190207281.html,2024-04-29,regular,
1173281020,20240502,JPN,,180,18,-9.0,-3.33333333333333,https://www.cagesideseats.com/aew/2024/5/1/24146893/kenny-omega-retirement-tease-aew-dynamite-diverticulitis-elite-evp-angle-stretcher-job-perry-okada,2024-05-02,regular,
1173143325,20240501,TWN,CHN,173,17,-5.0,-1.80831826401447,https://www.bangkokpost.com/world/2785270/new-chinese-aircraft-carrier-begins-sea-trials,2024-05-01,regular,
1172778994,20240429,RUS,UKR,1822,18,-9.0,-2.19191427179737,https://www.actualno.com/analysis/bojnoto-pole-bydeshteto-na-ukrajna-perspektivite-news_2212114.html,2024-04-29,regular,
1173581552,20240503,USA,,180,18,-9.0,-9.25778132482045,https://columbiabasinherald.com/news/2024/may/03/law-enforcement-logs-for-may-3-2024/,2024-05-03,regular,
1173751721,20240504,BGD,USA,180,18,-9.0,-4.0,https://hindi.news18.com/states/news/uttar-pradesh/ghazipur-afzal-ansari-controversial-statement-said-home-minister-banished-and-cm-yogi-biggest-mafia-during-lok-sabha-chunav-8293906.html,2024-05-04,regular,
1172640612,20240429,AFR,GBR,174,17,-5.0,-5.97938144329897,https://www.indiatoday.in/world/story/uk-mp-tim-loughton-detained-deported-from-african-nation-as-direct-consequence-of-chinese-sanctions-2532885-2024-04-29,2024-04-29,regular,
1172674216,20240429,UKR,RUS,1384,13,-7.0,-1.16959064327486,https://eng.obozrevatel.com/section-war/news-four-battalions-of-chechens-arrived-at-a-distance-of-150-200-km-from-the-border-with-sumy-region-is-there-a-threat-to-ukraine-29-04-2024.html,2024-04-29,regular,
1173081474,20240501,USA,,105,10,-5.0,-9.16808149405774,https://www.wokv.com/news/local/students-democratic-society-protest-war-israel-university-north-florida-campus/YYBDVRT4GZDPTJ3RBXWJBXLTXU/,2024-05-01,regular,
1172842901,20240430,,USA,133,13,-5.8,-5.51643192488263,https://www.mercercluster.com/article/2024/04/rights-to-protest,2024-04-30,regular,
1173690420,20240504,,USA,100,10,-5.0,-2.73972602739727,https://www.fox32chicago.com/news/chicago-mayor-details-why-he-didnt-attend-officer-huescas-funeral,2024-05-04,regular,
1173530782,20240503,DEU,,138,13,-7.0,-6.10859728506787,https://bianet.org/haber/gazeteci-celal-baslangic-hayatini-kaybetti-294898,2024-05-03,regular,
1173283107,20240502,USA,USA,173,17,-5.0,-6.94960212201591,https://www.frontpagemag.com/the-travesties-of-the-trump-trials/,2024-05-02,regular,
1173763161,20240504,,RUS,154,15,-7.2,-3.20924261874197,https://www.bankingnews.gr/diethni/articles/736076/to-nato-proetoimazetai-olotaxos-gia-polemo-me-ti-rosia-i-zakharova-mila-gia-poly-krisimes-ekselikseis,2024-05-04,regular,
1173175621,20240501,GBR,,173,17,-5.0,3.51648351648352,https://www.express.co.uk/travel/uk/1894508/Scottish-attraction-most-Instagrammable,2024-05-01,regular,
1173264225,20240502,USA,,100,10,-5.0,-7.01219512195122,https://www.nbcnews.com/news/latino/georgia-governor-signs-immigration-bill-months-uga-slaying-worrying-la-rcna150301,2024-05-02,regular,
1173675659,20240503,GBR,USA,160,16,-4.0,2.10896309314587,https://www.dailyrecord.co.uk/lifestyle/amazon-shoppers-hail-ultimate-travel-32732802,2024-05-03,regular,
1173021980,20240430,USA,,141,14,-6.5,-7.21680580128122,https://www.yahoo.com/news/colleges-where-gaza-protests-taking-200612145.html,2024-04-30,regular,
1173857193,20240505,,USA,1383,13,-7.0,-8.01282051282051,https://www.ibtimes.com/nyc-synagogues-museum-receive-fake-bomb-threats-new-york-officials-confirm-3731269,2024-05-05,regular,
1173365501,20240502,USA,RUS,161,16,-4.0,0.34129692832765,https://www.pnp.ru/politics/v-mid-rf-obratili-vnimanie-na-metamorfozy-v-otnoshenii-bulgakova-na-ukraine.html,2024-05-02,regular,
1173086959,20240501,,USA,173,17,-5.0,-10.2272727272727,https://arabic.cnn.com/middle-east/article/2024/05/01/columbia-university-property-has-been-cleared-nypd-says,2024-05-01,regular,
1172617379,20240429,USA,,130,13,-4.4,-7.32506083780019,https://www.wpsdlocal6.com/news/at-least-4-killed-in-oklahoma-tornado-outbreak-as-threat-of-severe-storms-continues-from/article_cdf88b84-05b5-11ef-836e-13f2abdfb3e7.html,2024-04-29,regular,
1173825011,20240505,USA,,172,17,-5.0,-7.01754385964912,https://www.theroot.com/gov-ron-desantis-gave-black-people-another-reason-to-l-1851449513,2024-05-05,regular,
1172976559,20240430,USA,,172,17,-5.0,-3.40314136125654,https://www.breitbart.com/entertainment/2024/04/30/kamala-harris-niece-meena-uses-broadways-cabaret-to-push-abortion/,2024-04-30,regular,
1173145998,20240501,RUS,UKR,174,17,-5.0,-3.73831775700935,https://www.globalsecurity.org/wmd/library/news/ukraine/2024/04/ukraine-240430-ukraine-president01.htm,2024-05-01,regular,
1173727586,20240504,USA,PSE,1056,10,-5.0,-6.97674418604651,https://www.ktvb.com/article/news/local/pro-palestine-rally-downtown-boise-protesters-demand-cease-fire-gaza/277-47d13241-d121-42db-bb94-76d4ca9d9e48,2024-05-04,regular,
1173726929,20240504,,USA,172,17,-5.0,-2.70042194092827,https://www.reviewonline.com/news/local-news/2024/05/three-seek-regional-judges-seat/,2024-05-04,regular,
1172684909,20240429,,DEU,100,10,-5.0,-4.10094637223974,https://regnum.ru/news/3885449,2024-04-29,regular,
1173016457,20240430,,GBR,172,17,-5.0,-14.2011834319526,https://www.belfasttelegraph.co.uk/news/northern-ireland/murder-suspect-extradited-from-ni-to-romania-to-stand-trial/a440952019.html,2024-04-30,regular,
1173584877,20240503,RUS,CZE,130,13,-4.4,-12.7450980392157,https://lenta.ru/news/2024/05/03/finlyandiya-zaderzhala-treh-rossiyskih-studentov-iz-za-narusheniya-sanktsiy/,2024-05-03,regular,
1173082962,20240501,USA,PSE,173,17,-5.0,-8.39874411302983,https://timesofindia.indiatimes.com/world/us/pro-palestine-protest-live-updates-columbia-university-azadi-minouche-shafik-harvard-yale/liveblog/109738083.cms,2024-05-01,regular,
1173320162,20240502,EUR,ARE,100,10,-5.0,-7.17299578059072,https://www.euractiv.com/section/global-europe/news/us-issues-hundreds-of-sanctions-targeting-russia-takes-aim-at-chinese-companies/,2024-05-02,regular,
1173617668,20240503,,FRA,130,13,-4.4,-1.51515151515152,https://latamnews.lat/20240503/el-canciller-britanico-se-opone-a-la-idea-de-macron-de-enviar-tropas-a-ucrania-1150214122.html,2024-05-03,regular,
1173463419,20240502,USA,USA,100,10,-5.0,-1.50987224157955,https://nwlaborpress.org/2024/05/montessori-meltdown-portland-preschools-close-amid-union-push/,2024-05-02,regular,
1173259080,20240502,USA,USA,173,17,-5.0,-8.67224880382775,https://www.dailybreeze.com/2024/05/01/tick-tock-to-chaos-a-timeline-of-escalating-tensions-at-ucla/,2024-05-02,regular,
1173477997,20240503,USA,USA,173,17,-5.0,-3.10818888224746,https://www.dailybreeze.com/2024/05/02/with-commencement-nearing-usc-adjusts-campus-security-amid-protests/,2024-05-03,regular,
1173232996,20240501,GBR,,173,17,-5.0,-6.36070853462158,https://www.catholicnewsagency.com/news/257559/here-are-the-countries-that-rank-worst-in-the-world-in-religious-freedom,2024-05-01,regular,
1173781704,20240504,USA,,160,16,-4.0,-3.77604166666667,https://www.newsmax.com/us/james-clapper-john-brennan-intelligence/2024/05/04/id/1163475/,2024-05-04,regular,
1172664209,20240429,UKR,RUS,138,13,-7.0,-10.0449775112444,http://slguardian.org/with-navatny-dead-does-putin-have-any-red-lines/,2024-04-29,regular,
1173199260,20240501,,USA,141,14,-6.5,-10.4545454545454,https://www.novinky.cz/clanek/zahranicni-amerika-newyorska-policie-zadrzela-300-lidi-z-univerzitnich-demonstraci-40470024,2024-05-01,regular,
1173552092,20240503,RUS,,160,16,-4.0,-1.64728682170543,https://www.upi.com/Entertainment_News/Movies/2024/05/03/Anita-Pallenberg-Rolling-Stones-muse/3001714675441/,2024-05-03,regular,
1172644214,20240429,EUR,ISR,141,14,-6.5,-4.8582995951417,https://www.dawn.com/news/1829897/gaza-protests-against-israel-reach-europe,2024-04-29,regular,
1173898739,20240505,FRA,FRA,173,17,-5.0,-1.91693290734824,https://www.breitbart.com/europe/2024/05/05/climate-radicals-arrested-for-vandalising-palace-of-versailles-with-orange-powder/,2024-05-05,regular,
1173404921,20240502,,USA,130,13,-4.4,-4.49069003285871,https://www.abajournal.com/news/article/federal-judge-is-reprimanded-for-handcuffing-teen-spectator-in-scared-straight-approach,2024-05-02,regular,
1172639370,20240429,,USA,141,14,-6.5,-6.4,http://www.koreatimes.co.kr/www/world/2024/04/501_373652.html,2024-04-29,regular,
1173711647,20240504,USA,,141,14,-6.5,1.09170305676856,https://www.kare11.com/article/news/local/county-leaders-discuss-safety-measure-intersection-two-forest-lake-teens-hit-car/89-ac6bbbc3-bbdf-4223-8142-330bffa48074,2024-05-04,regular,
1173708473,20240504,RUS,UKR,160,16,-4.0,0.46620046620046,https://news.mt.co.kr/mtview.php?no=2024050409304243441&MTS_P,2024-05-04,regular,
1173580616,20240503,,USA,100,10,-5.0,-0.21186440677966,https://www.offshore-technology.com/news/exxon-pioneer-acquisition-gets-nod/,2024-05-03,regular,
1173210657,20240501,USA,,1712,17,-9.2,-3.87931034482759,https://legalinsurrection.com/2024/05/pro-hamas-mobs-on-campus-brown-considers-divesting-from-israel-police-breakdown-camps-at-wisconsin/,2024-05-01,regular,
1173243846,20240501,EUR,,141,14,-6.5,-2.74869109947643,https://www.sudouest.fr/elections/europeennes/elections-europeennes-pour-feter-le-1er-mai-jordan-bardella-se-met-au-travail-19539086.php,2024-05-01,regular,
1173827381,20240505,,USA,173,17,-5.0,-2.39043824701195,https://www.heraldextra.com/news/opinion/editorial/2024/may/04/napolitano-what-ever-happened-to-the-freedom-of-speech/,2024-05-05,regular,
1174963729,20240503,USA,PSE,160,16,-4.0,-6.36871508379888,https://www.sltrib.com/opinion/commentary/2024/05/10/opinion-university-utah-is-risking/,2024-05-03,regular,
1172873523,20240430,USA,AGO,173,17,-5.0,-10.1092896174864,https://www.kpcnews.com/thestar/article_2beb5b3b-976b-5ce3-a982-fe6c666c0b48.html,2024-04-30,regular,
1172676402,20240429,USA,,173,17,-5.0,-5.91715976331361,https://www.yahoo.com/news/arizona-1864-abortion-law-made-085006564.html,2024-04-29,regular,
1172630576,20240429,USA,,130,13,-4.4,-1.22950819672131,https://drudge.com/news/274810/solar-capacity-grows-some-productive,2024-04-29,regular,
1173656354,20240503,,USA,180,18,-9.0,-4.82758620689656,https://www.nbcnews.com/news/us-news/teen-pizza-delivery-driver-shot-multiple-parking-wrong-driveway-rcna150638,2024-05-03,regular,
1172657395,20240429,,RUS,1712,17,-9.2,-2.37892948173322,https://www.radiosvoboda.org/a/podiyi-tyzhnya-viyna/32924158.html,2024-04-29,regular,
1173739141,20240504,,USA,139,13,-7.0,-1.49253731343284,https://news.bg/int-politics/kongresmeni-preduprediha-baydan-che-izrael-bavi-pomoshtta-za-gaza.html,2024-05-04,regular,
1172862969,20240430,,USA,175,17,-9.0,-5.88235294117647,https://abcnews.go.com/US/live-updates/college-protests-israel-palestine-war/university-of-texas-at-austin-says-it-took-action-to-preserve-a-safe-conducive-learning-environment-for-students-109774037?id=109734946,2024-04-30,regular,
1173250627,20240502,EUR,IRN,174,17,-5.0,-6.5843621399177,https://hotair.com/karen-townsend/2024/05/01/iranian-university-offers-us-college-protesters-scholarships-n3787578,2024-05-02,regular,
1172845136,20240430,USA,,130,13,-4.4,-4.27586206896552,https://www.wibw.com/2024/04/29/kansas-law-enforcement-memorial-services-be-held-this-week/,2024-04-30,regular,
1173612494,20240503,CZE,USA,130,13,-4.4,-6.03715170278638,https://www.aljazeera.com/news/2024/5/3/germany-accuses-russia-of-intolerable-cyberattack-warns-of-consequences,2024-05-03,regular,
1173067939,20240501,USA,ISR,130,13,-4.4,-0.664451827242529,https://www.boxingnews24.com/2024/04/andy-ruiz-jr-eyes-trilogy-fight-with-anthony-joshua/,2024-05-01,regular,
1173677605,20240503,RUS,UKR,173,17,-5.0,-7.38255033557047,https://tass.com/society/1783555,2024-05-03,regular,
1172765967,20240429,USA,ISR,141,14,-6.5,-11.71875,https://www.am1100theflag.com/news/national-news/75685-tensions-on-campuses-across-the-us-increasing-after-protests-over-israeli,2024-04-29,regular,
1173452722,20240502,,USA,173,17,-5.0,-4.1522491349481,https://martinsvillebulletin.com/news/local/crime/patrick-springs-man-arrested-in-connection-with-north-carolina-robbery/article_b76a0d5e-0806-11ef-b6cf-2fa77f8eced8.html,2024-05-02,regular,
1179152680,20240531,,GBR,173,17,-5.0,0.108695652173914,https://www.halesowennews.co.uk/news/national/24359146.seats-visited-party-leaders-far-election-campaign/,2024-05-31,regular,
1178991752,20240531,USA,USA,173,17,-5.0,-4.71698113207547,https://floppingaces.net/most-wanted/our-country-will-never-be-the-same-after-the-shameful-trump-verdict/,2024-05-31,regular,
1178953142,20240530,USA,USA,180,18,-9.0,-9.09090909090905,https://www.washingtonexaminer.com/news/3018093/trump-guilty-in-manhattan-hush-money-case/,2024-05-30,regular,
1178464235,20240528,USA,,173,17,-5.0,0.73260073260073,https://www.12onyourside.com/2024/05/28/louisa-man-sentenced-time-served-fined-bringing-ammo-turks-caicos/,2024-05-28,regular,
1179021666,20240531,,USA,173,17,-5.0,4.71204188481676,https://www.miragenews.com/ansto-part-of-govt-delegation-at-iaea-icons-1246997/,2024-05-31,regular,
1178717735,20240529,CHN,USA,173,17,-5.0,-9.16398713826363,https://www.nbcnewyork.com/news/business/money-report/doj-charges-chinese-national-with-operating-worlds-largest-botnet-that-stole-5-9-billion-in-covid-relief-funds/5457929/,2024-05-29,regular,
1178640334,20240529,USA,,161,16,-4.0,-3.40760157273919,http://internetua.com/rosiya-moje-viprobuvati-diyevist-5-statti-nato-kiberatakami-na-baltiua-pripuskauat-eksperti,2024-05-29,regular,
1178845503,20240530,GBR,,138,13,-7.0,-3.21199143468951,https://www.scotsman.com/news/politics/could-rubbish-pile-up-in-edinburghs-streets-again-across-festivals-due-to-strikes-this-summer-4647442,2024-05-30,regular,
1178599835,20240529,RUS,,173,17,-5.0,-8.80503144654088,https://www.themoscowtimes.com/2024/05/29/moscow-blames-ukraine-for-blocking-pow-exchanges-a85250,2024-05-29,regular,
1179146530,20240531,,EUR,154,15,-7.2,-3.52941176470588,https://www.voltairenet.org/article220953.html,2024-05-31,regular,
1178857369,20240530,,USA,172,17,-5.0,-6.12244897959188,https://www.stephaniemiller.com/from-allies-and-advisers-pressure-grows-on-biden-to-allow-attacks-on-russian-territory/,2024-05-30,regular,
1178833316,20240530,ESP,GBR,130,13,-4.4,-10.3896103896104,https://www.bignewsnetwork.com/news/274389827/monster-ticks-spreading-across-europe---media,2024-05-30,regular,
1179279487,20240601,USA,,173,17,-5.0,-8.28877005347594,https://www.arkansasonline.com/news/2024/jun/01/in-the-news/,2024-06-01,regular,
1178248586,20240527,EUR,,173,17,-5.0,-0.31104199066874,https://www.seattletimes.com/nation-world/here-it-comes-another-hot-summer-in-europe/,2024-05-27,regular,
1178677071,20240529,CHN,,163,16,-8.0,-3.39805825242719,https://www.newsweek.com/north-korea-issues-ominous-warning-america-south-korea-1905850,2024-05-29,regular,
1178991999,20240531,,USA,173,17,-5.0,-4.76190476190476,https://www.wtae.com/article/donald-trump-conviction-pennsylvania-reaction/60953651,2024-05-31,regular,
1179000256,20240531,GBR,YEM,180,18,-9.0,-7.75862068965517,https://www.amarujala.com/world/us-uk-strike-against-houthi-attacks-and-destroyed-13-targets-in-yemen-2024-05-31,2024-05-31,regular,
1178416581,20240528,EUR,SWE,100,10,-5.0,-5.12820512820513,https://www.etc.se/inrikes/ulf-kristerssons-bortgloemda-trollande,2024-05-28,regular,
1178987358,20240531,USA,,172,17,-5.0,-4.74452554744526,https://www.mysuncoast.com/2024/05/30/man-with-suspended-license-joins-virtual-court-hearing-while-driving/,2024-05-31,regular,
1178979105,20240531,USA,CHL,173,17,-5.0,-6.03152135882184,https://wiznation.com/3637456/trump-found-guilty-in-ny-criminal-hush-money-case/,2024-05-31,regular,
1178404424,20240528,GBR,,145,14,-7.5,-3.16344463971881,https://www.am.com.mx/opinion/2024/5/28/el-factor-veracruz-706768.html,2024-05-28,regular,
1178215205,20240527,JPN,,130,13,-4.4,-3.81679389312977,https://lenta.ru/news/2024/05/27/severnaya-koreya-zapustila-ballisticheskuyu-raketu/,2024-05-27,regular,
1178352525,20240528,UKR,RUS,180,18,-9.0,-5.76923076923077,https://www.focus-news.net/novini/mejdunarodni/Forbes-Apokalipsisut-sus-Su-25-mozhe-da-e-samo-mit-Ukraina-obyavi-svalya-2130238,2024-05-28,regular,
1179163791,20240531,,USA,138,13,-7.0,-4.48300795372379,https://consortiumnews.com/2024/05/31/the-homeland-security-campus/,2024-05-31,regular,
1178764714,20240530,,USA,100,10,-5.0,-6.68523676880222,https://www.meforum.org/65926/after-the-second-dreyfus-affair-will-the-icc,2024-05-30,regular,
1178971344,20240531,,USA,173,17,-5.0,-5.02008032128514,https://www.fox5vegas.com/2024/05/30/nevada-lawmakers-candidates-react-trump-conviction-hush-money-trial/,2024-05-31,regular,
1178315299,20240528,USA,,173,17,-5.0,-6.39880952380952,https://www.la-croix.com/derniere-ligne-droite-au-proces-trump-l-heure-du-jugement-approche-20240528,2024-05-28,regular,
1179307414,20240601,FRA,FRA,141,14,-6.5,-4.28571428571428,https://themilitant.com/2024/06/01/new-caledonia-protests-hit-push-by-paris-to-reinforce-french-rule/,2024-06-01,regular,
1178502000,20240528,USA,,130,13,-4.4,-3.57142857142857,https://www.msnbc.com/the-reidout/reidout-blog/trump-cryptocurrency-ross-ulbricht-sentence-rcna154379,2024-05-28,regular,
1178811880,20240530,UKR,RUS,130,13,-4.4,-7.19424460431655,https://ria.ru/20240530/pushilin-1949299345.html,2024-05-30,regular,
1178276659,20240527,RUS,,172,17,-5.0,-2.20994475138122,https://www.kommersant.ru/doc/6728779,2024-05-27,regular,
1178891052,20240530,USA,,172,17,-5.0,5.95238095238095,https://www.webwire.com/ViewPressRel.asp?aId=322479,2024-05-30,regular,
1178981846,20240531,USA,,173,17,-5.0,-6.3235294117647,https://www.wbrz.com/news/louisiana-supreme-court-reverses-baton-rouge-judge-s-decision-to-free-rapist-behind-bars-50-years,2024-05-31,regular,
1178752886,20240530,USA,USA,141,14,-6.5,-1.56046814044214,https://www.wosu.org/politics-government/2024-05-29/coalition-calling-for-an-end-to-firstenergy-left-in-the-cold-by-ohio-ag-yost,2024-05-30,regular,
1179038084,20240531,CHN,,141,14,-6.5,-0.69721115537849,https://www.afr.com/world/north-america/the-next-cold-war-is-taking-place-in-a-chilled-data-centre-20240523-p5jfxl,2024-05-31,regular,
1178457111,20240528,USA,,160,16,-4.0,-4.34492869518859,https://eugenedailynews.com/fatal-crash-hwy-19-gilliam-county/,2024-05-28,regular,
1178950798,20240530,USA,,175,17,-9.0,-4.78927203065134,https://www.yahoo.com/news/strange-bedfellows-want-scotus-remind-211005534.html,2024-05-30,regular,
1178819079,20240530,RUS,,130,13,-4.4,0.48780487804878,https://pda.spb.kp.ru/daily/27612/4938818/,2024-05-30,regular,
1178763035,20240530,,USA,172,17,-5.0,-4.45235975066785,https://www.yahoo.com/news/mark-kelly-pledges-codify-roe-004550043.html,2024-05-30,regular,
1178837631,20240530,RUS,,173,17,-5.0,-9.04255319148931,https://tass.ru/proisshestviya/20947793,2024-05-30,regular,
1179613166,20240527,ISR,USA,173,17,-5.0,-4.60048426150121,https://www.usnews.com/news/top-news/articles/2024-06-03/why-bidens-campaign-isnt-celebrating-trumps-felony-conviction,2024-05-27,regular,
1179070532,20240531,,USA,173,17,-5.0,-7.33496332518336,https://www.aa.com.tr/en/middle-east/more-than-98-of-bakeries-in-gaza-strip-out-of-service-due-to-lack-of-gas-government-media-office/3236231,2024-05-31,regular,
1179377469,20240602,DEU,,180,18,-9.0,-3.61757105943152,http://www.merkur.de/bayern/aufgrund-der-prognosen-ueberraschend-hochwasser-bedroht-historische-altstadt-in-bayern-abensberg-93104864.html,2024-06-02,regular,
1178897616,20240530,,USA,173,17,-5.0,-1.95227765726681,https://www.ghanamma.com/2024/05/30/i-will-go-back-to-fraud-sakawa-if-you-dont-support-my-music-career-us-deportee-showboy-to-ghanaians/,2024-05-30,regular,
1178739326,20240529,NGA,CHN,173,17,-5.0,-2.80898876404494,https://leadership.ng/group-tasks-govt-on-exploiting-complexities-of-lithium-mining-prioritising-environmental-sustainability/,2024-05-29,regular,
1179136562,20240531,,CHN,154,15,-7.2,-0.39292730844794,https://navbharattimes.indiatimes.com/world/china/china-j-20-fighter-jet-near-sikkim-border-at-tibet-air-base-why-big-concern-for-indian-defence/articleshow/110601080.cms,2024-05-31,regular,
1178449006,20240528,CHN,EUR,160,16,-4.0,0.41607722393276,https://carnegieeurope.eu:443/research/2024/03/charting-the-geopolitics-and-european-governance-of-artificial-intelligence,2024-05-28,regular,
1178828510,20240530,,USA,130,13,-4.4,-1.60256410256411,https://www.donanimhaber.com/google-sizdirilan-arama-belgelerinin-gercek-oldugunu-kabul-etti--177849,2024-05-30,regular,
1178790779,20240530,CHN,AUS,172,17,-5.0,-4.04858299595142,https://www.9news.com.au/national/charlise-mutten-death-trial-alleged-schoolgirl-killers-mum-questioned-sons-story/d6009c2e-b84c-4675-b20d-989f0a190705,2024-05-30,regular,
1178993019,20240531,USA,,173,17,-5.0,-6.85840707964602,https://www.thesunchronicle.com/news/local_news/evaluation-ordered-for-man-arrested-in-wrentham-after-alleged-theft-of-motorcycle-from-nh-charity/article_895d6968-871a-5263-9355-adf41138d241.html,2024-05-31,regular,
1178432571,20240528,RUS,RUS,100,10,-5.0,2.8235294117647,https://vz.ru/news/2024/5/28/1270413.html,2024-05-28,regular,
1178603925,20240529,,CHN,173,17,-5.0,-7.57575757575758,https://www.bangkokpost.com/world/2801651/china-hands-rare-death-sentence-to-former-senior-banker-for-taking-us-151-million-in-bribes,2024-05-29,regular,
1178703490,20240529,,GBR,173,17,-5.0,-4.23384079938372,https://www.andoveradvertiser.co.uk/news/national/24353884.married-couple-jailed-dine-dash-offences-south-wales/,2024-05-29,regular,
1178858535,20240530,USA,,172,17,-5.0,2.42774566473988,https://www.newsday.com/travel/summer-guide-things-to-do-cape-cod-marthas-vineyard-nantucket-tbv94mi7,2024-05-30,regular,
1178104075,20240527,CHN,JPN,130,13,-4.4,-0.51085568326948,https://www.asahi.com/ajw/articles/15281440,2024-05-27,regular,
1179083736,20240531,USA,GBR,138,13,-7.0,-7.10382513661202,https://www.manchesterjournal.com/news/national/yemen-rebels-threaten-escalation-as-us-uk-strikes-said-to-kill-16/article_c1c8f4b0-54dd-54d9-bca3-20a092f6bcea.html,2024-05-31,regular,
1179211356,20240601,CHN,AUS,172,17,-5.0,-2.11038961038961,https://www.skynews.com.au/world-news/china/richard-marles-to-deliver-a-bold-demand-to-china-as-tensions-grow-in-the-indopacific-region/news-story/32f919d481866e9f11575ba354a4fe53?nk=9ec0c9b5ca7051a392e418f47f101824-1717209103,2024-06-01,regular,
1178622455,20240529,USA,,173,17,-5.0,-10.5555555555556,https://www.yahoo.com/news/live-fear-woman-sentenced-federal-113038204.html,2024-05-29,regular,
1178437243,20240528,POL,RUS,160,16,-4.0,-1.57068062827225,https://www.lrt.lt/mediateka/irasas/2000343169/pradetos-diskusijos-nuo-2025-m-didinti-mma,2024-05-28,regular,
1178964082,20240531,,USA,173,17,-5.0,-8.08219178082194,https://www.hometownregister.com/news/national/new-york-politicians-cheer-jeer-trump-s-guilty-verdict/article_a8981ee7-3e0d-500d-a2c0-4fa4ee8ae73d.html,2024-05-31,regular,
1179307826,20240601,USA,,172,17,-5.0,-2.41837968561064,https://www.twincities.com/2024/06/01/mn-legislature-classroom-cellphone-restrictions-book-bans/,2024-06-01,regular,
1178275235,20240527,,USA,180,18,-9.0,-4.71698113207547,https://jang.com.pk/news/1354531,2024-05-27,regular,
1178929990,20240530,USA,,173,17,-5.0,1.11524163568774,https://www.gamespot.com/articles/castlevania-nocturne-funko-pops-look-appropriately-spooky/1100-6523803/,2024-05-30,regular,
1178478371,20240528,,USA,180,18,-9.0,-8.94039735099338,https://www.robesonian.com/news/301739/deputies-makesecond-arrest-in-shooting-70-year-old-father-joins-son-in-custody,2024-05-28,regular,
1179064788,20240531,ISR,USA,100,10,-5.0,-4.90740740740741,https://www.yahoo.com/news/uc-strike-rears-pro-palestinian-100021593.html,2024-05-31,regular,
1178621050,20240529,,USA,173,17,-5.0,-7.33590733590733,https://dailycaller.com/2024/05/29/officer-richard-jager-inadvertent-shooting-christopher-sheahan-reno-nevada/,2024-05-29,regular,
1178868197,20240530,RUS,POL,172,17,-5.0,-1.64835164835165,https://tvn24.pl/swiat/rosja-msz-zapowiada-kroki-odwetowe-wobec-polskich-placowek-dyplomatycznych-st7941017,2024-05-30,regular,
1178752876,20240530,USA,USA,173,17,-5.0,-8.46394984326019,https://www.fox5dc.com/news/spotsylvania-school-board-vice-chair-charged-alleged-attack-fellow-board-member,2024-05-30,regular,
1179100896,20240531,FRA,,130,13,-4.4,-2.78062768212356,https://www.gjsentinel.com/news/us/tests-find-ai-tools-readily-create-election-lies-from-the-voices-of-well-known-political/article_4885ebe0-2edf-530c-af8d-dac5f3091790.html,2024-05-31,regular,
1178381476,20240528,,USA,173,17,-5.0,-1.82868142444658,https://www.yahoo.com/news/lack-empathy-more-missourians-stuck-100000740.html,2024-05-28,regular,
1178537533,20240529,USA,VEN,163,16,-8.0,-1.32450331125828,https://en.apa.az/america/venezuela-revokes-invitation-for-eu-election-observers-during-july-presidential-vote-438527,2024-05-29,regular,
1179412812,20240602,USA,UZB,180,18,-9.0,-6.19469026548672,https://documentedny.com/2024/05/31/staten-island-protester-arrested-charged-assaulting-asylum-seeker-outside-shelter/,2024-06-02,regular,
1178742719,20240530,USA,ISR,141,14,-6.5,2.18068535825545,https://www.news4jax.com/news/national/2024/05/29/yale-university-names-maurie-mcinnis-as-its-24th-president/,2024-05-30,regular,
1178642962,20240529,USA,,138,13,-7.0,-5.42635658914729,https://www.europasur.es/campo-de-gibraltar/PP-Audiencia-Nacional-investigue-tramas-narcotrafico-blanqueo_0_1907210259.html,2024-05-29,regular,
1178893134,20240530,USA,,173,17,-5.0,-9.49720670391066,https://www.medpagetoday.com/special-reports/features/110378,2024-05-30,regular,
1179328359,20240601,GBR,USA,172,17,-5.0,-3.35507921714818,https://johnnyjet.com/what-donald-trumps-guilty-conviction-can-teach-travelers/,2024-06-01,regular,
1178826581,20240530,RUS,CHN,138,13,-7.0,0.0,https://www.kurir.rs/planeta/4397079/tramp-na-donatorskom-skupu-u-njujorku-sugerisao-da-bi-bombardovao-moskvu-zbog-ukrajine-i-napao-kinu-zbog-tajvana-objavio-vasington-post,2024-05-30,regular,
1178145797,20240527,BEL,EUR,130,13,-4.4,-1.75438596491228,https://pt.euronews.com/2024/05/24/georgia-numa-encruzilhada-a-medida-que-lei-da-influencia-estrangeira-aprofunda-divisoes,2024-05-27,regular,
1179146573,20240531,RUS,LBY,154,15,-7.2,-2.00291332847778,https://www.understandingwar.org/backgrounder/africa-file-may-31-2024-russian-red-sea-logistics-center-sudan,2024-05-31,regular,
1178326040,20240528,RUS,EUR,163,16,-8.0,-3.87596899224807,https://www.euractiv.com/section/global-europe/news/eu-imposes-sanctions-on-voice-of-europe-businessmen-over-russian-disinformation/,2024-05-28,regular,
1178953074,20240530,USA,USA,173,17,-5.0,-7.35930735930736,https://www.9news.com.au/world/donald-trump-verdict-guilty-can-he-still-run-for-president/b88d3dac-ed72-4181-9f3f-08029c8d9e91,2024-05-30,regular,
1178611027,20240529,USA,RUS,130,13,-4.4,-3.83141762452108,https://www.novinite.com/articles/226337/US+Opposes+Ukraine,2024-05-29,regular,
1179234112,20240601,USA,,173,17,-5.0,-8.32535885167465,https://www.wesh.com/article/seminole-county-carjacking-suspect-death-penalty/60965576,2024-06-01,regular,
1178921202,20240530,EUR,UKR,100,10,-5.0,-3.58565737051793,https://www.firenzetoday.it/politica/europa/nardella-netanyahu-palestina-nato-ucraina.html,2024-05-30,regular,
1178215076,20240527,HUN,RUS,163,16,-8.0,-7.06319702602231,https://www.novosti.rs/planeta/svet/1372024/vikali-nas-sijarto-pomoci-ukrajini-nismo-podlegli-pritisku-odobravamo-nove-milijarde-kijev,2024-05-27,regular,
1179023005,20240531,RUS,,172,17,-5.0,-0.89068825910931,https://radonezh.ru/2024/05/30/o-memah-i-realnosti,2024-05-31,regular,
1178233396,20240527,USA,,100,10,-5.0,0.78534031413613,https://www.foxla.com/news/general-hospital-cast-remembers-johnny-wactor,2024-05-27,regular,
1179029429,20240531,CHN,,138,13,-7.0,-0.57565789473684,https://www.telegraphindia.com/feeds/world/wall-street-lands-on-india-looking-for-profits-it-cant-find-in-china/cid/2023736,2024-05-31,regular,
1178983138,20240531,,USA,173,17,-5.0,-8.41750841750837,https://www.foxla.com/news/actor-nick-pasqual-charged-attempted-murder-after-allegedly-stabbing-estranged-girlfriend-multiple-times,2024-05-31,regular,
1178639122,20240529,USA,,172,17,-5.0,-2.49221183800623,https://www.marketscreener.com/quote/stock/EDELWEISS-FINANCIAL-SERVI-9059897/news/India-cenbank-acts-against-two-Edelweiss-Group-companies-for-evergreening-loans-46853105/,2024-05-29,regular,
1179306538,20240601,USA,,164,16,-7.0,-6.11353711790393,https://www.fox32chicago.com/news/cook-county-dispensary-owner-charged-jennifer-lopez-cancels-chicago-show-michelle-obama-mother-dies,2024-06-01,regular,
1178399764,20240528,GBR,,172,17,-5.0,-9.57627118644069,https://www.hertsad.co.uk/news/24349194.5-hertfordshire-criminals-convicted-month/,2024-05-28,regular,
1179027499,20240531,,DEU,173,17,-5.0,-7.7319587628866,https://zeenews.india.com/india/prajwal-revanna-interrogated-in-sexual-abuse-case-will-sit-conduct-a-potency-test-2753712.html,2024-05-31,regular,
1179139539,20240531,USA,,160,16,-4.0,-1.86625194401245,https://newsbusters.org/blogs/business/joseph-vazquez/2021/01/11/blacklist-forbes-magazine-threatens-companies-hire-trump,2024-05-31,regular,
1179151148,20240531,,USA,173,17,-5.0,2.47524752475248,https://newstalkkzrg.com/2024/05/31/historic-preservation-symposium-planned-in-greene-county/,2024-05-31,regular,
1179147481,20240531,,USA,160,16,-4.0,-4.3040293040293,https://www.irishexaminer.com/world/arid-41407295.html,2024-05-31,regular,
1178818284,20240530,,RUS,100,10,-5.0,-2.29578216764549,https://www.slobodnaevropa.mk/a/rumen-radev-stanuva-viktor-orban/32971771.html,2024-05-30,regular,
1178838800,20240530,LVA,RUS,166,16,-7.0,-2.08,https://www.france24.com/en/live-news/20240530-why-has-russian-wheat-been-entering-the-eu-duty-free,2024-05-30,regular,
1179119570,20240531,GBR,,100,10,-5.0,0.69444444444444,https://www.independent.ie/irish-news/politics/simon-harris-has-very-open-mind-to-rwanda-style-deportation-of-asylum-seekers-to-third-countries/a73689727.html,2024-05-31,regular,
1178262055,20240527,USA,,138,13,-7.0,-3.85687732342007,https://ocj.com/2024/05/war-on-the-western-front-ohio-and-the-war-of-1812/,2024-05-27,regular,
1185547686,20240705,,USA,130,13,-4.4,-3.70731707317074,https://www.yahoo.com/news/pregnant-missouri-women-t-divorced-100700568.html,2024-07-05,regular,
1184835428,20240701,RUS,PRK,163,16,-8.0,-1.01214574898786,https://www.memri.org/reports/sovereignization-russia-dpkr-relations-already-exists,2024-07-01,regular,
1184699604,20240701,,USA,172,17,-5.0,-3.95371263259402,https://azcapitoltimes.com/news/2024/06/30/republican-attorney-says-border-measure-is-holistic-approach/,2024-07-01,regular,
1184894331,20240702,USA,AUS,173,17,-5.0,-6.16061606160616,https://www.itv.com/news/meridian/2024-07-01/slapping-therapist-failed-to-get-medical-help-as-diabetic-woman-lay-dying,2024-07-02,regular,
1185019188,20240702,USA,,1723,17,-5.0,8.28402366863905,https://www.aarp.org/travel/vacation-ideas/beaches/info-2024/beaches-with-artsy-vibes.html,2024-07-02,regular,
1184838127,20240701,CAN,USA,173,17,-5.0,-5.62613430127041,https://www.castanetkamloops.net/news/World/495112/Trump-ally-Steve-Bannon-surrenders-to-federal-prison-to-serve-4-month-sentence-on-contempt-charges,2024-07-01,regular,
1184737285,20240701,DEU,DEU,173,17,-5.0,-0.4381161007667,https://infovaticana.com/2024/07/01/el-vaticano-empieza-a-ceder-con-los-obispos-alemanes-y-permitira-la-creacion-del-comite-sinodal/,2024-07-01,regular,
1185877156,20240707,FRA,,172,17,-5.0,-2.03488372093023,https://www.ziarelive.ro/stiri/trenduri-periculoase-pentru-ingrijirea-dintilor-sunt-raspandite-pe-tik-tok-avertismentul-medicilor-stomatologi.html,2024-07-07,regular,
1184988976,20240702,USA,,173,17,-5.0,-6.43086816720257,https://www.westhawaiitoday.com/2024/07/02/nation-world-news/trump-amplifies-calls-to-jail-top-elected-officials-invokes-military-tribunals/,2024-07-02,regular,
1184884245,20240702,USA,,180,18,-9.0,-15.5963302752294,https://woodradio.iheart.com/content/2024-07-01-trices-pleads-guilty-to-murder-of-2-year-old-assault-of-mother/,2024-07-02,regular,
1185253467,20240703,USA,AFG,100,10,-5.0,-3.54330708661417,https://www.khaama.com/taliban-demand-prisoner-exchange-for-release-of-american-citizens/,2024-07-03,regular,
1185360533,20240704,USA,,173,17,-5.0,-6.75,https://www.thelocal.it/20240704/italian-court-cuts-sentences-of-americans-convicted-of-killing-police-officer,2024-07-04,regular,
1185834412,20240707,,EUR,130,13,-4.4,-5.38720538720539,https://www.alo.rs/vesti/svet/927688/rusi-umesali-prste-sad-otkazuju-vojne-vezbe-sa-gruzijom/vest,2024-07-07,regular,
1185173744,20240703,AFG,USA,173,17,-5.0,-2.58064516129032,https://www.diena.lt/naujienos/pasaulis/ekonomika-ir-politika/talibu-vyriausybe-teigia-kad-su-jav-aptare-apsikeitima-kaliniais-1181625,2024-07-03,regular,
1184814850,20240701,USA,,172,17,-5.0,-1.51706700379267,https://www.kuow.org:443/stories/home-depot-fined-1-6-million-for-selling-banned-superpollutant,2024-07-01,regular,
1185097057,20240703,RUS,,130,13,-4.4,-2.89855072463768,https://finchannel.com/russias-tightening-abkhazian-stranglehold-threatens-western-and-georgian-interests/121384/opinion/2024/07/,2024-07-03,regular,
1185530383,20240705,,USA,173,17,-5.0,-3.49264705882353,https://www.click2houston.com/news/local/2024/07/05/grieving-mother-upset-with-how-sons-murder-is-being-handled-after-he-was-killed-outside-taco-truck-in-w-houston/,2024-07-05,regular,
1185298042,20240704,USA,,180,18,-9.0,-9.39226519337018,https://www.wfmz.com/news/area/berks/reading-man-sentenced-to-decades-in-prison-for-sexual-assaults/article_30b5a03e-3961-11ef-aff3-97e994b9c3d6.html,2024-07-04,regular,
1185655680,20240705,USA,,160,16,-4.0,4.20792079207921,https://www.wnep.com/article/news/local/carbon-county/miss-amazing-heading-to-nationals-summit-reilly-bauer-lansford-junior-miss-jim-thorpe-pageant-colleen/523-9ffa67e6-d065-4a83-b414-fd17b6ced4ae,2024-07-05,regular,
1185289820,20240704,,USA,173,17,-5.0,-7.21247563352826,https://www.independent.co.uk/news/world/americas/crime/mary-jo-bailey-murder-sentencing-b2573345.html,2024-07-04,regular,
1185033533,20240702,,USA,100,10,-5.0,-2.12765957446809,https://dailycaller.com/2024/07/02/lloyd-doggett-biden-drop-out-race/,2024-07-02,regular,
1185494514,20240705,USA,,141,14,-6.5,-5.47024952015355,https://www.wsws.org/en/articles/2024/07/04/obga-j04.html,2024-07-05,regular,
1185613989,20240705,USA,,173,17,-5.0,-9.92167101827675,https://www.equipmentworld.com/business/article/15678723/iowa-contractor-sentenced-to-prison-for-derecho-scam,2024-07-05,regular,
1184704500,20240701,USA,,138,13,-7.0,-9.32798395185559,https://www.slashfilm.com/1613058/twilight-zone-howling-man-scariest-episode/,2024-07-01,regular,
1185573780,20240705,,USA,172,17,-5.0,-1.68970814132105,https://www.durantdemocrat.com/news/overcoming-obstacles-closer-look-teacher-struggles,2024-07-05,regular,
1185570890,20240705,USA,USA,163,16,-8.0,1.1968085106383,https://www.elvocero.com/opinion/los-cambios-an-malos/article_9b21c314-3a31-11ef-93fc-17cdd5492cfc.html,2024-07-05,regular,
1184717931,20240701,IRN,GBR,172,17,-5.0,-2.79569892473118,https://www.balatarin.com/permlink/2024/6/29/6182052,2024-07-01,regular,
1185043698,20240702,USA,,174,17,-5.0,-1.31147540983606,https://allhiphop.com/news/waka-flocka-joe-biden-donald-trump/,2024-07-02,regular,
1185316911,20240704,USA,USA,173,17,-5.0,-10.8843537414966,https://legalnewsline.com/stories/661543126-mexican-citizen-sentenced-for-involvement-in-human-smuggling-conspiracy,2024-07-04,regular,
1184846238,20240701,USA,,100,10,-5.0,-2.38645111624326,https://www.heritage.org/homeland-security/report/the-white-house-was-right-issue-the-executive-order-the-emp-threat,2024-07-01,regular,
1185549014,20240705,RUS,,154,15,-7.2,-7.5,https://tv.lrytas.lt/zinios/pasaulis/2024/07/05/news/skaudus-ukrainos-smugiai-juodoje-juroje-silpnina-rusija-karinis-juru-laivynas-tampa-neveiksmingas-32797283,2024-07-05,regular,
1184705985,20240701,,RUS,163,16,-8.0,-0.407608695652177,https://indianexpress.com/article/cities/ahmedabad/gujarat-hardlook-surat-international-airport-taxiing-9422375/,2024-07-01,regular,
1185874086,20240707,,USA,130,13,-4.4,-4.0,https://timesofsandiego.com/opinion/2024/07/07/newsoms-style-echoes-former-gov-culbert-olson-californias-most-unusual-leader/,2024-07-07,regular,
1185805981,20240707,UKR,RUS,138,13,-7.0,-14.5833333333333,https://www.yahoo.com/news/sounds-explosions-heard-ukraines-pavlohrad-222244389.html,2024-07-07,regular,
1185435011,20240704,,USA,173,17,-5.0,-4.9645390070922,https://www.newportdispatch.com/2024/07/04/connecticut-man-arrested-for-dui-after-driving-wrong-way-on-i-91-in-fairlee/,2024-07-04,regular,
1185421683,20240704,,USA,1721,17,-5.0,-2.18978102189781,https://www.techradar.com/pro/vpn/popular-vpns-have-just-disappeared-from-the-apple-app-store-in-russia,2024-07-04,regular,
1185430895,20240704,RUS,UKR,138,13,-7.0,-5.90909090909091,https://news.liga.net/ua/politics/news/erdohan-zustrivsia-iz-si-ta-poperedyv-pro-hlobalnu-nebezpeku-vid-viin-v-ukraini-ta-izraili,2024-07-04,regular,
1184805113,20240701,AUS,GBR,173,17,-5.0,0.532063847661717,https://www.aol.co.uk/news/privacy-policy-095616633.html,2024-07-01,regular,
1185661901,20240706,,USA,1821,18,-9.0,-11.0307414104883,https://www.breitbart.com/politics/2024/07/05/illegal-got-away-indicted-for-rachel-morins-murder-as-maryland-sanctuary-cities-keep-shielding-criminal-illegals/,2024-07-06,regular,
1185544386,20240705,,USA,163,16,-8.0,3.25814536340852,https://www.zimbabwesituation.com/news/zim-progress-charms-peers/,2024-07-05,regular,
1184962568,20240702,,USA,173,17,-5.0,-3.42342342342343,https://www.dailymail.co.uk/news/article-13590425/2-men-arrested-road-Oprahs-Hawaii-ranch-Theyre-suspected-illegal-hunting.html,2024-07-02,regular,
1184794118,20240701,USA,USA,172,17,-5.0,-0.64562410329985,https://www.winnipegfreepress.com/arts-and-life/life/health/2024/07/01/which-states-could-have-abortion-on-the-ballot-in-2024-10,2024-07-01,regular,
1185461601,20240704,USA,,100,10,-5.0,-2.31884057971014,https://borneobulletin.com.bn/microsoft-to-pay-usd14-4m-in-settlement-over-discrimination-claims/,2024-07-04,regular,
1184939937,20240702,USA,GBR,173,17,-5.0,-0.70588235294118,https://www.mirror.co.uk/tv/tv-news/heartbreaking-true-story-behind-online-33148593,2024-07-02,regular,
1185172474,20240703,USA,,141,14,-6.5,-3.68509212730318,https://www.yahoo.com/news/oklahoma-ties-white-supremacy-older-110124379.html,2024-07-03,regular,
1185957774,20240701,USA,,130,13,-4.4,-1.26582278481013,https://triblive.com/local/regional/under-mounting-pressures-small-private-colleges-across-pa-close-their-doors/,2024-07-01,regular,
1185758205,20240706,CHN,BLR,150,15,-7.2,-2.64026402640264,https://www.yahoo.com/news/chinese-military-personnel-arrive-belarus-165315632.html,2024-07-06,regular,
1185122232,20240703,UKR,RUS,202,20,-10.0,-8.22368421052631,https://www.kyivpost.com/post/35215,2024-07-03,regular,
1185288593,20240704,USA,FRA,160,16,-4.0,-2.22222222222222,https://www.ivpressonline.com/news/nation/money-issues-may-sink-proposed-new-jersey-branch-of-acclaimed-paris-museum-mayor-blames-politics/article_06b14df2-3360-5766-ad2d-588eb59be11a.html,2024-07-04,regular,
1185514959,20240705,GBR,,1821,18,-9.0,-5.83657587548638,https://www.manchestereveningnews.co.uk/news/greater-manchester-news/two-members-vile-sex-grooming-29474387,2024-07-05,regular,
1185426124,20240704,RUS,,163,16,-8.0,-1.57303370786517,https://www.antena3.ro/externe/premier-indian-narendra-modi-merge-vizita-oficiala-rusia-pentru-devoltare-relatii-prietenie-714497.html,2024-07-04,regular,
1185205640,20240703,,GBR,164,16,-7.0,-5.14579759862779,https://www.euronews.com/travel/2024/07/03/europes-summer-travel-strikes-when-where-and-what-disruption-you-can-expect-in-august,2024-07-03,regular,
1185307756,20240704,SGP,JPN,173,17,-5.0,-10.6719367588933,https://japantoday.com/category/crime/japanese-man-given-jail-term-cane-strokes-for-assaults-in-singapore,2024-07-04,regular,
1185229128,20240703,USA,USA,186,18,-10.0,-1.79080179080179,https://www.maineantiquedigest.com/stories/objects-associated-with-presidents-spur-bidding/9762,2024-07-03,regular,
1185718659,20240706,,RUS,173,17,-5.0,-6.99300699300699,https://telegrafi.com/per-te-nenten-ik-nga-burgu-faton-hajrizi/,2024-07-06,regular,
1185229057,20240703,USA,,173,17,-5.0,-1.68295331161781,https://mondaq.com:443/unitedstates/advertising-marketing--branding/1487164/what-are-the-political-parties-pledges-about-advertising-at-this-election,2024-07-03,regular,
1185520425,20240705,,GBR,130,13,-4.4,-3.05084745762712,https://www.walesonline.co.uk/news/politics/top-conservatives-who-lost-seats-29467075,2024-07-05,regular,
1185377253,20240704,,USA,173,17,-5.0,-8.90207715133531,https://www.courant.com/2024/07/04/ct-man-charged-in-drug-case-that-left-a-woman-dead-of-an-overdose/,2024-07-04,regular,
1185887086,20240707,CAN,USA,181,18,-9.0,-1.32538104705103,https://nationalpost.com/news/toronto-rally-nine-months-in-hamas-hell,2024-07-07,regular,
1184749692,20240701,USA,,130,13,-4.4,3.34288443170964,https://www.hydro-international.com/content/article/using-topobathymetric-lidar-for-adaptive-management,2024-07-01,regular,
1185255149,20240703,,USA,173,17,-5.0,-13.5922330097087,https://www.yahoo.com/news/buffalo-man-accused-shooting-3-182254259.html,2024-07-03,regular,
1184884235,20240702,USA,,172,17,-5.0,3.06122448979591,https://www.wcpo.com/us-news/bars-nightclubs-in-california-now-required-to-offer-drug-test-strips-for-drinks,2024-07-02,regular,
1185160016,20240703,PHL,CHN,181,18,-9.0,-5.30612244897959,https://www.channelnewsasia.com/east-asia/china-urges-philippines-catch-punish-perpetrators-kidnap-killing-chinese-citizen-4454451,2024-07-03,regular,
1184834712,20240701,,CHN,1821,18,-9.0,-9.05550146056477,https://www.naturalnews.com/2024-07-01-woman-serve-longer-prison-time-offending-migrants.html,2024-07-01,regular,
1185336976,20240704,,USA,173,17,-5.0,-4.35897435897436,https://www.pinkvilla.com/entertainment/hollywood/is-teen-mom-alum-amber-portwood-no-longer-speaking-to-fiance-gary-wyat-after-missing-incident-report-1323652,2024-07-04,regular,
1185749190,20240706,EUR,CHN,138,13,-7.0,0.0,https://www.carscoops.com/2024/07/china-gives-its-automakers-grants-sales-incentives-cheap-loans-and-bargain-batteries-eu-tariff-report-finds/,2024-07-06,regular,
1185384813,20240704,,GBR,130,13,-4.4,0.25380710659899,https://www.yahoo.com/news/sale-4-2m-farms-marks-120115713.html,2024-07-04,regular,
1185639457,20240705,GBR,,138,13,-7.0,0.37593984962406,https://www.yahoo.com/news/keir-starmer-labour-aims-foreign-193356194.html,2024-07-05,regular,
1185498760,20240705,,GBR,173,17,-5.0,-1.32625994694961,https://www.lbc.co.uk/news/robert-buckland-loses-seat-general-election/,2024-07-05,regular,
1185320801,20240704,CHN,PHL,180,18,-9.0,-6.75422138836773,https://www.maritime-executive.com/article/china-philippines-pledge-to-de-escalate-tensions-in-s-china-sea,2024-07-04,regular,
1185365899,20240704,BLR,RUS,100,10,-5.0,-0.853242320819117,"https://www.farmer.pl/produkcja-roslinna/nawozy/grupa-azoty-mowi-co-wplywa-na-ceny-nawozow-i-jak-bedzie-wygladal-sezon,148509.html",2024-07-04,regular,
1185050411,20240702,USA,,130,13,-4.4,-7.25274725274725,https://www.yahoo.com/news/wildfires-butte-napa-counties-lead-193440328.html,2024-07-02,regular,
1185180657,20240703,USA,,172,17,-5.0,2.27014755959137,https://www.mercurynews.com/2024/07/03/feldman-supreme-court-social-media-ruling-is-a-free-speech-landmark/,2024-07-03,regular,
1185072362,20240702,USA,,1712,17,-9.2,-4.96070015881735,https://www.yahoo.com/news/plans-demolish-texas-church-where-225317296.html,2024-07-02,regular,
1184993476,20240702,,USA,173,17,-5.0,-6.85096153846154,https://www.yahoo.com/news/jeffrey-epstein-judge-receives-2006-135808794.html,2024-07-02,regular,
1184913120,20240702,ISR,USA,130,13,-4.4,-8.07174887892377,https://www.globalsecurity.org/military/library/news/2024/07/mil-240701-voa01.htm,2024-07-02,regular,
1185640558,20240705,,USA,173,17,-5.0,-10.9756097560975,https://thetandd.com/news/local/crime-courts/orangeburg-murder-shot-cor5oner-sheriff/article_a059d82c-3b02-11ef-a88d-7f612af817cc.html,2024-07-05,regular,
1185305183,20240704,USA,,130,13,-4.4,0.2283105022831,https://goodmenproject.com/featured-content/how-to-account-for-offshore-wind-impacts-on-oceanic-wildlife-make-a-plan/,2024-07-04,regular,
1185091589,20240703,USA,,173,17,-5.0,-6.07553366174056,https://radaronline.com/p/rebecca-grossman-newly-released-evidence-led-up-to-hit-run-conviction/,2024-07-03,regular,
1185678837,20240706,USA,,173,17,-5.0,-9.3655589123867,https://www.kitv.com/news/crime/pahoa-man-charged-with-assault-after-allegedly-pouring-gas-on-teen-threatening-to-set-him/article_b4499cf6-3b3d-11ef-b7de-ef6dfcae7518.html,2024-07-06,regular,
1184758187,20240701,USA,ESP,173,17,-5.0,5.13698630136986,https://www.lne.es/eurocopa/2024/07/01/lamine-yamal-nico-williams-piques-104720280.html,2024-07-01,regular,
1184968004,20240702,GBR,,138,13,-7.0,-2.80665280665281,https://www.heraldscotland.com/news/24424802.flynn-urges-labour-supporters-back-snp-defeat-ross/,2024-07-02,regular,
1185027377,20240702,USA,,173,17,-5.0,-7.42857142857143,https://www.deseret.com/utah/2024/07/02/trump-criminal-case-supreme-court-ruling-sentencing-delay/,2024-07-02,regular,
1185865519,20240707,USA,,130,13,-4.4,-3.46740638002774,https://www.nysun.com/article/a-new-film-summons-norman-mailer-as-a-one-of-cancel-cultures-formidable-foes,2024-07-07,regular,
1190455403,20240702,RUS,RUS,173,17,-5.0,-6.15615615615616,https://www.santacruzsentinel.com/2024/08/01/editorial-a-freed-evan-gershkovich-doesnt-change-loss-of-press-freedoms-in-autocracies/,2024-07-02,regular,
1185194650,20240703,USA,,130,13,-4.4,-5.42056074766355,https://www.clevelandjewishnews.com/jns/report-state-prosecutor-seeking-criminal-probe-against-ben-gvir-over-gaza-incitement/article_d5522c73-cd77-53ee-a99b-174daba83f97.html,2024-07-03,regular,
1185136037,20240703,USA,USA,173,17,-5.0,-2.47191011235955,https://wach.com/news/local/families-sue-richland-county-over-inhumane-jail-conditions-demand-urgent-reforms-jail-columbia-alvin-sglenn-inmates-detainees-poor-conditions-department-of-justice-harsh-treatment-inadequate,2024-07-03,regular,
1184980138,20240702,,USA,173,17,-5.0,-9.39759036144575,https://wtop.com/prince-william-county/2024/07/unusually-bad-case-va-man-gets-6-life-sentences-for-drugging-raping-underage-girls/,2024-07-02,regular,
1185470679,20240704,USA,USA,173,17,-5.0,-7.76580024484042,https://www.aftonbladet.se/nyheter/a/Rr77qd/aftonbladet-direkt?pinnedEntry=1266164,2024-07-04,regular,
1185792757,20240707,CHN,,173,17,-5.0,-5.07859733978235,https://pakobserver.net/tta-ttp-bla-and-azm-e-istehkam/,2024-07-07,regular,
1185530594,20240705,GBR,AUS,100,10,-5.0,1.05427567356502,https://www.pbo.co.uk/expert-advice/boat-restorations/how-i-restored-my-jeanneau-sun-2000-trailer-sailer-at-the-age-of-15-87939,2024-07-05,regular,
1185537726,20240705,GBR,,1711,17,-9.2,-4.54545454545455,https://russian.rt.com/russia/news/1337290-eks-sotrudnik-centralnogo-apparata-sk-kireev,2024-07-05,regular,
1185440195,20240704,JPN,CHN,174,17,-5.0,0.81799591002045,https://www.infonews.co.nz/profile.cfm?id=1253,2024-07-04,regular,
1184736419,20240701,GBR,,130,13,-4.4,-2.25872689938398,https://www.abc.net.au/news/2024-07-01/international-student-visa-fees-increase/104044792,2024-07-01,regular,
1185245612,20240703,,GBR,160,16,-4.0,-3.38770388958595,https://www.irishtimes.com/world/uk/2024/07/03/tories-warn-of-labour-landslide-in-final-day-of-election-campaigning/,2024-07-03,regular,
1185745367,20240706,GBR,,130,13,-4.4,-2.3778071334214,https://www.firstpost.com/world/new-labour-cabinet-meet-uk-pm-keir-starmers-to-work-on-fixing-domestic-woes-restoring-trust-13790159.html,2024-07-06,regular,
1184941066,20240702,,USA,173,17,-5.0,-14.5454545454546,https://www.telegraphherald.com/news/tri-state/article_52f8a2ec-37a7-11ef-979b-1be43f3c0cb5.html,2024-07-02,regular,
1185341970,20240704,USA,USA,160,16,-4.0,-0.998573466476461,https://leaderadvertiser.com/news/2024/jul/04/print-the-news-and-raise-hell/,2024-07-04,regular,
1184821306,20240701,PER,USA,186,18,-10.0,-6.96202531645569,https://wktn.com/major-drug-bust-in-allen-county-nets-55-grams-of-suspected-cocaine-3-84-pounds-of-marijuana-27-firearms-and-124760-in-cash,2024-07-01,regular,
1185126144,20240703,USA,,130,13,-4.4,-8.8541666666667,https://idrw.org/indian-firms-risk-global-backlash-for-violating-russia-sanctions-us-ambassador-to-india/,2024-07-03,regular,
1190422330,20240801,USA,,172,17,-5.0,-5.84415584415585,https://thefrontierpost.com/germany-acts-on-iranian-influence-but-is-it-enough/,2024-08-01,regular,
1190392965,20240801,USA,,1821,18,-9.0,-1.90839694656488,https://www.dailymail.co.uk/news/article-13698565/american-woman-claims-raped-lured-india-marry-lawyer-fake.html,2024-08-01,regular,
1190253596,20240801,GBR,,100,10,-5.0,-6.30372492836676,https://www.pressherald.com/2024/07/31/wedding-of-couple-connected-to-richmond-murder-brings-probation-violation-charge/,2024-08-01,regular,
1189650100,20240729,RUS,UKR,138,13,-7.0,-4.15591860131843,https://www.greanvillepost.com/2024/07/28/time-for-cautious-optimism-2/,2024-07-29,regular,
1190242198,20240731,,USA,173,17,-5.0,-10.8585858585858,https://www.dailyfreeman.com/2024/07/31/mid-hudson-valley-arrests-report-july-31-2024/,2024-07-31,regular,
1189914641,20240730,USA,USA,172,17,-5.0,-5.35055350553506,https://www.hindustantimes.com/world-news/us-news/google-responds-to-elon-musk-s-accusation-that-they-are-meddling-with-november-election-101722320194918.html,2024-07-30,regular,
1190729736,20240803,,USA,173,17,-5.0,-3.47043701799486,https://www.courant.com/2024/08/03/kevin-rennie-ct-political-leaders-might-want-to-brace-for-some-embarrassment/,2024-08-03,regular,
1189705618,20240729,CHN,,150,15,-7.2,-1.29672006102212,https://www.globalsecurity.org/wmd/library/news/myanmar/2024/myanmar-240728-rfa01.htm,2024-07-29,regular,
1190031770,20240731,,USA,182,18,-9.5,-11.5241635687732,https://elkodaily.com/news/local/crime-courts/fighting-at-ely-prison-leaves-3-dead-others-injured/article_d69913da-4ec6-11ef-854b-d34b7a1fbc01.html,2024-07-31,regular,
1190817886,20240804,LBN,USA,130,13,-4.4,-3.16622691292876,https://dailycaller.com/2024/08/03/book-any-ticket-available-us-embassy-issues-urgent-security-alert-warns-citizens-flee-emergency-situations/,2024-08-04,regular,
1189814273,20240729,GBR,,130,13,-4.4,-7.61421319796954,https://www.theguardian.com/uk-news/article/2024/jul/29/news-international-gordon-brown-tom-watson-fake-security-threat,2024-07-29,regular,
1190664090,20240802,USA,,172,17,-5.0,-2.78637770897833,https://abcnews.go.com/Health/wireStory/federal-judge-rules-floridas-transgender-health-care-ban-112525884,2024-08-02,regular,
1190252129,20240801,USA,,172,17,-5.0,-2.12765957446809,https://klewtv.com/news/nation-world/bill-aimed-at-protecting-kills-online-faces-murky-path-forward-and-legal-challenges-kids-online-safety-act-kosa-duty-of-care-privacy-targeted-advertising,2024-08-01,regular,
1190656453,20240802,USA,,174,17,-5.0,-3.0952380952381,https://www.dallasnews.com/news/texas/2024/08/02/elon-musk-accused-of-withholding-kids-from-mother-appears-in-texas-family-court/,2024-08-02,regular,
1190155115,20240731,USA,USA,141,14,-6.5,-1.74081237911025,https://www.newsweek.com/donald-trump-crowd-size-faces-test-1932533,2024-07-31,regular,
1190428834,20240801,,USA,173,17,-5.0,-2.04081632653061,https://www.yahoo.com/news/leawood-hereford-house-closes-due-170151762.html,2024-08-01,regular,
1189661081,20240729,,GBR,172,17,-5.0,-5.96411889634314,https://www.bracknellnews.co.uk/news/national/24481529.high-court-rule-whether-emergency-puberty-blocker-ban-lawful/,2024-07-29,regular,
1190837251,20240804,RUS,PSE,186,18,-10.0,-3.67107195301028,https://indiapost.com/us-general-arrives-in-middle-east-as-israel-prepares-for-possible-iranian-attack/,2024-08-04,regular,
1190206050,20240731,USA,,162,16,-5.6,0.20650654466895,https://www.dp.ru:443/a/2024/07/31/ssha-priostanovili-videlenie,2024-07-31,regular,
1190528341,20240802,USA,,130,13,-4.4,-7.97546012269939,https://www.newsweek.com/donald-trump-deportation-plan-labour-workforce-1933321,2024-08-02,regular,
1189909971,20240730,USA,,173,17,-5.0,-6.01156060923881,https://localnews8.com/news/national-world/cnn-national/2024/07/30/el-chapos-son-set-to-appear-in-court-today-after-stunning-sinaloa-cartel-arrest/,2024-07-30,regular,
1190400568,20240801,,USA,172,17,-5.0,-3.04449648711944,https://www.summitdaily.com/news/colorado-ballot-question-mountain-lion-hunting/,2024-08-01,regular,
1189883893,20240730,CHN,IRN,163,16,-8.0,-6.74157303370787,http://www.strategypage.com/%5Cqnd%5Cyemen%5Carticles%5C2024072901040.aspx,2024-07-30,regular,
1190666936,20240802,UKR,RUS,100,10,-5.0,-5.55555555555556,https://weeklyblitz.net/2024/08/03/zelensky-signs-law-to-suspend-debt-payments/,2024-08-02,regular,
1190365442,20240801,GBR,PAK,173,17,-5.0,-8.96551724137931,https://www.chennaionline.com/news/british-journalist-deported-from-pakistan-after-seeking-interview-with-imran-khan/,2024-08-01,regular,
1190516987,20240802,CYP,EUR,180,18,-9.0,-3.88185654008439,https://www.yeniduzen.com/ortadoguda-buyuk-savas-endisesi-174142h.htm,2024-08-02,regular,
1189981210,20240730,,USA,100,10,-5.0,-5.27888446215139,https://www.washingtonpost.com/dc-md-va/2024/07/30/dc-escape-psychiatric-juveniles/,2024-07-30,regular,
1190809683,20240804,USA,,180,18,-9.0,-3.25497287522604,https://www.kvue.com/article/news/local/austin-texas-new-website-for-sexual-assault-survivors/269-a78d16ba-25eb-4541-9f08-9584a8f72f88,2024-08-04,regular,
1190324557,20240801,USA,,186,18,-10.0,-4.19485791610284,https://www.timeswv.com/news/west_virginia/attorneys-suing-state-over-foster-care-say-suit-should-move-forward-kids-are-still-in/article_047d4d42-4f72-11ef-bc24-6fd73a8e7570.html,2024-08-01,regular,
1190434178,20240801,USA,,186,18,-10.0,-4.6583850931677,https://www.sott.net/article/493618-US-deploys-12-warships-to-Middle-East-as-Israel-escalates-attacks-in-region,2024-08-01,regular,
1190658533,20240802,RUS,,173,17,-5.0,-4.40713536201469,https://www.telegraph.co.uk/world-news/2024/08/02/ban-britons-from-travelling-to-russia-over-kidnap-risk/,2024-08-02,regular,
1190510032,20240802,RUS,,173,17,-5.0,-5.68031704095113,https://www.lavoz.com.ar/noticias/agencias/un-repaso-a-otros-intercambios-de-prisioneros-entre-oriente-y-occidente/,2024-08-02,regular,
1190811717,20240804,UKR,RUS,180,18,-9.0,-1.87713310580204,http://www.polispress.gr/%CE%AD%CE%BD%CE%B1-%CF%80%CE%B5%CF%81%CE%AF%CE%B5%CF%81%CE%B3%CE%BF-%CF%8C%CF%87%CE%B7%CE%BC%CE%B1-%CF%83%CF%84%CE%BF%CE%BD-%CF%80%CF%8C%CE%BB%CE%B5%CE%BC%CE%BF-%CF%84%CE%B7%CF%82-%CE%BF/,2024-08-04,regular,
1190270566,20240801,,USA,182,18,-9.5,-17.6691729323308,https://www.hngn.com/articles/262403/20240731/nevada-prison-inmates-killed-injured-hunger-strike-jail-conditions-demands.htm,2024-08-01,regular,
1190207128,20240731,RUS,,130,13,-4.4,-1.82648401826484,https://sputnikglobe.com/20240731/first-batch-of-f-16-fighters-arrive-in-ukraine---reports-1119584909.html,2024-07-31,regular,
1190663714,20240802,,USA,172,17,-5.0,-2.57142857142858,https://www.bozemandailychronicle.com/ap_news/federal-judge-rules-that-florida-s-transgender-health-care-ban-discriminates-against-state-employees/article_479e9f7f-e2b5-5161-b717-893794761141.html,2024-08-02,regular,
1190474545,20240802,,RUS,163,16,-8.0,-3.77906976744186,https://www.chiangraitimes.com/asean/indian-pm-modi-will-visit-ukraine/,2024-08-02,regular,
1190497445,20240802,,USA,173,17,-5.0,-4.24107478990818,https://www.techdirt.com/tag/reniel-meyler/,2024-08-02,regular,
1190901609,20240804,RUS,CHN,130,13,-4.4,-12.6760563380282,https://www.1tv.ru/news/2024-08-04/482404-v_tegerane_ubit_glava_politbyuro_hamas_ismail_haniya,2024-08-04,regular,
1189871448,20240730,USA,,141,14,-6.5,1.7921146953405,http://www.houstonchronicle.com/entertainment/music/article/megan-thee-stallion-kamala-harris-atlanta-hotties-19605518.php,2024-07-30,regular,
1190414394,20240801,,RUS,173,17,-5.0,-3.53982300884955,https://economictimes.indiatimes.com/news/international/world-news/freeing-killer-in-russia-prisoner-swap-not-easy-decision-germany/articleshow/112203775.cms,2024-08-01,regular,
1190008147,20240730,,USA,173,17,-5.0,-5.21472392638037,https://www.wdbj7.com/2024/07/30/man-serve-40-years-death-rockbridge-woman/,2024-07-30,regular,
1190352886,20240801,USA,,100,10,-5.0,-2.5369978858351,https://www.dailygazette.com/opinion/editorial-lowering-speed-limits-to-25-will-save-lives/article_85e683ce-4fe7-11ef-9b75-f7c2b416c9bb.html,2024-08-01,regular,
1189950166,20240730,RUS,,1712,17,-9.2,-6.59340659340659,https://www.ostro.org/news/pislya-poshyrennya-svo-na-terytoriyu-rosiyi-v-byelgorodskij-oblasti-ponad-30-tysyach-budynkiv-i-i484269,2024-07-30,regular,
1189936143,20240730,RUS,RUS,172,17,-5.0,-4.64135021097046,https://www.dw.com/ru/ilu-asina-uvezli-iz-ik-v-smolenskoj-oblasti/a-69809120,2024-07-30,regular,
1189806854,20240729,RUS,,1712,17,-9.2,-4.76190476190477,https://tverlife.ru/inregion/v-tverskoj-oblasti-iz-za-korotkogo-zamykanija-zagorelsja-dom/,2024-07-29,regular,
1190565323,20240802,USA,,154,15,-7.2,-6.54088050314466,https://www.newsweek.com/harris-presidency-would-endanger-us-all-opinion-1932199,2024-08-02,regular,
1190372517,20240801,DEU,RUS,173,17,-5.0,-8.29493087557603,https://www.breakingnews.ie/world/major-prisoner-swap-involving-us-and-russia-is-under-way-1656946.html,2024-08-01,regular,
1190828417,20240804,USA,,141,14,-6.5,-0.23980815347722,https://www.11alive.com/article/news/politics/trump-supporters-protesters-stand-outside-atlanta-rally-gsu-vance/85-ae0f17f4-a4ea-4f38-a9dc-229fe25b5fbf,2024-08-04,regular,
1190235969,20240731,USA,,173,17,-5.0,-9.13705583756348,https://fox17.com/news/local/2024-tennessee-drug-trafficker-with-operations-in-maury-lewis-counties-sentenced-to-70-months-in-prison-middle-tn,2024-07-31,regular,
1190603904,20240802,,DEU,173,17,-5.0,-4.66321243523316,https://www.spectator.co.uk/article/the-trouble-with-spy-swaps/,2024-08-02,regular,
1190434286,20240801,USA,,173,17,-5.0,-3.75234521575985,https://www.stltoday.com/news/local/crime-courts/former-death-row-inmates-slam-missouri-ag-s-effort-to-execute-marcellus-williams/article_956cdbe8-502f-11ef-a3f9-237366690f91.html,2024-08-01,regular,
1189789266,20240729,GBR,EUR,141,14,-6.5,1.36363636363637,https://www.energyvoice.com/renewables-energy-transition/wave-tidal/uk-wave-tidal/557366/apollo-completes-sea-trials-of-renewable-energy-quick-connection-system-in-orkney/,2024-07-29,regular,
1191454577,20240731,USA,USA,173,17,-5.0,-5.46075085324232,https://legalinsurrection.com/2024/08/harvard-student-who-glitter-bombed-school-president-faces-felony-charges/,2024-07-31,regular,
1190631602,20240802,USA,USA,141,14,-6.5,4.8582995951417,https://local21news.com/news/nation-world/vice-president-kamala-harris-is-the-official-democratic-presidential-nominee-delegates-dnc-chair-jaime-harrison-votes-ballots,2024-08-02,regular,
1190761692,20240803,JPN,USA,1712,17,-9.2,-1.00853374709077,https://www.dl-online.com/news/the-vault/letter-discovered-from-minnesota-sailor-lost-in-uss-indianapolis-tragedy-in-world-war-ii,2024-08-03,regular,
1189929312,20240730,,GBR,173,17,-5.0,-4.22077922077922,https://www.lbc.co.uk/news/anjem-choudary-life-sentence-terror/,2024-07-30,regular,
1190571666,20240802,GBR,CAN,173,17,-5.0,-4.78723404255319,https://www.irishecho.com/2024/8/russians-finally-free-paul-whelan,2024-08-02,regular,
1189827771,20240730,,CHN,173,17,-5.0,-6.85279187817259,https://www.bignewsnetwork.com/news/274474663/trial-begins-for-us-citizen-accused-of-acting-as-chinese-agent,2024-07-30,regular,
1190388825,20240801,,USA,173,17,-5.0,-16.2762022194821,https://www.clevelandbanner.com/news/jail-dockets-8-1-24/article_d17d9af6-4cc2-58f5-9e7c-b86604249cc9.html,2024-08-01,regular,
1190007257,20240730,USA,,160,16,-4.0,-1.08024691358025,https://www.kgou.org/podcast/kgou-pm-newsbrief/2024-07-30/pm-newsbrief-july-30-2024,2024-07-30,regular,
1190540194,20240802,MYS,CHN,181,18,-9.0,-8.89929742388759,https://www.thestar.com.my/news/nation/2024/08/02/four-killed-in-skudai-shootouts-linked-to-chinese-national039s-abduction,2024-08-02,regular,
1190432831,20240801,,USA,1384,13,-7.0,-6.58465991316932,https://www.jta.org/2024/08/01/politics/israel-is-good-at-assassinating-its-enemies-does-it-make-a-difference,2024-08-01,regular,
1190262901,20240801,USA,,130,13,-4.4,-3.04142632406922,https://freerepublic.com/tag/*/index?more=4255410,2024-08-01,regular,
1190606272,20240802,USA,RUS,173,17,-5.0,-2.8391167192429,https://www2.cbn.com/news/us/americans-freed-historic-us-russia-prisoner-swap-heres-why-critics-call-it-win-putin,2024-08-02,regular,
1190028565,20240731,,USA,180,18,-9.0,-2.56937307297019,https://www.kitv.com/news/national/why-harris-and-democrats-keep-calling-trump-and-vance-weird/article_812e93f2-d6ba-5e87-9a62-687b4572ef55.html,2024-07-31,regular,
1189972581,20240730,,RUS,172,17,-5.0,-7.75,https://www.kommersant.ru/doc/6864512,2024-07-30,regular,
1190448629,20240801,USA,,1821,18,-9.0,-6.52173913043478,https://www.yahoo.com/news/ohio-sheriff-deputy-arrested-facing-202633745.html,2024-08-01,regular,
1190204891,20240731,USA,,173,17,-5.0,-8.130081300813,http://www.westkentuckystar.com/News/Local-Regional/Murray-traffic-stop-turns-to-drug-charges-for-Cadi,2024-07-31,regular,
1190411363,20240801,USA,RUS,173,17,-5.0,-7.45044429254955,https://www.hindustantimes.com/world-news/who-has-been-freed-in-russia-west-prisoner-deal-101722532039269.html,2024-08-01,regular,
1190353376,20240801,EST,RUS,172,17,-5.0,-2.30414746543779,https://news.mail.ru/politics/62183286/,2024-08-01,regular,
1190840481,20240804,,GBR,180,18,-9.0,-7.33082706766917,https://www.rte.ie/news/2024/0804/1463399-belfast-violence/,2024-08-04,regular,
1190424212,20240801,,USA,173,17,-5.0,-4.86373165618449,https://www.wbez.org/curious-city/2024/08/01/will-this-years-democratic-national-convention-in-chicago-be-a-repeat-of-1968,2024-08-01,regular,
1190823654,20240804,,USA,100,10,-5.0,2.77777777777778,https://menafn.com/1108513994/US-VP-Harris-Has-Won-Enough-Delegate-Votes-To-Secure-Democratic-Nomination,2024-08-04,regular,
1190666283,20240802,CHN,,160,16,-4.0,-1.4657980456026,https://www.heritage.org/defense/report/hagel-kerry-and-brennan-senate-confirmation-hearings-cybersecurity-and-internet,2024-08-02,regular,
1190890215,20240804,GBR,,1712,17,-9.2,-8.02139037433155,https://www.irishexaminer.com/world/arid-41450167.html,2024-08-04,regular,
1190452764,20240801,USA,USA,173,17,-5.0,-10.8391608391608,https://www.startribune.com/man-gets-13-year-sentence-for-setting-another-man-ablaze-in-brooklyn-center-causing-severe-injuries/600617528,2024-08-01,regular,
1189779482,20240729,USA,,174,17,-5.0,-11.5107913669065,https://abc17news.com/news/2024/07/29/with-dui-related-ejection-from-army-deputy-who-killed-massey-should-have-raised-flags-experts-say/,2024-07-29,regular,
1190456197,20240801,RUS,EUR,173,17,-5.0,-0.80296479308215,https://indianexpress.com/article/world/here-is-how-world-reacted-to-us-russia-prisoner-swap-9489968/,2024-08-01,regular,
1190441666,20240801,RUS,,173,17,-5.0,-3.83631713554988,https://tribune.com.pk/story/2484794/historic-swap-26-prisoners-exchanged-between-russia-and-west,2024-08-01,regular,
1190105480,20240731,USA,,172,17,-5.0,-0.37267080745342,https://www.telegraphherald.com/news/tri-state/article_97863920-4eb2-11ef-a812-9b727521b4a5.html,2024-07-31,regular,
1190351296,20240801,RUS,,173,17,-5.0,-5.74712643678161,https://manager.bg/%D1%81%D0%B2%D1%8F%D1%82/fox-news-rusia-ste-varne-v-sast-do-24-chasa-osadenia-za-shpionaz-zurnalist-ot-wall-street-journal-gereshkovich,2024-08-01,regular,
1190875483,20240804,UKR,RUS,100,10,-5.0,-9.66767371601206,https://eng.obozrevatel.com/section-war/news-russians-should-seek-liberation-from-the-mad-dictator-putin-not-the-lifting-of-sanctions-yermak-04-08-2024.html,2024-08-04,regular,
1190434878,20240801,PSE,CHN,186,18,-10.0,-8.8865096359743,https://oumma.com/les-funerailles-dismail-haniyeh-ont-eu-lieu-ce-jeudi-matin-a-teheran-trois-jours-de-deuil-national-ont-ete-decretes/,2024-08-01,regular,
1190333888,20240801,USA,,100,10,-5.0,-0.62735257214555,https://www.heritage.org/education/report/venezuelas-education-lesson,2024-08-01,regular,
1190777983,20240803,USA,UKR,172,17,-5.0,-2.96875,https://lenta.ru/news/2024/08/03/kiev-poobeschal-moschnye-udary-po-territorii-rossii-pochemu-etim-zayavleniyam-ne-veryat-v-moskve/,2024-08-03,regular,
1190239434,20240731,USA,,1821,18,-9.0,-8.5594989561587,https://gazette.com/colorado_politics/boulder-mans-attempted-sex-assault-conviction-overturned-for-detectives-actions/article_c1b9df13-130f-52b0-b7c7-ea0535edd45b.html,2024-07-31,regular,
1190910756,20240804,USA,LBN,160,16,-4.0,-4.13943355119826,https://www.aljoumhouria.com/ar/news/728629/al-joumhouria-news-summary,2024-08-04,regular,
1190529542,20240802,,CHN,173,17,-5.0,-7.32758620689657,https://www.scmp.com/news/hong-kong/law-and-crime/article/3272947/hong-kong-police-use-surveillance-camera-footage-identify-arrest-woman-57-theft,2024-08-02,regular,
1189814942,20240729,USA,,180,18,-9.0,-8.80281690140843,https://www.kwtx.com/2024/07/29/waco-man-sentenced-25-years-prison-sexual-assault-boy/,2024-07-29,regular,
1189975070,20240730,RUS,CHN,163,16,-8.0,-3.46320346320346,https://www.svoboda.org/a/obezvreditj-pekin-es-sanktsii-protiv-kitaya-i-voyna-v-ukraine/33054740.html,2024-07-30,regular,
1190055268,20240731,GBR,GBR,173,17,-5.0,-5.38302277432712,https://www.dawn.com/news/1849104/uk-preacher-anjem-choudary-jailed-for-life-for-terrorism-offences,2024-07-31,regular,
1190681980,20240803,USA,PSE,186,18,-10.0,-1.48367952522255,https://www.real.gr/kosmos/arthro/enisxyontai_oi_dynameis_ton_ipa_sti_m_anatoli_gia_to_endexomeno_epithesis_tou_iran_sto_israil-1038047/,2024-08-03,regular,
1190389640,20240801,,RUS,173,17,-5.0,-4.03225806451613,https://www.marketscreener.com/quote/currency/US-DOLLAR-RUSSIAN-ROUBLE--2370597/news/Evan-Gershkovich-the-Russia-reporter-who-became-the-story-47533783/,2024-08-01,regular,
1190229461,20240731,,USA,173,17,-5.0,-6.46551724137931,https://www.fox29.com/news/man-accused-of-exposing-himself-to-2-teens-at-burlington-county-park-police,2024-07-31,regular,
1190878176,20240804,USA,,154,15,-7.2,-7.64587525150905,https://businessmirror.com.ph/2024/08/04/israel-kills-9-palestinian-militants-in-the-west-bank-as-nervous-region-watches-latest-on-cease-fire-talks/,2024-08-04,regular,
1190725585,20240803,RUS,USA,173,17,-5.0,-5.73065902578796,https://www.postregister.com/news/world/us-russia-complete-biggest-prisoner-swap-in-post-soviet-history-freeing-gershkovich-whelan/article_36d67ce0-503b-11ef-aef5-437d5dd56720.html,2024-08-03,regular,
1189782877,20240729,NLD,USA,141,14,-6.5,-5.27859237536657,https://www.ktsa.com/trump-gunman-planned-to-use-explosives-to-escape-rally-site-lawmaker-says/,2024-07-29,regular,
1190275903,20240801,USA,,174,17,-5.0,-3.5140562248996,https://www.denverpost.com/2024/07/31/colorado-wildfires-quarry-alexander-mountain-residents-evacuation-calls/,2024-08-01,regular,
1190652584,20240802,FRA,IRN,130,13,-4.4,-5.81395348837209,https://www.liberation.fr/international/moyen-orient/de-serieuses-defaillances-chez-tsahal-42-millions-de-tonnes-de-decombres-a-gaza-les-francais-en-danger-en-iran-lactu-du-conflit-au-proche-orient-ce-2-aout-20240802_PMT4NNLQXVFOREDCDZQ4DDI26M/,2024-08-02,regular,
1195106078,20240828,NGA,EUR,100,10,-5.0,-0.31152647975078,https://dailypost.ng/2024/08/28/simon-ekpa-reacts-to-move-by-nigerian-govt-to-extradite-him-from-finland/,2024-08-28,regular,
1195451127,20240830,JPN,,160,16,-4.0,-3.32778702163062,https://finance.yahoo.com/news/typhoon-shanshan-churns-over-japan-094908065.html,2024-08-30,regular,
1195039994,20240828,USA,,173,17,-5.0,-8.67052023121383,https://svenska.yle.fi/a/7-10062828,2024-08-28,regular,
1195296134,20240829,,USA,173,17,-5.0,-10.7777231240094,https://www.bunburymail.com.au/story/8747201/mother-us-man-jailed-over-sexual-abuse-of-daughter/,2024-08-29,regular,
1194710785,20240826,FRA,NGA,173,17,-5.0,-7.18562874251497,https://www.nigerianeye.com/2024/08/telegram-founder-arrested-in-france.html,2024-08-26,regular,
1195622853,20240830,USA,,180,18,-9.0,-7.9470198675497,https://www.breitbart.com/politics/2024/08/30/illegal-ms-13-gang-member-freed-into-u-s-by-biden-harris-dhs-gets-70-years-in-prison-for-murdering-kayla-hamilton/,2024-08-30,regular,
1195801558,20240901,,USA,130,13,-4.4,-8.5972850678733,https://dailypost.ng/2024/09/01/us-election-youll-bring-poverty-youre-weak-trump-attacks-kamala-harris/,2024-09-01,regular,
1194715308,20240826,,GBR,173,17,-5.0,-8.37696335078534,https://www.thisislocallondon.co.uk/news/24541762.southwark-underground-station-killing-man-charged/,2024-08-26,regular,
1195752227,20240901,USA,,173,17,-5.0,-4.66299614955558,https://santamariatimes.com/ap/national/border-arrests-are-expected-to-rise-slightly-in-august-but-are-hovering-near-4-year/article_13521cf6-dea1-5773-bbf7-646b281585d7.html,2024-09-01,regular,
1195488134,20240830,USA,BOL,173,17,-5.0,-7.78947368421053,https://www.nbcsandiego.com/news/national-international/suspects-charged-in-marijuana-thefts/3610100/,2024-08-30,regular,
1194996743,20240827,USA,,180,18,-9.0,-18.1159420289855,https://kiwaradio.com/news/sanborn-man-faces-felony-assault-charge/,2024-08-27,regular,
1194853605,20240827,,JPN,173,17,-5.0,-4.15140415140415,https://www.eldiario.es/internacional/arresto-famoso-activista-caza-ballenas-buscado-japon-pone-dinamarca-aprieto_1_11596718.html,2024-08-27,regular,
1194740479,20240826,CHN,PRK,130,13,-4.4,3.26530612244898,https://blitz.bg/svyat/sashch-modernizirat-bazite-si-v-indo-tikhookeanskiya-region-sreshchu-ataki-ot-pekin-i-pkhenyan_news1036264.html,2024-08-26,regular,
1194697771,20240826,FRA,,173,17,-5.0,-2.80607432559895,https://www.trthaber.com/haber/dunya/fransa-telegramin-kurucusu-durovun-gozalti-suresini-uzatti-874633.html,2024-08-26,regular,
1195451683,20240830,USA,,1821,18,-9.0,-6.44122383252818,https://www.breitbart.com/politics/2024/08/28/migrant-accused-coney-island-rape-was-freed-u-s-biden-harris-parole-pipeline/,2024-08-30,regular,
1195839501,20240901,RUS,,154,15,-7.2,-7.96178343949044,https://www.pravda.com.ua/eng/news/2024/09/1/7472960/,2024-09-01,regular,
1194669765,20240826,JPN,,1822,18,-9.0,-1.89274447949526,https://zdnet.co.kr/view/?no=20240826145431,2024-08-26,regular,
1195657289,20240831,USA,,141,14,-6.5,4.36681222707423,https://www.aero-news.net/FullsizeImage.cfm?do=main.textpost&id=3E823F3A-4C9B-446F-B696-CA82B575D512,2024-08-31,regular,
1195659532,20240831,USA,,160,16,-4.0,0.80726538849647,https://nkytribune.com/2024/08/northern-kentucky-university-to-dissolve-office-of-inclusive-excellence-says-president-cady-short-thompson/,2024-08-31,regular,
1195750923,20240901,,DEU,173,17,-5.0,-5.05676566452617,https://www.iwradio.co.uk/news/sky-news/divisions-exposed-as-sunday-vote-gives-far-right-chance-to-tighten-grip-in-germany/,2024-09-01,regular,
1195239913,20240829,USA,USA,173,17,-5.0,-1.32450331125828,https://townhall.com/tipsheet/saraharnold/2024/08/28/harris-campaign-cant-decide-on-its-fracking-policy-n2644064,2024-08-29,regular,
1194793212,20240826,FRA,RUS,173,17,-5.0,-3.81231671554252,https://es.euronews.com/my-europe/2024/08/26/macron-asegura-que-no-hay-motivaciones-politicas-en-el-arresto-de-pavel-durov-ceo-de-teleg,2024-08-26,regular,
1195006832,20240827,USA,CAN,1721,17,-5.0,-2.29182582123758,https://torontosun.com/opinion/columnists/facebook-denounces-their-own-censorship-over-covid,2024-08-27,regular,
1195369284,20240829,USA,,173,17,-5.0,-6.34146341463415,https://www.yahoo.com/news/three-baggies-cocaine-found-during-135426253.html,2024-08-29,regular,
1195303378,20240829,,RUS,163,16,-8.0,-2.12765957446808,https://www.yahoo.com/news/frances-macron-visits-serbia-boost-095018318.html,2024-08-29,regular,
1195264736,20240829,RUS,,143,14,-6.5,-0.719424460431655,https://www.sostav.ru/publication/rossijskie-polzovateli-perekhodyat-na-otechestvennye-konstruktory-sajtov-69728.html,2024-08-29,regular,
1195590162,20240830,USA,,173,17,-5.0,-7.37073707370741,https://www.10news.com/us-news/crime/court-orders-new-hearing-for-adnan-syed-in-serial-murder-case,2024-08-30,regular,
1195116659,20240828,CHN,,173,17,-5.0,-2.22222222222222,http://www.chinadaily.com.cn/a/202408/28/WS66cf06c3a31060630b92573d.html,2024-08-28,regular,
1194762751,20240826,UKR,RUS,130,13,-4.4,-3.27868852459017,https://www.yerelgundem.com/zelenskyy-calls-for-stronger-international-support-following-massive-russian-attack-on-ukraine,2024-08-26,regular,
1195079691,20240828,USA,,173,17,-5.0,-5.1413881748072,https://www.nwaonline.com/news/2024/aug/28/texarkana-pill-mill-doctor-sentenced-to-eight/,2024-08-28,regular,
1195423387,20240829,UKR,RUS,154,15,-7.2,-2.71493212669683,https://www.yahoo.com/news/russian-authorities-form-armed-volunteer-220338564.html,2024-08-29,regular,
1195176970,20240828,USA,,173,17,-5.0,-5.35947712418301,https://pjmedia.com/robert-spencer/2024/08/28/pope-to-the-west-drop-dead-n4932056,2024-08-28,regular,
1195631308,20240831,USA,,173,17,-5.0,-6.94294940796556,http://www.expressnews.com/news/article/jacobe-ferguson-iconic-village-judge-impatient-19726858.php,2024-08-31,regular,
1195162648,20240828,GBR,USA,173,17,-5.0,-1.89673340358272,https://www.newsbusters.org/blogs/nb/mark-finkelstein/2024/08/28/cnns-british-hack-whacks-trump-j-6-prosecution-defends-kamalas,2024-08-28,regular,
1194733471,20240826,UKR,RUS,180,18,-9.0,-7.56578947368421,https://www.naftemporiki.gr/kosmos/1749841/mplak-aoyt-stin-oykrania-apo-osikoys-mazikoys-vomvardismoys-se-energeiakes-ypodomes/,2024-08-26,regular,
1195766005,20240901,USA,USA,173,17,-5.0,-6.97674418604651,https://www.heritage.org/immigration/commentary/toll-border-crisis-states-texas,2024-09-01,regular,
1194983818,20240827,USA,,100,10,-5.0,-1.05708245243129,https://www.azfamily.com/2024/08/27/letter-rep-ruben-gallego-opposes-consent-decree-between-doj-phoenix-pd/,2024-08-27,regular,
1195461892,20240830,USA,USA,130,13,-4.4,-1.77165354330709,https://www.foxweather.com/lifestyle/los-alamos-plutonium-levels-nuclear-testing-find,2024-08-30,regular,
1195484506,20240830,UKR,RUS,172,17,-5.0,-2.69478617457527,https://www.rferl.org/a/russia-ukraine-orthodox-church-war/33098290.html,2024-08-30,regular,
1194821888,20240827,,GBR,173,17,-5.0,-5.77956989247312,https://www.express.co.uk/news/uk/1940735/notting-hill-carnival-horror-stabbed-guns-arrested,2024-08-27,regular,
1195574575,20240829,GBR,,173,17,-5.0,-4.27807486631016,https://www.romfordrecorder.co.uk/news/24552664.woodford-green-drug-dealer-rourke-lorenzo-david-sentenced/,2024-08-29,regular,
1195320676,20240829,USA,RUS,172,17,-5.0,-5.3864168618267,"https://www.novinite.com/articles/228026/Russia+Imposes+Entry+Bans+on+92+US+Nationals,+Targeting+Journalists+and+Military+Officials",2024-08-29,regular,
1195739110,20240831,USA,,1822,18,-9.0,-10.2996254681648,https://www.dailymail.co.uk/news/article-13800135/Girl-Oregon-tied-torture-javon-ingram-duncan.html,2024-08-31,regular,
1195824126,20240901,USA,,186,18,-10.0,0.0,https://targetednews.com/pr_disp.php?pr_id=8797919,2024-09-01,regular,
1195343529,20240829,GRC,GBR,130,13,-4.4,-4.57317073170731,https://www.birminghammail.co.uk/travel/greece-warns-uk-tourists-visiting-29831837,2024-08-29,regular,
1195627495,20240831,,USA,173,17,-5.0,-6.28612716763005,https://www.bignewsnetwork.com/news/274540543/trumps-legal-troubles-persist-as-election-draws-nearer,2024-08-31,regular,
1195262363,20240829,USA,,173,17,-5.0,-6.48148148148148,https://www.wqcs.org/wqcs-news/2024-08-28/governor-desantis-highlights-floridas-law-and-order-priorities,2024-08-29,regular,
1195483602,20240830,RUS,RUS,1821,18,-9.0,-2.11864406779661,https://revista-ferma.ro/pretul-cerealelor-isi-continua-cresterea-graul-sare-peste-200-euro-tona-iar-rapita-este-pe-val-exporturile-franceze-scad-dramatic/,2024-08-30,regular,
1195782824,20240901,KIR,CHN,100,10,-5.0,-0.34682080924855,https://www.rnz.co.nz/international/pacific-news/526760/we-ll-remove-it-pacific-caves-to-china-s-demand-to-exclude-taiwan-from-leaders-communique,2024-09-01,regular,
1195822370,20240901,RUS,UKR,138,13,-7.0,-5.98023920956838,https://foreignpolicy.com/2024/09/01/ukraine-russia-war-history-middle-ages-comparison-kursk/?tpcc=recirc_trending062921,2024-09-01,regular,
1195629009,20240831,USA,,130,13,-4.4,-4.16666666666667,https://kffm.com/ixp/112/p/washington-deadliest-roads/,2024-08-31,regular,
1194996723,20240827,USA,,130,13,-4.4,-7.56302521008403,https://wtmj.com/news/2024/08/27/severe-thunderstorm-warnings-extended-severe-thunderstorm-watch-issued/,2024-08-27,regular,
1195624877,20240830,,USA,173,17,-5.0,-1.98807157057654,http://www.sfchronicle.com/climate/article/fracking-california-harris-19733623.php,2024-08-30,regular,
1195088590,20240828,USA,,173,17,-5.0,-7.21271393643032,https://www.arkansasonline.com/news/2024/aug/28/1st-rioter-to-enter-us-capitol-gets-4-years-in/,2024-08-28,regular,
1195670825,20240831,USA,,172,17,-5.0,-3.39805825242719,https://www.kgw.com/article/news/politics/oregon-ghost-gun-ban/283-e45a99f3-1524-429f-afe2-db084220ddc5,2024-08-31,regular,
1195470692,20240830,USA,USA,130,13,-4.4,-2.66666666666667,https://www.yahoo.com/news/high-plutonium-levels-found-near-020555055.html,2024-08-30,regular,
1195486199,20240830,USA,,173,17,-5.0,-10.6194690265487,https://www.heraldstandard.com/editors_pick/2024/aug/30/uniontown-man-accused-of-paying-teen-to-carry-out-fatal-shooting-will-head-to-trial/,2024-08-30,regular,
1195433064,20240830,USA,,172,17,-5.0,-8.60849056603771,https://mynewsla.com/crime/2024/08/29/three-suspects-in-killing-of-actor-johnny-wactor-plead-not-guilty-2/,2024-08-30,regular,
1195489466,20240830,FRA,,172,17,-5.0,2.80373831775701,https://www.lafm.com.au/local-news/tasmanias-hard-line-on-vapes/,2024-08-30,regular,
1195055022,20240828,UKR,RUS,180,18,-9.0,-1.80505415162455,https://news.okezone.com/read/2024/08/28/18/3055373/yakin-menang-lawan-rusia-zelensky-ukraina-akan-sampaikan-rencana-kemenangan-ke-joe-biden,2024-08-28,regular,
1195619860,20240830,USA,,180,18,-9.0,-13.6563876651983,https://www.yahoo.com/news/utica-man-little-falls-woman-194124674.html,2024-08-30,regular,
1194684959,20240826,RUS,FRA,173,17,-5.0,-7.37463126843657,https://www.fudzilla.com/news/59578-telegram-founder-arrested-in-france,2024-08-26,regular,
1195061293,20240828,USA,,1712,17,-9.2,-0.74257425742574,https://arizonadailyindependent.com/2024/08/27/esa-program-leaves-state-education-funding-4-3-million-under-budget/,2024-08-28,regular,
1195558912,20240830,MNG,RUS,173,17,-5.0,-1.86170212765957,https://www.digi24.ro/stiri/externe/kremlinul-spune-ca-putin-nu-va-fi-arestat-la-sosirea-in-mongolia-nu-este-nicio-ingrijorare-2912095,2024-08-30,regular,
1195724787,20240831,,USA,173,17,-5.0,3.06122448979591,https://lostcoastoutpost.com/2024/aug/31/obituary-richard-alan-crowston-1940-2024/,2024-08-31,regular,
1195075728,20240828,GBR,,1721,17,-5.0,-6.58227848101266,https://www.ccma.cat/324/una-ministra-escocesa-demana-tancar-la-web-que-es-burla-del-balconing-a-les-balears-es-cruel/noticia/3308859/,2024-08-28,regular,
1195342946,20240829,AUS,USA,173,17,-5.0,-0.584795321637429,https://www.shtfplan.com/headline-news/natural-law-and-rothbardian-liberty,2024-08-29,regular,
1194772771,20240826,USA,,172,17,-5.0,-6.20525059665871,https://www.androidheadlines.com/2024/08/russia-google-money.html,2024-08-26,regular,
1195224511,20240829,USA,,160,16,-4.0,-10.2702702702702,https://www.kdlg.org/news/2024-08-28/former-curyung-tribe-employee-faces-federal-indictment,2024-08-29,regular,
1194806508,20240827,,USA,130,13,-4.4,-7.40740740740741,https://www.fox32chicago.com/news/massachusetts-deadly-mosquito-virus-what-know-august-2024,2024-08-27,regular,
1195585688,20240830,GBR,GBR,141,14,-6.5,-2.02020202020203,https://www.thecomet.net/news/24552784.gails-opening-bakery-hitchin/,2024-08-30,regular,
1195616849,20240830,RUS,,173,17,-5.0,-6.00558659217877,https://tass.com/society/1836073,2024-08-30,regular,
1195476153,20240830,RUS,,173,17,-5.0,-3.62903225806451,https://tass.ru/proisshestviya/21722231,2024-08-30,regular,
1195597294,20240830,USA,,143,14,-6.5,-2.49343832020998,https://www.kavkaz-uzel.eu/articles/403228,2024-08-30,regular,
1195324649,20240829,ARM,RUS,173,17,-5.0,-2.67857142857143,https://news.am/eng/news/839903.html,2024-08-29,regular,
1194799587,20240826,USA,,180,18,-9.0,-4.71869328493648,https://www.yahoo.com/news/man-posing-rideshare-driver-arrested-230654100.html,2024-08-26,regular,
1194923004,20240827,DEU,UKR,162,16,-5.6,-6.28019323671498,https://www.eurointegration.com.ua/news/2024/08/27/7192917/,2024-08-27,regular,
1195076812,20240828,,USA,173,17,-5.0,-7.6171875,https://www.enewspf.com/law-and-order/rockford-woman-faces-two-counts-of-child-endangerment-in-dui-arrest/,2024-08-28,regular,
1194647169,20240826,EUR,ISR,160,16,-4.0,-6.35838150289017,https://www.ndtv.com/world-news/media-groups-urge-eu-to-sanction-israel-for-death-of-journalists-in-gaza-6419070,2024-08-26,regular,
1195387410,20240829,,USA,100,10,-5.0,-0.97629009762901,https://www.themountainmail.com/news/article_6932d040-661a-11ef-a256-dba9fe1690c2.html,2024-08-29,regular,
1194960841,20240827,FRA,IRN,139,13,-7.0,-4.52079566003617,https://news.az/news/-france-pressures-tehran-what-s-behind-the-tough-measures,2024-08-27,regular,
1195291814,20240829,,USA,173,17,-5.0,-10.6849315068493,https://www.arkansasonline.com/news/2024/aug/29/in-the-news/,2024-08-29,regular,
1195231448,20240829,USA,USA,138,13,-7.0,-3.38680926916221,https://www.coastfm.co.uk/news/world/trump-gunman-spent-months-researching-potential-targets,2024-08-29,regular,
1195447683,20240830,USA,USA,180,18,-9.0,-8.95522388059701,https://foxsanantonio.com/newsletter-daily/authorities-search-for-man-accused-of-sexual-assault-of-child,2024-08-30,regular,
1194816651,20240827,USA,USA,173,17,-5.0,-6.54761904761905,https://www.atlantanewsfirst.com/2024/08/26/former-apd-officer-arrested-enticing-child-charge/,2024-08-27,regular,
1194753172,20240826,FRA,,173,17,-5.0,-2.71186440677966,https://qz.com/telegram-ceo-pavel-durov-arrested-france-1851631446,2024-08-26,regular,
1194838746,20240827,CHN,CHN,160,16,-4.0,-1.21951219512195,https://menafn.com/1108603767/Indian-Navys-INS-Mumbai-And-3-Chinese-Warships-Dock-In-Colombo-Simultaneously-Amid-Rising-Strategic-Rivalry,2024-08-27,regular,
1195434510,20240830,USA,,1711,17,-9.2,0.5449591280654,https://noticiassin.com/70-haitianos-y-28-dominicanos-interceptados-en-una-yola-con-destino-a-puerto-rico-1708171/,2024-08-30,regular,
1195580725,20240830,UKR,RUS,180,18,-9.0,1.02564102564103,https://www.maalaimalar.com/tags/slug-261352,2024-08-30,regular,
1195270037,20240829,,USA,172,17,-5.0,-1.21107266435986,https://www.tayyar.org/News/Business/621061/_guid=621061,2024-08-29,regular,
1195207531,20240828,,USA,173,17,-5.0,-11.1111111111112,https://www.ksl.com:443/article/51110773/noncompliant-utah-sex-offender-charged-with-voyeurism-at-library-,2024-08-28,regular,
1195290621,20240829,RUS,UKR,163,16,-8.0,0.45662100456621,https://www.globalsecurity.org/military/library/news/2024/08/mil-240828-rferl02.htm,2024-08-29,regular,
1195520513,20240830,MEX,USA,173,17,-5.0,-2.01005025125628,https://www.dredgingtoday.com/2024/08/30/usace-to-build-underwater-sill-to-arrest-saltwater-progression/,2024-08-30,regular,
1194896511,20240827,CHN,PHL,154,15,-7.2,-3.35195530726256,https://www.newsweek.com/china-news-coast-guard-blocks-philippines-territory-1944712,2024-08-27,regular,
1194846548,20240827,BRA,GBR,172,17,-5.0,-2.49554367201426,https://www.heraldscotland.com/news/24524281.cosmetic-sector-regulation-going/,2024-08-27,regular,
1195360130,20240829,USA,,1721,17,-5.0,-4.8582995951417,https://www.alertadigital.com/2024/08/29/nos-vemos-en-las-calles/,2024-08-29,regular,
1195527221,20240830,DEU,,130,13,-4.4,-7.2855464159812,https://www.dw.com/en/solingen-knife-attack-prompts-tough-security-measures-in-germany/a-70092549,2024-08-30,regular,
1195574956,20240830,,USA,100,10,-5.0,-1.59151193633953,https://mondoweiss.net/2024/08/harris-says-she-wont-stop-bidens-policy-of-sending-weapons-to-israel/,2024-08-30,regular,
1195097897,20240828,USA,,1722,17,-5.0,-2.40384615384615,https://www.blackseanews.net/read/221314,2024-08-28,regular,
1195165360,20240828,USA,,173,17,-5.0,-3.96039603960396,https://www.oranews.tv/vendi/e-ngarkuara-me-pune-e-shba-ve-vanhorn-takohet-me-altin-dumanin-vazhdoni-pu-i1181718,2024-08-28,regular,
1202112204,20241004,PSE,USA,186,18,-10.0,-4.70588235294117,https://www.blackagendareport.com/black-agenda-radio-october-4-2024,2024-10-04,regular,
1201728965,20241002,,USA,173,17,-5.0,-5.97014925373134,https://www.kosu.org/politics/2024-10-02/tulsa-mayoral-candidates-differ-on-reparations-for-race-massacre-survivors,2024-10-02,regular,
1201669529,20241002,,RUS,163,16,-8.0,-0.88757396449704,https://www.agenzianova.com/news/nikkei-corea-del-sud-francia-e-italia-rilevano-quote-nel-mercato-degli-armamenti-perse-dalla-russia/,2024-10-02,regular,
1201986968,20241003,RUS,UKR,172,17,-5.0,-4.54545454545455,https://www.politico.eu/article/ukraine-war-ends-restore-relations-russia-slovakia-robert-fico/,2024-10-03,regular,
1201554504,20241001,USA,USA,138,13,-7.0,-3.21361058601134,https://www.lavanguardia.com/internacional/20241001/9988116/biden-convoca-equipo-seguridad-nacional-planificar-defensa-israel.html,2024-10-01,regular,
1202522229,20241006,,USA,130,13,-4.4,-1.94954128440367,https://www.yahoo.com/news/battleground-state-public-education-advocates-181718226.html,2024-10-06,regular,
1201173939,20240930,USA,,163,16,-8.0,-4.84210526315789,https://www.wgauradio.com/news/world/an-israeli-airstrike/HSZCW7X4NREWXED4N62PILRFHE/,2024-09-30,regular,
1202158851,20241004,,USA,172,17,-5.0,-3.82916053019146,https://californiahealthline.org/news/article/california-attorney-general-lawsuit-emergency-abortion-catholic-hospitals/,2024-10-04,regular,
1201876891,20241003,USA,,173,17,-5.0,-6.4516129032258,https://www.10news.com/news/fact-or-fiction/fact-or-fiction-police-mistook-dried-spaghettio-sauce-on-a-spoon-for-meth,2024-10-03,regular,
1201580547,20241001,RUS,UKR,172,17,-5.0,-2.45022970903522,https://www.sova-center.ru/misuse/news/persecution/2024/10/d49907/,2024-10-01,regular,
1201710606,20241002,USA,USA,100,10,-5.0,-3.16455696202532,https://www.wdadradio.com/2024/10/02/first-responders-deal-with-transformer-fire-utility-lines-down-gas-leak/,2024-10-02,regular,
1201773136,20241002,USA,,172,17,-5.0,1.81430096051228,https://www.theadvocate.com/baton_rouge/entertainment_life/food_restaurants/baton-rouge-onigiri-oni225/article_b5c3bfc8-7475-11ef-a47d-6f103eedd185.html,2024-10-02,regular,
1202244970,20241004,,GBR,172,17,-5.0,-2.35690235690236,https://www.bmj.com/careers/job/209854/consultant-oncologist-medical-or-clinical-/,2024-10-04,regular,
1201739502,20241002,USA,USA,100,10,-5.0,1.70603674540682,https://www.outerbanksvoice.com/2024/10/02/dare-lwv-ed-board-forum-highlights-agreements-and-differences/,2024-10-02,regular,
1201884977,20241003,GBR,SLE,130,13,-4.4,-2.75482093663912,https://www.worcesternews.co.uk/news/24624227.university-worcester-historians-work-british-library-display/,2024-10-03,regular,
1201443632,20241001,,CHN,150,15,-7.2,-3.72272143774069,https://economictimes.indiatimes.com/news/defence/watch-as-russian-fighter-jet-nearly-hits-us-f-16-near-alaska-amid-military-drills-raises-tensions/articleshow/113843067.cms,2024-10-01,regular,
1201818014,20241002,USA,,160,16,-4.0,-0.203252032520325,https://www.yahoo.com/news/know-voter-registration-oklahoma-180211787.html,2024-10-02,regular,
1201712130,20241002,,USA,173,17,-5.0,-3.92857142857143,https://www.arkansasonline.com/news/2024/oct/02/in-the-news/,2024-10-02,regular,
1201296769,20240930,USA,ITA,173,17,-5.0,-11.71875,https://www.wktv.com/news/crime/search-warrants-related-to-august-shooting-incident-in-rome-lead-to-arrest/article_ef688efc-7f38-11ef-b3f0-470f01609df1.html,2024-09-30,regular,
1202056998,20241003,USA,,160,16,-4.0,-2.29681978798587,https://gazette.com/news/wex/harris-and-trump-find-common-enemy-to-blame-for-port-strike/article_95f37c81-f0c9-5b53-9443-4d1ffb55d730.html,2024-10-03,regular,
1201382816,20241001,GBR,PSE,173,17,-5.0,2.08333333333333,https://www.nme.com/news/music/listen-to-biig-piigs-new-electro-single-4am-radar-3798393,2024-10-01,regular,
1201748830,20241002,,GBR,173,17,-5.0,-4.58471760797342,https://www.bbc.co.uk/news/articles/c4g4e3pvngno,2024-10-02,regular,
1201655878,20241002,JPN,MMR,175,17,-9.0,-2.01149425287356,https://eng.mizzima.com/2024/10/02/14603,2024-10-02,regular,
1201536541,20241001,USA,,154,15,-7.2,-5.49828178694158,https://finance.yahoo.com/news/us-says-iran-preparing-hit-153826539.html,2024-10-01,regular,
1202397669,20241005,USA,USA,185,18,-8.0,-1.998001998002,https://www.eastidahonews.com/2024/10/trump-is-returning-to-the-site-of-pennsylvania-assassination-attempt-for-a-rally-with-vance-and-musk/,2024-10-05,regular,
1201539440,20241001,USA,,138,13,-7.0,-2.10084033613445,https://www.yahoo.com/news/port-strike-affect-florida-cargo-164143200.html,2024-10-01,regular,
1201740501,20241002,RUS,UKR,172,17,-5.0,-10.1449275362319,https://www.kasparov.ru/material.php?id=66FD365B25C69,2024-10-02,regular,
1201248869,20240930,,RUS,130,13,-4.4,-7.49063670411985,https://evz.ro/rusia-doboara-100-drone-ucrainene-mari-baraje-razboiului.html,2024-09-30,regular,
1201210868,20240930,DEU,,130,13,-4.4,-4.17101147028154,https://jamaica-gleaner.com/article/world-news/20240930/new-govt-pledges-hard-line-stance-migration-it-cosies-far-right,2024-09-30,regular,
1201295428,20240930,,USA,182,18,-9.5,-6.72169811320755,https://www.dailymail.co.uk/news/article-13907237/Utah-murder-son-father-cops-arrest-logan-canyon-dennis-shaw-eviction.html,2024-09-30,regular,
1202038550,20241003,USA,,143,14,-6.5,-5.60747663551402,https://www.firstcoastnews.com/article/news/regional/florida/desantis-responds-to-florida-port-strike/77-4c412498-cbe0-4c7e-84e0-cbf08c0cf2b2,2024-10-03,regular,
1201276804,20240930,USA,,1822,18,-9.0,-4.42122186495177,https://www.ziuanews.ro/editorial/doar-c-nd-e-pe-placul-mecherilor-americani-1584752,2024-09-30,regular,
1202489694,20241006,USA,,173,17,-5.0,-10.5919003115264,https://www.yahoo.com/news/flemming-island-man-found-guilty-131433075.html,2024-10-06,regular,
1201821482,20241002,,USA,100,10,-5.0,-7.11009174311927,https://www.samaa.tv/2087321832-us-president-biden-says-no-to-israeli-attack-on-iran-s-nuclear-facilities,2024-10-02,regular,
1201637176,20241002,GBR,IRN,130,13,-4.4,-4.26540284360189,https://www.israelnationalnews.com/news/397060,2024-10-02,regular,
1202452899,20241006,,USA,140,14,-6.5,-7.65765765765765,https://timesofindia.indiatimes.com/world/us/we-spread-the-misinformation-journalist-sets-arm-on-fire-outside-white-house-during-anti-israel-protest/articleshow/113980462.cms,2024-10-06,regular,
1201617517,20241002,USA,USA,138,13,-7.0,-9.14127423822717,https://www.kenyan-post.com/2024/10/israel-confirms-irans-attack-says-about.html,2024-10-02,regular,
1202195408,20241004,USA,USA,171,17,-9.2,-5.0,https://www.justsecurity.org/103514/early-edition-october-4-2024/,2024-10-04,regular,
1201568023,20241001,USA,USA,173,17,-5.0,-3.58686257562662,https://www.pressenza.com/2024/10/julian-assanges-full-testimony-to-the-parliamentary-assembly-of-the-council-of-europe-pace-in-strasbourg/,2024-10-01,regular,
1201693325,20241002,,CHN,141,14,-6.5,-9.97506234413964,https://news.webindia123.com/news/Articles/World/20241002/4241497.html,2024-10-02,regular,
1202210209,20241004,USA,,173,17,-5.0,-10.1818181818182,https://www.yahoo.com/news/calif-man-allegedly-used-homophobic-154223409.html,2024-10-04,regular,
1202120370,20241004,EUR,ISR,138,13,-7.0,-5.68561872909699,https://www.dw.com/sr/iranski-napad-na-izrael-eu-je-bespomo%C4%87na/a-70397555,2024-10-04,regular,
1202316394,20241005,,FRA,130,13,-4.4,-8.33333333333333,https://www.ouest-france.fr/faits-divers/violences/a-nantes-condamnes-pour-une-expedition-punitive-sur-le-trottoir-c23b1988-8256-11ef-91d9-7f562215fe95,2024-10-05,regular,
1201830476,20241002,USA,,1721,17,-5.0,-0.59880239520958,https://www.pnp.ru/politics/senator-pushkov-v-ssha-ot-demokratii-ostalos-odno-nazvanie.html,2024-10-02,regular,
1202134259,20241004,EUR,,141,14,-6.5,-3.00644237652111,https://www.inewsgr.com/147/pavlopoulos-gia-kypriako-oudemia-aisiodoxia-logo-tourkikon-theseon.htm,2024-10-04,regular,
1202011486,20241003,USA,,154,15,-7.2,0.0,https://www.wect.com/2024/10/03/emergency-crews-rescue-lost-dog-reunite-with-family-western-nc/,2024-10-03,regular,
1202075216,20241004,USA,,172,17,-5.0,-2.53164556962026,https://www.aol.co.uk/news/no-room-compromise-melania-trump-135234395.html,2024-10-04,regular,
1201273298,20240930,UKR,RUS,1711,17,-9.2,-5.14851485148514,https://www.theglobeandmail.com/world/article-russian-nobel-laureate-urges-swap-for-political-prisoners/,2024-09-30,regular,
1201497173,20241001,,USA,173,17,-5.0,-3.28083989501313,https://h21.hani.co.kr/arti/world/world_general/56135.html,2024-10-01,regular,
1201876482,20241003,EUR,,163,16,-8.0,-2.81690140845071,"https://www.swissinfo.ch/eng/indonesia-concerned-over-eu-deforestation-law-rules,-not-implementation-timeframe/87665215",2024-10-03,regular,
1201841532,20241003,USA,,100,10,-5.0,-6.45161290322581,http://www.houstonchronicle.com/news/houston-texas/crime/article/email-scammer-convicted-houston-fraud-19810984.php,2024-10-03,regular,
1202003561,20241003,,USA,160,16,-4.0,-0.62434963579605,https://nypost.com/2024/10/03/us-news/liz-cheney-to-campaign-for-kamala-harris-in-ripon-wisconsin/,2024-10-03,regular,
1202037771,20241003,,USA,173,17,-5.0,-3.51493848857645,https://www.king5.com/article/news/crime/accused-killer-beloved-seattle-dog-walker-not-competent-trial/281-8c28d5c8-9911-4ecb-9aa8-afe579b89f14,2024-10-03,regular,
1201379763,20241001,,USA,173,17,-5.0,-8.62068965517242,https://www.yahoo.com/news/sean-diddy-combs-lawyers-appeal-230959911.html,2024-10-01,regular,
1201835158,20241002,USA,,138,13,-7.0,-1.23076923076923,https://www.yahoo.com/news/port-oakland-impacted-port-strikes-210346568.html,2024-10-02,regular,
1201552941,20241001,IRN,USA,186,18,-10.0,-12.8133704735376,https://timesofindia.indiatimes.com/world/middle-east/iran-attacks-israel-to-avenge-nasrallahs-killing-what-we-know-so-far/articleshow/113859747.cms,2024-10-01,regular,
1201446665,20241001,RUS,RUS,186,18,-10.0,-6.0893098782138,https://www.lnr-dz.com/2024/10/01/quisrael-porte-lentiere-responsabilite-des-consequences-dramatiques/,2024-10-01,regular,
1201516251,20241001,RUS,DEU,174,17,-5.0,-6.85714285714286,https://ura.news/news/1052824286,2024-10-01,regular,
1201580638,20241001,USA,USA,141,14,-6.5,-7.97546012269935,https://www.prensalatina.com.br/2024/10/01/cuba-denuncia-cumplicidade-dos-eua-na-escalada-de-agressao-de-israel/,2024-10-01,regular,
1201789887,20241002,USA,,1721,17,-5.0,-5.07246376811594,https://www.techdirt.com/2012/11/06/stop-saying-its-okay-to-censor-because-you-cant-yell-fire-crowded-theater/,2024-10-02,regular,
1202101117,20241004,,JPN,1721,17,-5.0,-3.63805970149254,https://www.cherwell.org/2024/09/27/north-korea-and-the-global-nuclear-order-review-an-excellent-account/,2024-10-04,regular,
1201695182,20241002,USA,USA,100,10,-5.0,-4.45682451253482,https://www.americanthinker.com/articles/2024/10/why_they_hate_trump.html,2024-10-02,regular,
1201752888,20241002,USA,,141,14,-6.5,-0.21008403361345,https://eurasianet.org/georgia-prepares-for-an-all-against-one-election,2024-10-02,regular,
1201776291,20241002,GBR,,160,16,-4.0,-3.7037037037037,https://www.icij.org/inside-icij/2024/10/angolas-isabel-dos-santos-loses-appeal-to-overturn-global-asset-freeze/,2024-10-02,regular,
1201256451,20240930,SYR,USA,180,18,-9.0,-6.01851851851852,https://www.divyabhaskar.co.in/international/news/us-airstrike-on-2-targets-in-syria-133726224.html,2024-09-30,regular,
1201618740,20241002,USA,,1724,17,-5.0,-3.73443983402489,https://www.bdtonline.com/news/justice-declares-state-of-emergency-in-mercer-county/article_c5bc7e72-8043-11ef-8acd-935b46199ab2.html,2024-10-02,regular,
1201351201,20240930,FRA,EUR,172,17,-5.0,-4.86075949367088,https://dissidentvoice.org/2024/09/why-never-a-mention-of-ukrainian-government-killing-its-ethnic-russian-citizens/,2024-09-30,regular,
1266583515,20241003,EUR,DEU,1014,10,-5.0,-3.78151260504202,http://www.haberler.com/3-sayfa/munih-havalimani-nda-dron-alarmi-32-ucus-iptal-edildi-19110879-haberi/,2024-10-03,regular,
1201857672,20241003,USA,,173,17,-5.0,-7.2289156626506,https://www.theday.com/state/20241002/massachusetts-couple-charged-with-casting-ballots-in-new-hampshire/,2024-10-03,regular,
1201803989,20241002,USA,USA,173,17,-5.0,-11.9047619047619,https://www.yahoo.com/news/massachusetts-twelve-tribes-elder-convicted-175141082.html,2024-10-02,regular,
1201826300,20241002,USA,,154,15,-7.2,-0.189753320683109,https://www.yahoo.com/news/1-000-active-duty-soldiers-213050700.html,2024-10-02,regular,
1201347030,20240930,,USA,1712,17,-9.2,-6.65071770334928,https://www.wknofm.org/civil-wrongs-podcast,2024-09-30,regular,
1202123051,20241004,,USA,166,16,-7.0,-4.54545454545454,https://www.yahoo.com/news/help-missing-adult-alert-issued-062345642.html,2024-10-04,regular,
1201425521,20241001,EUR,CHN,138,13,-7.0,-2.50391236306729,https://www.euronews.com/business/2024/10/01/car-industry-future-ev-market-obstacles-and-maintaining-profitability,2024-10-01,regular,
1201416848,20241001,,GBR,130,13,-4.4,0.45454545454545,https://www.goldderby.com/forum/tv/british-tv-2024-thread-part-2/,2024-10-01,regular,
1202059074,20241003,USA,,173,17,-5.0,-4.51505016722408,https://www.usmagazine.com/celebrity-news/news/todd-chrisley-fears-for-wife-julies-health-and-welfare-in-prison/,2024-10-03,regular,
1201881871,20241003,USA,,173,17,-5.0,-10.126582278481,https://www.olneyenterprise.com/news/olney-woman-pleads-guilty-intoxication-manslaughter,2024-10-03,regular,
1201295215,20240930,USA,IRN,138,13,-7.0,-7.35294117647059,https://www.eremnews.com/news/arab-world/p3fl7yp,2024-09-30,regular,
1202381254,20241005,DEU,,172,17,-5.0,-3.50218886804253,https://www.yahoo.com/news/labour-rules-smartphone-ban-schools-165251199.html,2024-10-05,regular,
1201673845,20241002,USA,,173,17,-5.0,-7.72277227722773,https://www.woodwardnews.net/news/top-10-for-state-s-most-wanted/article_422392db-b5ee-502b-92de-f4b6113dfc64.html,2024-10-02,regular,
1201287639,20240930,CAN,USA,173,17,-5.0,-7.07656612529002,https://marashaberi.com/article/police-beat-archives/8226,2024-09-30,regular,
1201657387,20241002,,USA,130,13,-4.4,1.13519091847265,https://exbulletin.com/politics/2856711/,2024-10-02,regular,
1202233251,20241004,GBR,,172,17,-5.0,-0.75901328273245,https://www.bostonglobe.com/2024/10/04/business/harvard-students-ai-meta-glasses/,2024-10-04,regular,
1201951689,20241003,USA,IRN,130,13,-4.4,-6.5040650406504,https://www.globalsecurity.org/military/library/news/2024/10/mil-241002-voa03.htm,2024-10-03,regular,
1201423799,20241001,USA,IRN,130,13,-4.4,-7.75427318961672,https://www.thejournal.ie/israel-begins-targeted-ground-raids-in-lebanon-6501326-Oct2024/,2024-10-01,regular,
1202505635,20241006,USA,,180,18,-9.0,-6.56814449917898,https://www.yahoo.com/news/negasi-zuberi-case-explained-know-144500410.html,2024-10-06,regular,
1201749737,20241002,LBN,GBR,160,16,-4.0,-5.96205962059621,https://in-cyprus.philenews.com/local/uk-defence-secretary-visits-cyprus-amid-middle-east-war/,2024-10-02,regular,
1201462302,20241001,,GBR,173,17,-5.0,-3.43796711509716,https://www.anglocelt.ie/2024/10/01/julian-assange-speaks-in-public-for-the-first-time-since-release-from-jail/,2024-10-01,regular,
1201688965,20241002,FRA,ISR,172,17,-5.0,-5.04672897196262,https://www.businesslive.co.za/bd/world/2024-10-02-airlines-divert-flights-after-iran-bombards-israel-with-missiles/,2024-10-02,regular,
1202072772,20241004,USA,,173,17,-5.0,-15.1515151515151,https://myfox28columbus.com/newsletter-daily/marion-county-man-sentenced-for-sex-crimes-involving-minors,2024-10-04,regular,
1201315525,20240930,DEU,,160,16,-4.0,-4.39560439560439,https://www.rtl.be/actu/monde/international/liban-berlin-envoie-un-avion-militaire-evacuer-du-personnel-diplomatique-et-leur/2024-09-30/article/716758,2024-09-30,regular,
1202002525,20241003,USA,USA,160,16,-4.0,-3.64667747163695,https://www.yahoo.com/news/jack-smith-filing-shocking-no-151203003.html,2024-10-03,regular,
1202423166,20241006,MEX,USA,130,13,-4.4,-1.66666666666666,https://www.theyucatantimes.com/2024/10/mexicos-supreme-court-of-justice-challenges-controversial-judicial-reform/,2024-10-06,regular,
1201205229,20240930,DEU,DEU,173,17,-5.0,-6.56660412757973,http://www.merkur.de/deutschland/erschreckendes-gutachten-fuer-den-verdaechtigen-im-maddie-fall-topliga-der-gefaehrlichkeit-93328273.html,2024-09-30,regular,
1201535157,20241001,DEU,,154,15,-7.2,-5.78947368421053,https://www.rferl.org/a/israel-invasion-hezbollah-iran/33142101.html,2024-10-01,regular,
1201886321,20241003,RUS,RUS,100,10,-5.0,-1.73661360347323,https://www.investor.bg/a/593-sigurnost-i-otbrana/401841-putin-zabrani-prebroyavaniya-novinata-za-udar-s-mitichna-bomba-v-ukrayna-se-okaza-falshiva,2024-10-03,regular,
1201446409,20241001,KOR,USA,141,14,-6.5,-1.61290322580645,https://www.rtl.be/fil-info/info/kim-jong-un-risque-la-fin-de-son-regime-sil-utilise-larme-nucleaire/2024-10-01/article/716962,2024-10-01,regular,
1202435601,20241006,USA,UKR,172,17,-5.0,-3.95256916996047,https://news.liga.net/politics/news/telekanaly-v-gruzii-oshtrafuyut-za-otkaz-pokazyvat-reklamu-s-razrushennymi-gorodami-ukrainy,2024-10-06,regular,
1202153567,20241004,,USA,100,10,-5.0,0.52095692878435,https://www.publicnewsservice.org/2024-10-04/civic-engagement-and-voting/wi-poll-reflects-voter-exhaustion-over-political-divisions/a92745-1,2024-10-04,regular,
1201813069,20241002,,USA,101,10,-5.0,-1.11111111111111,https://commercialobserver.com/2024/10/gsa-sec-hq-contract-terminated/,2024-10-02,regular,
1206692399,20241028,FIN,RUS,160,16,-4.0,-1.2987012987013,https://en.interfax.com.ua/news/economic/1023468.html,2024-10-28,regular,
1207348851,20241031,GBR,GBR,173,17,-5.0,-7.27554179566563,https://www.express.co.uk/news/uk/1969688/moment-mourners-run-gunshots-lives,2024-10-31,regular,
1206741734,20241028,DEU,,1043,10,-5.0,-4.86577181208054,https://www.thejournal.ie/georgia-election-russia-voting-fraud-6526633-Oct2024/,2024-10-28,regular,
1207166645,20241030,USA,,180,18,-9.0,-3.48943985307622,https://www.ktlo.com/2024/10/30/smoke-from-burning-crop-residue-poses-challenges-one-arkansas-lawmaker-wants-to-address/,2024-10-30,regular,
1207003462,20241029,USA,,180,18,-9.0,-14.179104477612,http://hudsoncountyview.com/jersey-city-man-charged-with-badly-injuring-2-bayonne-men-during-bar-fights/,2024-10-29,regular,
1207066797,20241030,RUS,UKR,130,13,-4.4,-2.88097043214556,https://www.miragenews.com/ukraine-law-sparks-religious-freedom-concerns-1347066/,2024-10-30,regular,
1206658177,20241028,,USA,174,17,-5.0,-3.47155255544841,https://www.wsgw.com/tracking-the-hours-before-a-young-woman-became-a-murder-victim/,2024-10-28,regular,
1207654851,20241102,KOR,USA,130,13,-4.4,-0.52770448548813,https://jornalfloripa.com.br/noticia/38570,2024-11-02,regular,
1207550754,20241101,,USA,173,17,-5.0,-12.0567375886525,https://www.valleybreeze.com/townnews/crime/bearded-bandit-admits-to-robbing-bank-after-getting-out-of-prison/article_1f6aa224-97ae-11ef-a708-bbf9931bcf20.html,2024-11-01,regular,
1206674102,20241028,RUS,,138,13,-7.0,-8.45070422535206,https://www.novosti.rs/drustvo/vesti/1423115/ubijena-deca-traze-pravdu-zalicemo-boga-otac-zarka-8-nevene-11-stradalih-petrovackoj-cesti-ogorcen-presudom-zagrebu,2024-10-28,regular,
1207273978,20241031,USA,,130,13,-4.4,0.408997955010229,https://247wallst.com/personal-finance/2024/10/30/dave-ramsey-shares-some-harsh-truth-to-anyone-worried-about-how-next-weeks-presidential-election-will-impact-their-finances/,2024-10-31,regular,
1207104615,20241030,CHN,CHN,173,17,-5.0,-7.48829953198128,https://news.webindia123.com/news/Articles/World/20241030/4251037.html,2024-10-30,regular,
1207448313,20241101,USA,,1821,18,-9.0,-7.67955096313306,https://www.knzr.com/syndicated-article/?id=1591780,2024-11-01,regular,
1207660945,20241102,USA,USA,160,16,-4.0,-3.20789636027144,https://www.npr.org/2024/10/29/nx-s1-5171441/democrats-shift-immigration,2024-11-02,regular,
1207509993,20241101,,RUS,173,17,-5.0,-5.35650623885918,https://www.winnipegfreepress.com/world/2024/11/01/russia-sentences-former-us-consulate-worker-to-nearly-5-years-in-prison,2024-11-01,regular,
1206801617,20241028,RUS,,161,16,-4.0,-2.37154150197628,https://www.cartacapital.com.br/politica/lula-vai-a-hospital-para-retirar-pontos-que-levou-apos-acidente-domestico/,2024-10-28,regular,
1206787642,20241028,TUR,RUS,1014,10,-5.0,-6.92614770459081,https://www.aksam.com.tr/guncel/istanbulda-pkkkck-operasyonu-19-tutuklama/haber-1516730,2024-10-28,regular,
1207304349,20241031,RUS,,154,15,-7.2,-2.93960448957776,https://www.blesk.cz/clanek/zpravy-valka-na-ukrajine/702030/online-ruska-raketa-v-charkove-zabila-dite-a-desitky-lidi-zranila-a-schvalena-pomoc-z-usa-vazne-rika-zelenskyj.html,2024-10-31,regular,
1207057147,20241030,RUS,UKR,130,13,-4.4,-2.6610644257703,https://www.livehindustan.com/international/russia-started-practice-of-nuclear-attack-action-shocked-western-world-201730254396283.html,2024-10-30,regular,
1206798400,20241028,USA,UKR,138,13,-7.0,-4.64396284829721,https://www.spacewar.com/afp/241028160626.31pq5mte.html,2024-10-28,regular,
1207295228,20241031,USA,EUR,130,13,-4.4,-2.29885057471265,https://nieuws.nl/economie/cpb-waarschuwt-dat-onze-technologie-steeds-meer-achterloopt-op-vs,2024-10-31,regular,
1206783687,20241028,USA,,141,14,-6.5,4.82233502538072,https://www.t3.com/entertainment/streaming/netflix-just-got-an-amazing-free-upgrade-for-everyone,2024-10-28,regular,
1207690784,20241102,,USA,180,18,-9.0,-1.12570356472795,https://www.telegraphherald.com/news/features/article_4eb63096-8985-521d-ad13-469bffc4982f.html,2024-11-02,regular,
1207730783,20241102,RUS,RUS,100,10,-5.0,2.38095238095238,https://lurer.com/article/602813/am,2024-11-02,regular,
1207607309,20241101,,USA,141,14,-6.5,0.4582951420715,https://www.yahoo.com/news/gen-z-climate-activists-prioritizing-182443046.html,2024-11-01,regular,
1208795907,20241101,USA,,173,17,-5.0,-9.27251043530115,https://www.arkansasonline.com/news/2024/nov/08/gladney-drug-defendant-sentenced-to-10-years-for/,2024-11-01,regular,
1207686166,20241102,GBR,CAN,163,16,-8.0,-2.71966527196652,https://www.birminghammail.co.uk/travel/little-known-travel-hack-lets-30228019,2024-11-02,regular,
1206878368,20241029,,DEU,173,17,-5.0,-7.86026200873362,https://www.ksta.de:443/politik/kaltherziger-kanzler-empoerung-ueber-scholz-nach-ermordung-von-sharmahd-888201,2024-10-29,regular,
1207025605,20241029,CHN,,180,18,-9.0,-4.43599493029151,https://www.express.pk/story/2730669/chinyon-ki-security-ke-baghair-cpec-nahi-chal-sakta-hamlay-na-qabil-qubool-cheeni-safeer,2024-10-29,regular,
1207875034,20241103,,USA,173,17,-5.0,-7.6923076923077,https://www.courant.com/2024/11/03/wanted-man-who-fled-scene-of-ct-crash-involving-two-children-arrested-after-k-9-search/,2024-11-03,regular,
1207138445,20241030,USA,,173,17,-5.0,-1.68593448940269,https://www.kunc.org/news/2024-10-30/where-to-find-democracy-on-your-ballot,2024-10-30,regular,
1207101798,20241030,POL,FRA,130,13,-4.4,-4.17754569190601,https://www.boursorama.com/actualite-economique/actualites/tetra-medical-des-indemnisations-pour-des-enfants-exposes-in-utero-a-un-gaz-toxique-afd1f2f3bf74c1b0f29e3a5873b20639,2024-10-30,regular,
1207546851,20241101,ISR,USA,100,10,-5.0,-2.95857988165681,https://news.liga.net/ua/world/news/axios-ssha-tysnut-na-izrail-shchob-toi-shvydshe-vrehuliuvav-kryzu-u-sektori-haza,2024-11-01,regular,
1206767416,20241028,GBR,,172,17,-5.0,-1.07816711590296,https://www.countrylife.co.uk/food-drink/salt-of-the-earth-the-secret-history-of-the-pub-peanut-275185,2024-10-28,regular,
1207142421,20241030,MEX,USA,173,17,-5.0,-5.71428571428571,https://menafn.com/1108833624/From-Trumps-Key-Adviser-To-Being-Called-Sloppy-Steve-Who-Is-Steve-Bannon-Recently-Released-From-Prison,2024-10-30,regular,
1207096574,20241030,RUS,RUS,130,13,-4.4,-2.95358649789029,https://www.elwatannews.com/news/details/7648950,2024-10-30,regular,
1206989535,20241029,,USA,182,18,-9.5,-5.09554140127388,https://www.kvue.com/article/traffic/mustang-ridge-crash-williamson-road-camino-real-21/269-beed9bef-d42d-4011-ad19-253e60b0452a,2024-10-29,regular,
1207577830,20241101,RUS,,173,17,-5.0,-4.46428571428572,https://neftegaz.ru/news/persons/864047-vmesto-s-mochalnikova-zamministra-energetiki-rf-naznachen-r-marshavin/,2024-11-01,regular,
1207874445,20241103,UKR,RUS,130,13,-4.4,-3.1055900621118,https://www.yahoo.com/news/ukraine-war-latest-ukraine-facing-204235371.html,2024-11-03,regular,
1206871551,20241029,RUS,,100,10,-5.0,-0.656814449917897,https://neftegaz.ru/news/companies/863083-rn-vankor-v-letnyuyu-navigatsiyu-dostavil-rekordnye-1-2-mln-t-gruzov-na-obekty-vostok-oyl/,2024-10-29,regular,
1207324499,20241031,USA,,130,13,-4.4,2.42165242165243,https://www.womenshealthmag.com/beauty/a62599574/how-to-cover-grey-hairs/,2024-10-31,regular,
1207771637,20241103,USA,,141,14,-6.5,0.29254022428084,https://www.aero-news.net/EmailArticle.cfm?do=main.archive&year=2024&month=11&day=2,2024-11-03,regular,
1207189086,20241030,RUS,USA,173,17,-5.0,0.59055118110236,https://www.thejc.com/community/jc-intern-wins-coveted-journalism-award-do1ei9oq,2024-10-30,regular,
1207385264,20241031,USA,,173,17,-5.0,-7.7858880778589,https://www.wlwt.com/article/butler-county-ohio-lakota-east-school-threat-arrest-teen/62774414,2024-10-31,regular,
1207814989,20241103,USA,CHE,173,17,-5.0,-5.31645569620253,https://www.dailystar.co.uk/news/world-news/dr-death-who-created-sarco-34025149,2024-11-03,regular,
1206639136,20241028,USA,,138,13,-7.0,-10.3842159916926,https://www.tribuneindia.com/news/comment/hoax-bomb-threats-reveal-gaps-in-aviation-security/,2024-10-28,regular,
1207441369,20241031,USA,,180,18,-9.0,-8.20829655781112,https://www.cbsnews.com/chicago/news/sidi-mohamed-abdallahi-hate-crime-charges-west-ridge-shooting/,2024-10-31,regular,
1207163890,20241030,UKR,RUS,173,17,-5.0,-3.64511691884457,https://www.aljazeera.com/features/2024/10/30/fighting-russia-from-a-distance-inside-a-ukrainian-drone-school,2024-10-30,regular,
1207324603,20241031,USA,MEX,173,17,-5.0,-4.44856348470806,https://dailycampus.com/2024/10/31/acts-of-humility-how-to-deliver-an-apology/,2024-10-31,regular,
1206891922,20241029,,USA,130,13,-4.4,-10.2756892230576,https://menafn.com/1108827899/Noida-Youth-Arrested-For-Threatening-Salman-Khan-And-MLA-Zeeshan-Siddique,2024-10-29,regular,
1207633638,20241101,,GBR,100,10,-5.0,0.0,https://akhbarelyom.com/news/newdetails/4480180/1/%D8%A8%D8%B3%D8%A8%D8%A8-%D8%A7%D8%AB%D9%86%D9%8A%D9%86-%D9%85%D9%86-%D8%A7%D9%84%D9%81%D9%86%D8%A7%D9%86%D9%8A%D9%86-%D8%A7%D9%84%D8%AD%D8%B2%D9%86-%D9%8A%D8%AE%D9%8A%D9%85-%D8%B9%D9%84%D9%89-%D8%AE%D8%AA,2024-11-01,regular,
1206870176,20241029,GBR,ESP,130,13,-4.4,0.55452865064695,https://www.manchestereveningnews.co.uk/whats-on/whats-on-news/haunted-places-visit-peak-district-30247041,2024-10-29,regular,
1207409039,20241031,DZA,FRA,161,16,-4.0,-1.35746606334842,https://www.yahoo.com/news/frances-ever-tighter-ties-morocco-171616812.html,2024-10-31,regular,
1207091090,20241030,RUS,,154,15,-7.2,-7.77777777777778,https://www.kyivpost.com/post/41342,2024-10-30,regular,
1207651199,20241102,USA,,131,13,-5.8,-6.95067264573991,https://arktimes.com/arkansas-blog/2024/11/01/legislature-to-review-hog-farm-permit-rules-that-would-reduce-transparency-ban-buffalo-river-operations,2024-11-02,regular,
1207455979,20241101,RUS,USA,172,17,-5.0,-3.6734693877551,https://www.androidheadlines.com/2024/10/googles-latest-fine-in-russia-is-bigger-than-the-world-economy.html,2024-11-01,regular,
1207030939,20241030,USA,,173,17,-5.0,-9.20096852300239,https://siouxcityjournal.com/news/local/crime-courts/adam-smith-sioux-city-plastic-surgeon/article_aad19e40-963b-11ef-a4da-7f001da25008.html,2024-10-30,regular,
1206760127,20241028,USA,,173,17,-5.0,-10.6976744186046,https://1350kman.com/2024/10/kansas-man-sentenced-in-fire-that-killed-2-children-and-his-girlfriend/,2024-10-28,regular,
1207782508,20241103,USA,,172,17,-5.0,-6.63900414937759,https://www.fox7austin.com/news/kai-cenat-twitch-swatted-marietta-mansion,2024-11-03,regular,
1207326243,20241031,GBR,,173,17,-5.0,-5.06666666666666,https://www.irvinetimes.com/news/24690477.kerelaw-police-scotland-declare-abuse-investigation-critical-incident/,2024-10-31,regular,
1207450298,20241101,USA,,141,14,-6.5,0.80645161290322,https://www.nbcnewyork.com/news/national-international/harris-says-trump-devalues-womens-ability-to-make-their-own-choices/5943215/,2024-11-01,regular,
1207830080,20241103,CHE,USA,173,17,-5.0,-2.67857142857143,https://www.thecentersquare.com/illinois/article_a8ba26ae-988e-11ef-95c5-9b83d9097090.html,2024-11-03,regular,
1207635308,20241101,USA,,1712,17,-9.2,-7.50798722044728,https://nypost.com/2024/11/01/us-news/south-american-bank-heist-crew-used-blowtorches-disguises-to-snatch-4m-feds/,2024-11-01,regular,
1207072516,20241030,EUR,,172,17,-5.0,-6.7027027027027,https://athens-times.com/israel-bombed-an-apartment-building-in-gaza-at-least-93-dead-most-victims-women-and-children/,2024-10-30,regular,
1207554559,20241101,USA,USA,172,17,-5.0,2.97029702970297,https://www.mlive.com/news/ann-arbor/2024/11/oregon-may-be-ducks-country-but-wolverines-are-welcome-at-this-portland-bar.html,2024-11-01,regular,
1207345861,20241031,GBR,,1712,17,-9.2,-5.47945205479452,https://www.express.co.uk/finance/personalfinance/1969703/rachel-reeves-grieving-families-inheritance-tax-34000,2024-10-31,regular,
1207426452,20241031,USA,,173,17,-5.0,-8.29145728643216,https://www.reviewjournal.com/crime/courts/jury-sentences-man-convicted-of-2018-circus-circus-killings-3204041/,2024-10-31,regular,
1206865493,20241029,USA,,141,14,-6.5,-2.51091703056768,https://baptistnews.com/article/what-good-is-a-law-thats-not-enforced/,2024-10-29,regular,
1207313389,20241031,USA,USA,172,17,-5.0,-5.53571428571428,https://www.sun-sentinel.com/2024/10/31/infants-died-from-birth-defects-at-higher-rates-after-abortion-ban-was-imposed-in-florida/,2024-10-31,regular,
1212674102,20241030,CHN,RUS,173,17,-5.0,-0.347222222222222,https://www.aa.com.tr/en/asia-pacific/militaries-of-china-russia-conduct-joint-aerial-patrol-skorea-scrambles-jets/3408067,2024-10-30,regular,
1207176981,20241030,USA,,180,18,-9.0,-7.06713780918728,https://www.perthnow.com.au/news/court-justice/robert-prussak-us-pilot-cleared-of-kidnapping-sexually-assaulting-lost-nine-year-old-girl--c-16580580,2024-10-30,regular,
1207775943,20241103,USA,,173,17,-5.0,-1.61725067385445,http://www.wiltonbulletin.com/news/article/peanut-the-squirrel-seized-euthanized-ct-19882496.php,2024-11-03,regular,
1207772770,20241103,,GBR,173,17,-5.0,-3.76134889753567,https://www.christianpost.com:443/news/abortion-buffer-zone-law-goes-into-effect-in-the-uk.html,2024-11-03,regular,
1207357750,20241031,RUS,UKR,154,15,-7.2,-5.71428571428571,https://www.azatutyun.am/a/rusnery-rmbakotsum-en-ukrainayi-bnakavayrery-grohum-mi-qani-ughghutyamb/33181917.html,2024-10-31,regular,
1208470313,20241030,EUR,USA,130,13,-4.4,-2.56959314775161,https://www.yahoo.com/news/trump-victory-means-world-194936374.html,2024-10-30,regular,
1207275833,20241031,,USA,172,17,-5.0,-2.49110320284697,https://thedmonline.com/where-presidential-candidates-stand-on-important-issues/,2024-10-31,regular,
1207438654,20241031,GBR,,172,17,-5.0,0.43923865300147,https://www.thehollywoodgossip.com/2024/10/king-charles-is-ignoring-prince-harrys-calls-on-the-advice-of-his-doctors-report/,2024-10-31,regular,
1207111124,20241030,RUS,UKR,173,17,-5.0,-6.38297872340426,https://pda.kp.ru/online/news/6065763/,2024-10-30,regular,
1207374196,20241031,USA,DEU,182,18,-9.5,-3.25497287522604,https://www.mirror.co.uk/3am/celebrity-news/deep-concern-matt-leblanc-loses-34009526,2024-10-31,regular,
1207211987,20241030,USA,USA,1821,18,-9.0,-4.62776659959759,https://www.brandonsun.com/entertainment/2024/10/30/hip-hop-producer-metro-boomin-is-accused-of-rape-in-lawsuit,2024-10-30,regular,
1207777865,20241103,KAZ,RUS,166,16,-7.0,-3.30188679245283,https://glavcom.ua/world/world-economy/rosija-importuje-maslo-z-turechchini-ta-oae-shchob-strimati-rizke-pidvishchennja-tsin-1029277.html,2024-11-03,regular,
1207389127,20241031,PRK,USA,154,15,-7.2,-0.43795620437956,https://bdnews24.com/world/7ed57574ff60,2024-10-31,regular,
1207181292,20241030,EUR,ITA,100,10,-5.0,1.03896103896103,https://www.notizie.it/il-rinvio-del-tribunale-di-bologna-alla-corte-di-giustizia-europea-sui-paesi-sicuri-2/,2024-10-30,regular,
1206750762,20241028,GBR,GBR,160,16,-4.0,-2.39234449760766,https://www.lbc.co.uk/news/british-airways-cancels-all-flights-between-london-gatwick-new-york-until-2025/,2024-10-28,regular,
1207488590,20241101,CHN,,1721,17,-5.0,-2.63157894736842,https://www.news8000.com/news/national-world/china-s-watching-the-us-election-but-doesn-t-see-much-hope-for-better-ties/article_905ef678-6ab1-5f99-8cf3-3bee969d95fc.html,2024-11-01,regular,
1207653408,20241102,DEU,,180,18,-9.0,-6.92963752665245,https://www.yahoo.com/news/delphi-murders-suspects-confessions-denials-002539620.html,2024-11-02,regular,
1207662753,20241102,,CHN,180,18,-9.0,-0.25445292620865,https://chinadigitaltimes.net/2024/11/prcs-new-york-consulate-under-scrutiny-over-influence-efforts/,2024-11-02,regular,
1207453060,20241101,USA,,141,14,-6.5,3.57142857142857,https://www.arkansasonline.com/news/2024/oct/31/kamala-harris-supporters-schedule-rally-saturday/,2024-11-01,regular,
1207445228,20241031,,USA,173,17,-5.0,-9.40794809407949,https://www.bostonglobe.com/2024/10/31/nation/young-thug-pleads-guilty-ysl-trial/,2024-10-31,regular,
1207362259,20241031,,CHN,163,16,-8.0,-2.54777070063694,https://news.webindia123.com/news/Articles/India/20241031/4251471.html,2024-10-31,regular,
1206981130,20241029,,USA,173,17,-5.0,-9.87341772151902,https://www.cullmantimes.com/news/jury-unable-to-reach-verdict-for-man-accused-of-killing-alabama-sheriff/article_3acd3a54-a9d0-5291-b1ff-3fd9eb0f842d.html,2024-10-29,regular,
1207062499,20241030,RUS,,138,13,-7.0,-4.28849902534113,https://www.dawn.com/news/1868621/putin-kicks-off-strategic-nuclear-training-exercise,2024-10-30,regular,
1207656409,20241102,USA,USA,173,17,-5.0,-3.17073170731707,https://www.gazettextra.com/news/nation_world/2-men-convicted-on-4-felonies-each-in-kansas-city-mall-shooting/article_447cd9ff-8e18-5a31-9343-da05a52080a1.html,2024-11-02,regular,
1207669915,20241102,USA,,173,17,-5.0,-5.72450805008944,https://www.amny.com/news/federal-judge-sets-date-for-mayor-adams-trial/,2024-11-02,regular,
1206899744,20241029,,RUS,163,16,-8.0,-6.03112840466926,https://tvn24.pl/swiat/falszywe-informacje-na-temat-ksieznej-kate-brytyjski-rzad-oglasza-sankcje-na-rosjan-st8155864,2024-10-29,regular,
1207654385,20241102,USA,ISR,100,10,-5.0,-4.96277915632754,https://www.newarab.com/news/n-gaza-apocalyptic-everyone-imminent-risk-death-un,2024-11-02,regular,
1213242938,20241102,IRN,USA,161,16,-4.0,-4.76744186046512,https://www.armscontrol.org/act/2024-12/focus/nuclear-challenges-facing-next-us-president,2024-11-02,regular,
1206624584,20241028,USA,,174,17,-5.0,-5.59857057772484,https://www.cbsnews.com/news/blueprint-of-trump-deportation-plan-a-questionable-approach-by-eisenhower-60-minutes/,2024-10-28,regular,
1207456270,20241101,USA,,138,13,-7.0,1.1070110701107,https://www.indusage.com.au/?p=91529,2024-11-01,regular,
1206736796,20241028,CHN,,130,13,-4.4,-0.5893909626719,https://us.cnn.com/2024/10/28/business/volkswagen-factory-closures-layoffs/,2024-10-28,regular,
1209048782,20241110,USA,,173,17,-5.0,-5.85197934595525,https://kool965.com/ixp/737/p/defense-calls-death-penalty-dehumanizing-in-idaho-murder-case/,2024-11-10,targeted,US presidential election
1208373342,20241106,USA,USA,160,16,-4.0,0.589390962671907,https://www.yahoo.com/news/idaho-republicans-expand-supermajority-idaho-092807218.html,2024-11-06,targeted,US presidential election
1208893126,20241108,USA,GBR,173,17,-5.0,5.2064631956912,https://www.sheknows.com/parenting/articles/1234739643/victoria-beckham-daughter-harper-makeup-tutorial/,2024-11-08,targeted,US presidential election
1208036333,20241104,USA,,161,16,-4.0,-6.97674418604651,https://www.fox19.com/2024/11/04/15-year-old-arrested-following-lockdown-northwest-high-school-police-say/,2024-11-04,targeted,US presidential election
1208163792,20241105,USA,IRN,154,15,-7.2,-1.88679245283019,https://www.globalsecurity.org/military/library/news/2024/11/mil-241104-sputnik02.htm,2024-11-05,targeted,US presidential election
1208975474,20241109,UKR,RUS,154,15,-7.2,-0.99894847528916,https://www.agoravox.fr/actualites/europe/article/les-victoires-europeennes-de-la-257510,2024-11-09,targeted,US presidential election
1208040789,20241104,USA,,172,17,-5.0,-2.67379679144385,https://accesswdun.com/article/2024/10/1270313,2024-11-04,targeted,US presidential election
1208178277,20241105,RUS,UKR,172,17,-5.0,-0.502512562814079,https://cesky.radio.cz/ceny-pribehu-bezpravi-ma-temer-pet-desitek-laureatu-8833676,2024-11-05,targeted,US presidential election
1208404326,20241106,GBR,,100,10,-5.0,-1.8735362997658,https://www.guardian-series.co.uk/news/national/uk-today/24703706.boris-johnson-fired-channel-4-us-election-coverage/,2024-11-06,targeted,US presidential election
1208291487,20241106,USA,,100,10,-5.0,-3.65853658536585,https://www.10news.com/politics/america-votes/georgia-high-court-says-delayed-absentee-ballots-must-be-returned-by-election-day,2024-11-06,targeted,US presidential election
1209021223,20241109,UKR,RUS,180,18,-9.0,-4.30379746835443,https://www.newsweek.com/russia-ukraine-tula-drones-enemy-1983238,2024-11-09,targeted,US presidential election
1208078476,20241105,UKR,RUS,182,18,-9.5,-5.91133004926108,https://www.novinite.com/view_news.php?id=229169,2024-11-05,targeted,US presidential election
1208525370,20241107,USA,,141,14,-6.5,1.72413793103449,https://www.5-tv.ru/news/5005192/bajden-iharris-pozdravili-trampa-spobedoj/,2024-11-07,targeted,US presidential election
1208116020,20241105,,USA,141,14,-6.5,1.45278450363197,https://www.yahoo.com/news/former-ga-gov-candidate-stacey-034719137.html,2024-11-05,targeted,US presidential election
1208163880,20241105,USA,USA,140,14,-6.5,-0.23612750885478,https://www.theepochtimes.com/us/millions-head-to-the-polls-in-pivotal-election-5754130,2024-11-05,targeted,US presidential election
1208499781,20241106,USA,,160,16,-4.0,-4.638619201726,https://www.wweek.com/news/2024/11/06/what-do-you-do-with-someone-like-gerald-leroy-barnes-ii/,2024-11-06,targeted,US presidential election
1208769299,20241108,CHN,USA,138,13,-7.0,-0.83194675540766,https://www.marketscreener.com/news/latest/China-October-bank-lending-seen-declining-despite-policy-measures-48301759/,2024-11-08,targeted,US presidential election
1209081298,20241110,RUS,JOR,172,17,-5.0,-3.6923076923077,https://www.kavkaz-uzel.eu/articles/405432,2024-11-10,targeted,US presidential election
1208490573,20241106,UKR,RUS,141,14,-6.5,1.37741046831956,https://tvoemisto.tv/news/u_lvovi_vysadyly_dereva_pamyati_zahysnykiv_ta_zahysnyts_170170.html,2024-11-06,targeted,US presidential election
1208650509,20241107,,USA,173,17,-5.0,-10.1973684210526,https://www.timesfreepress.com/news/2024/nov/07/hamilton-county-man-sentenced-to-12-years-for/,2024-11-07,targeted,US presidential election
1208100980,20241105,RUS,CHN,138,13,-7.0,-3.99385560675883,https://signalscv.com/2024/11/zelenskyy-condemns-lack-of-response-from-allies-after-north-korean-troops-deployed/,2024-11-05,targeted,US presidential election
1208902370,20241108,USA,USA,1821,18,-9.0,-3.78548895899054,https://wtmx.com/regina-hall-narrates-ae-doc-cold-case-files-the-grim-sleeper-shares-thoughts-on-scary-movie-return/,2024-11-08,targeted,US presidential election
1208075876,20241105,USA,,100,10,-5.0,-4.49591280653951,https://religionnews.com/2024/11/04/four-gateway-elders-removed-over-pastors-sexual-abuse-scandal/,2024-11-05,targeted,US presidential election
1207965913,20241104,USA,,141,14,-6.5,-0.900900900900909,https://www.yahoo.com/news/opinion-cats-dogs-one-thing-110226080.html,2024-11-04,targeted,US presidential election
1207973975,20241104,GRC,USA,173,17,-5.0,4.0,https://www.reporter.gr/Eidhseis/Epicheirhseis/621402-H-paroysia-ths-Ellhnikhs-Amyntikhs-Biomhchanias-sthn-AUSA-2024,2024-11-04,targeted,US presidential election
1208627575,20241107,,USA,172,17,-5.0,-4.08163265306122,https://www.fox5atlanta.com/news/trump-georgia-election-interference-case-reelection-fani-willis,2024-11-07,targeted,US presidential election
1209088305,20241110,CHN,,173,17,-5.0,-9.28030303030306,https://www.sbsun.com/2024/11/09/man-gets-4-years-in-prison-for-role-in-french-valley-teens-fentanyl-death/,2024-11-10,targeted,US presidential election
1208478254,20241106,,CHN,138,13,-7.0,-1.02459016393442,https://www.itv.com/news/2024-11-06/how-a-re-elected-trump-and-republican-whitehouse-will-impact-us-china-relations,2024-11-06,targeted,US presidential election
1208469469,20241106,,USA,100,10,-5.0,-2.58939580764488,https://www.jdsupra.com/legalnews/troutman-pepper-weekly-consumer-2207366/,2024-11-06,targeted,US presidential election
1208870312,20241108,,USA,186,18,-10.0,-10.0682593856655,https://redstate.com/jenvanlaar/2024/11/08/breaking-criminal-complaint-filed-against-iranian-agent-2-others-in-trump-assassination-plot-n2181734,2024-11-08,targeted,US presidential election
1208104699,20241105,USA,,180,18,-9.0,-1.60116448326055,https://cgkhabar.com/us-president-polling-20241105/,2024-11-05,targeted,US presidential election
1208903960,20241108,USA,,173,17,-5.0,-8.18181818181819,https://www.yahoo.com/news/phoenix-drug-dealer-sentenced-19-202843697.html,2024-11-08,targeted,US presidential election
1208288659,20241106,,USA,150,15,-7.2,-4.12371134020618,https://www.spokesman.com/stories/2024/nov/05/man-smelling-of-fuel-with-torch-and-flare-gun-arre/,2024-11-06,targeted,US presidential election
1208302542,20241106,RUS,USA,134,13,-5.8,-3.07941653160454,https://ktvz.com/news/national-world/cnn-national/2024/11/05/non-credible-bomb-threats-against-atlanta-area-polling-places-were-from-russia-secretary-of-state-says/,2024-11-06,targeted,US presidential election
1214169029,20241107,USA,,101,10,-5.0,-2.34375,https://www.dailymail.co.uk/news/article-14167295/joshua-mccoy-body-key-evidence-police-Oregon.html,2024-11-07,targeted,US presidential election
1207997751,20241104,RUS,,130,13,-4.4,-3.36134453781513,https://westfaironline.com/world-news/u-s-and-world-news-for-nov-4-4/,2024-11-04,targeted,US presidential election
1208586258,20241107,RUS,,181,18,-9.0,-13.5593220338983,https://vz.ru/news/2024/11/7/1296720.html,2024-11-07,targeted,US presidential election
1209059466,20241110,USA,,173,17,-5.0,-9.75609756097561,https://wjla.com/news/local/teens-arrested-arlington-robbery-chased-county-state-police-virginia-state-armed-carjacking-dmv-crime-glebe-road-col,2024-11-10,targeted,US presidential election
1209134919,20241110,,USA,141,14,-6.5,-5.55555555555556,https://espreso.tv/svit-u-tbilisi-trivae-bagatotisyachniy-marsh-opozitsii-proti-rezultativ-parlamentskikh-viboriv,2024-11-10,targeted,US presidential election
1208642669,20241107,,USA,173,17,-5.0,-14.8026315789473,https://www.yahoo.com/news/agents-search-dekalb-county-home-143034078.html,2024-11-07,targeted,US presidential election
1208746977,20241108,DEU,,131,13,-5.8,-2.33853006681515,https://www.aksalser.com/news/2024/11/08/%D8%AF%D9%88%D9%8A%D8%AA%D8%B4%D9%87-%D9%81%D9%8A%D9%84%D9%87-%D8%B9%D9%88%D8%AF%D8%A9-%D8%AA%D8%B1%D8%A7%D9%85%D8%A8-%D8%A5%D9%84%D9%89-%D8%A7%D9%84%D8%A8%D9%8A%D8%AA-%D8%A7%D9%84%D8%A3%D8%A8%D9%8A/,2024-11-08,targeted,US presidential election
1208526647,20241107,USA,,173,17,-5.0,-14.179104477612,https://wibc.com/489214/former-corrections-officer-convicted-of-rape-other-crimes/,2024-11-07,targeted,US presidential election
1208212978,20241105,PRK,RUS,150,15,-7.2,-1.67240531234629,https://news.webindia123.com/news/Articles/World/20241105/4252989.html,2024-11-05,targeted,US presidential election
1208889468,20241108,CHN,CHN,173,17,-5.0,-3.6144578313253,https://ultimasnoticias.com.ve/noticias/progamers/arrestan-a-trabajadores-de-netease-por-lavado-de-dinero/,2024-11-08,targeted,US presidential election
1208665518,20241107,,USA,173,17,-5.0,1.97516050613975,https://wttf.com/national-news/43-primates-on-the-loose-in-south-carolina-town-after-escaping-from-research-labbill-hutchinson-abc-news/,2024-11-07,targeted,US presidential election
1207923343,20241104,CHN,TWN,151,15,-7.2,0.31055900621118,https://news.webindia123.com/news/Articles/World/20241104/4252431.html,2024-11-04,targeted,US presidential election
1208844445,20241108,,GBR,173,17,-5.0,9.29432013769363,https://www.pressandjournal.co.uk/fp/business/6624088/aberdeen-trailblazers-shine-at-scotland-women-in-technology-awards/,2024-11-08,targeted,US presidential election
1208506483,20241107,USA,,100,10,-5.0,-6.61157024793388,https://www.interest.co.nz/economy/130628/angela-huyue-zhang-warns-if-us-doubles-down-aggressive-policies-it-risks-becoming,2024-11-07,targeted,US presidential election
1208199643,20241105,SOM,USA,138,13,-7.0,-8.63787375415282,https://www.aol.com/somalia-terror-group-operative-convicted-141345831.html,2024-11-05,targeted,US presidential election
1208360504,20241106,,RUS,138,13,-7.0,-6.59722222222222,https://kp.ua/ua/politics/a699890-sirskij-nazvav-prichini-vkhodu-zsu-u-kursku-oblast-preventivnij-udar,2024-11-06,targeted,US presidential election
1208692143,20241107,CHN,GBR,173,17,-5.0,-6.23268698060942,https://www.thenorthernecho.co.uk/news/24709010.hartlepool-teen-dylan-willis-freed-jail-sentence-appeal/,2024-11-07,targeted,US presidential election
1208866236,20241108,,USA,173,17,-5.0,-5.66037735849057,https://scallywagandvagabond.com/2024/11/colleen-jo-matarico-valley-village-special-education-teacher-arrested-molesting-13-year-old-student/,2024-11-08,targeted,US presidential election
1208328733,20241106,USA,,174,17,-5.0,0.94086021505376,https://www.theepochtimes.com/us/tim-kaine-defeats-hung-cao-for-3rd-senate-term-in-virginia-5754154,2024-11-06,targeted,US presidential election
1207932730,20241104,USA,,141,14,-6.5,-1.5840220385675,https://www.nbcdfw.com/decision-2024/what-to-watch-election-day-approaches-u-s/3687719/,2024-11-04,targeted,US presidential election
1208184931,20241105,USA,,180,18,-9.0,-3.57142857142857,https://www.mediaite.com/media/the-last-election-cost-787-million-how-will-a-chastened-fox-news-cover-2024/,2024-11-05,targeted,US presidential election
1208878403,20241108,USA,,173,17,-5.0,-15.1260504201681,https://kixs.com/ixp/178/p/a-suspected-brutal-killer-is-a-17-year-old-texas-boy/,2024-11-08,targeted,US presidential election
1208346407,20241106,RUS,,100,10,-5.0,0.0,https://deita.ru/article/560898,2024-11-06,targeted,US presidential election
1208604528,20241107,USA,,130,13,-4.4,3.38461538461538,https://www.waer.org/2024-11-07/hochul-congratulates-trump-but-says-shes-preparing-for-his-return-to-the-white-house,2024-11-07,targeted,US presidential election
1209769685,20241106,FRA,,1821,18,-9.0,-1.47492625368731,https://www.farmersjournal.ie/tillage/markets/grain-trends-no-major-movements-in-markets-843976,2024-11-06,targeted,US presidential election
1208306176,20241106,USA,,1383,13,-7.0,-6.66666666666667,https://www.yahoo.com/news/pennsylvania-polling-locations-receive-bomb-010853453.html,2024-11-06,targeted,US presidential election
1209096513,20241110,,RUS,180,18,-9.0,-10.9090909090909,https://www.firstpost.com/world/russia-suffers-highest-monthly-casualties-pays-extraordinary-price-in-ukraine-says-uk-army-chief-13833865.html,2024-11-10,targeted,US presidential election
1209143342,20241110,,USA,173,17,-5.0,-8.43023255813953,https://www.nbcphiladelphia.com/news/local/2-more-charged-in-shooting-of-coatesville-school-bus/4024233/,2024-11-10,targeted,US presidential election
1208352450,20241106,USA,USA,160,16,-4.0,-0.72463768115942,https://thefederalist.com/2024/11/06/republicans-secure-senate-majority-heading-into-2025/,2024-11-06,targeted,US presidential election
1208406523,20241106,RUS,,138,13,-7.0,-0.378787878787881,https://24tv.ua/ru/vybory-v-ssha-2024-kakaja-pozicija-trampa-po-ukraine-24-kanal_n2679885,2024-11-06,targeted,US presidential election
1208778680,20241108,JPN,CHN,1832,18,-10.0,-3.28719723183391,https://www.asahi.com/ajw/articles/15500130,2024-11-08,targeted,US presidential election
1208848277,20241108,USA,USA,172,17,-5.0,-10.405643738977,https://www.nbcphiladelphia.com/news/local/defense-bryan-kohberger-idaho/4023089/,2024-11-08,targeted,US presidential election
1208517097,20241107,GBR,,1044,10,-5.0,1.16129032258064,https://menafn.com/1108859033/The-Diplomat-Season-Two-Explores-The-US-UK-Special-Relationship-And-Couldnt-Be-More-Timely,2024-11-07,targeted,US presidential election
1208356893,20241106,EUR,,173,17,-5.0,-5.60747663551402,https://actmedia.eu/daily/romania-eppo-charges-seven-individuals-and-two-companies-for-misuse-of-agricultural-funds/111154,2024-11-06,targeted,US presidential election
1208020563,20241104,USA,USA,160,16,-4.0,-6.32183908045977,https://www.elpasoinc.com/news/local_news/state-defense-attorneys-spar-over-misconduct-allegations-in-walmart-shooting-pre-trial-hearings/article_60fabd78-9a1a-11ef-aecf-4b156ea753c0.html,2024-11-04,targeted,US presidential election
1208887460,20241108,,USA,100,10,-5.0,-1.57303370786517,https://www.noticiasrcn.com/colombia/que-tiene-que-ver-eeuu-con-la-compra-del-software-pegasus-para-colombia-770756,2024-11-08,targeted,US presidential election
1208946906,20241109,USA,MLI,130,13,-4.4,-1.46713615023474,https://www.divyabhaskar.co.in/dvb-original/news/sharad-saheb-or-ajit-dada-baramati-waters-confused-133928172.html,2024-11-09,targeted,US presidential election
1208608407,20241107,PRK,RUS,154,15,-7.2,-1.12359550561798,https://www.rbc.ua/rus/news/seul-viklyuchae-postavok-zbroyi-ukrayini-1730975483.html,2024-11-07,targeted,US presidential election
1208733121,20241108,USA,CAN,130,13,-4.4,-5.89970501474926,https://www.lowkickmma.com/tracy-cortez-ufc-cancel-sugery-needs/,2024-11-08,targeted,US presidential election
1209103214,20241110,CHN,,160,16,-4.0,0.0,https://www.zazoom.it/2024-11-10/cina-larrivo-di-mattarella-ad-hangzhou/15762538/,2024-11-10,targeted,US presidential election
1208087532,20241105,JPN,,130,13,-4.4,-1.69491525423729,http://akihabaranews.com/bank-of-japan-preparing-for-digital-yen/,2024-11-05,targeted,US presidential election
1207946243,20241104,GBR,RUS,173,17,-5.0,-6.8886337543054,https://www.huffingtonpost.es/global/los-generales-putin-declaran-guerra.html,2024-11-04,targeted,US presidential election
1208920460,20241109,USA,,173,17,-5.0,-10.054844606947,https://forward.com/fast-forward/673270/anti-israel-protester-who-allegedly-threatened-jewish-man-on-the-subway-gets-hate-crime-charge/,2024-11-09,targeted,US presidential election
1208833566,20241108,,USA,130,13,-4.4,-2.64650283553875,https://www.ems1.com/search-and-rescue/calif-county-search-and-rescue-team-rescues-exhausted-and-ill-prepared-hikers,2024-11-08,targeted,US presidential election
1208549325,20241107,GBR,,173,17,-5.0,-5.23255813953488,https://www.dailyrecord.co.uk/news/scottish-news/drunk-workman-tried-abduct-boy-34053307,2024-11-07,targeted,US presidential election
1208899757,20241108,CHN,,185,18,-8.0,-0.85616438356164,https://www.dailymail.co.uk/news/article-14061015/chinese-national-arrest-mar-lago-security-donald-trump.html,2024-11-08,targeted,US presidential election
1208495199,20241106,,USA,1823,18,-10.0,-13.5849056603773,https://www.kxly.com/news/kohbergers-attorneys-will-argue-thursday-to-get-the-death-penalty-off-the-table-in-idaho/article_0560bb96-9c74-11ef-a17c-938343b2c30d.html,2024-11-06,targeted,US presidential election
1208889184,20241108,USA,TCD,173,17,-5.0,-5.68720379146919,https://www.actionnewsjax.com/news/local/deputies-searching-caylen-deller-woman-wanted-murder-putnam-county-man-chad-mullen/LXAIXRMZH5BNZFE2LO5ZZKNLRA/,2024-11-08,targeted,US presidential election
1208104119,20241105,USA,,143,14,-6.5,-6.46551724137931,https://www.wnd.com/2024/11/striking-disgruntled-n-y-times-workers-could-put-outlets-election-coverage-in-jeopardy/,2024-11-05,targeted,US presidential election
1208095957,20241105,USA,,141,14,-6.5,-4.22535211267606,https://www.acritica.net/editorias/cultura/morre-evandro-teixeira-um-dos-maiores-fotojornalistas-do-brasil-aos-88/777067/,2024-11-05,targeted,US presidential election
1208838576,20241108,USA,,172,17,-5.0,3.97260273972603,https://www.dewsburyreporter.co.uk/business/from-the-dive-bars-of-miami-to-the-gorgeous-steaks-of-chamonix-step-inside-cleckheatons-newest-vibrant-bar-the-meat-drunkery-inspired-by-the-owners-love-of-travelling-the-world-4859062,2024-11-08,targeted,US presidential election
1209053227,20241110,USA,IRN,186,18,-10.0,-2.26130653266332,https://news.webindia123.com/news/Articles/World/20241110/4254397.html,2024-11-10,targeted,US presidential election
1208587556,20241107,USA,EUR,173,17,-5.0,-4.79041916167665,https://www.spectator.co.uk/article/what-does-trumps-win-mean-for-americas-allies-and-its-enemies/,2024-11-07,targeted,US presidential election
1208433342,20241106,,USA,173,17,-5.0,-14.6153846153846,https://1350kman.com/2024/11/manhattan-man-charged-with-1st-degree-murder-following-stabbing-death-of-woman/,2024-11-06,targeted,US presidential election
1208434257,20241106,USA,GRC,180,18,-9.0,2.65151515151516,https://www.redandblack.com/culture/the-cottage-celebrates-50-years-of-serving-athens-area-sexual-assault-and-child-abuse-survivors/article_41a330ec-9c43-11ef-82de-5b97848f9568.html,2024-11-06,targeted,US presidential election
1208952523,20241109,RUS,RUS,1384,13,-7.0,-6.10432852386238,https://www.butlereagle.com/20241109/north-korea-troop-deal-exposes-putins-weakness/,2024-11-09,targeted,US presidential election
1208026687,20241104,,USA,141,14,-6.5,0.529100529100529,https://theconservativetreehouse.com/blog/2024/11/04/president-trump-maga-rally-raleigh-north-carolina-1000am-et-livestream/comment-page-3/,2024-11-04,targeted,US presidential election
1208852139,20241108,JPN,,160,16,-4.0,8.00000000000001,https://www.cnet.com/personal-finance/credit-cards/hurry-up-and-redeem-your-playstation-rewards-before-theyre-gone/,2024-11-08,targeted,US presidential election
1208350393,20241106,EUR,,1031,10,-5.0,-3.88198757763975,https://www.tdg.ch/chomage-des-frontaliers-paris-doit-negocier-avec-berne-221383191623,2024-11-06,targeted,US presidential election
1208676975,20241107,,EUR,100,10,-5.0,-1.51228733459357,https://telma.com.mk/2024/11/07/fokus-na-samiot-vo-budimpeshta-e-poziczijata-na-evropa-da-stane-czelosno-nezavisna-sila-vo-idnina/,2024-11-07,targeted,US presidential election
1208917588,20241109,USA,,173,17,-5.0,-7.39726027397261,https://dominicanrepublicpost.com/el-taigers-alleged-killer-extradited/,2024-11-09,targeted,US presidential election
1208199806,20241105,USA,,172,17,-5.0,2.99003322259136,http://www.sfchronicle.com/food/restaurants/article/comstock-saloon-free-lunch-19877722.php,2024-11-05,targeted,US presidential election
1208481928,20241106,,USA,173,17,-5.0,-1.171875,https://www.yahoo.com/news/kansas-sees-high-voter-turnout-203524889.html,2024-11-06,targeted,US presidential election
1208726243,20241108,USA,,1712,17,-9.2,-7.9136690647482,https://www.yahoo.com/news/fast-moving-california-wildfire-destroys-002239566.html,2024-11-08,targeted,US presidential election
1209033448,20241109,,USA,164,16,-7.0,4.37580437580438,https://www.thegardenisland.com/2024/11/09/hawaii-news/maui-health-workers-return-to-work/,2024-11-09,targeted,US presidential election
1208134256,20241105,USA,,154,15,-7.2,-5.30035335689046,https://es.euronews.com/my-europe/2024/11/05/miles-de-seguidores-de-la-oposicion-georgiana-vuelven-a-manifestarse-por-el-presunto-amano,2024-11-05,targeted,US presidential election
1212609201,20241128,,RUS,174,17,-5.0,-0.6006006006006,https://informer.rs/tv/live-tv/966504/rat-uzivo-nuklearni-kisobran-odkb,2024-11-28,regular,
1212736007,20241129,,FRA,141,14,-6.5,-0.28409090909091,https://www.cartacapital.com.br/politica/brasil-levara-ao-parlasul-a-discussao-sobre-boicote-a-carne-do-mercosul/,2024-11-29,regular,
1212928073,20241130,GBR,,181,18,-9.0,2.69461077844312,https://www.wiltsglosstandard.co.uk/news/national/24762982.historic-letter-urging-support-william-wallace-displayed-st-andrews-day/,2024-11-30,regular,
1212282725,20241127,USA,,100,10,-5.0,0.80971659919029,https://aviationweek.com/defense/budget-policy-operations/momentum-grows-expanded-us-nuclear-weapons-arsenal,2024-11-27,regular,
1212415079,20241127,CHN,CHN,172,17,-5.0,-2.67398011655811,http://slguardian.org/cop29-a-climate-betrayal/,2024-11-27,regular,
1212709243,20241129,JPN,,1383,13,-7.0,-5.15806988352746,https://www.nouvelobs.com/histoire/20241129.OBS97142/attaques-antisemites-battements-de-c-ur-d-un-f-tus-dans-l-hemicycle-il-y-a-50-ans-l-assemblee-nationale-se-dechirait-sur-la-loi-veil.html,2024-11-29,regular,
1212845923,20241130,UKR,EUR,130,13,-4.4,-4.11764705882353,https://biz.heraldcorp.com/article/10006681,2024-11-30,regular,
1212021694,20241126,CHN,,138,13,-7.0,-2.58249641319943,https://www.vienna.at/trump-will-hohe-zolle-auf-importe-aus-mexiko-und-kanada/9077926,2024-11-26,regular,
1212164322,20241126,GBR,,130,13,-4.4,-9.52380952380957,https://economictimes.indiatimes.com/news/international/world-news/student-protests-rock-dhaka-again-army-mobilised/articleshow/115707763.cms,2024-11-26,regular,
1212554399,20241128,GBR,,172,17,-5.0,7.08955223880597,https://www.mirror.co.uk/news/business/loungers-agrees-bought-firm-fortress-34208216,2024-11-28,regular,
1212667044,20241129,JPN,CHN,173,17,-5.0,-6.8421052631579,https://www.channelnewsasia.com/east-asia/china-sentence-journalist-seven-years-jail-spy-charges-espionage-4777671,2024-11-29,regular,
1212344129,20241127,BRA,FRA,163,16,-8.0,-0.56179775280899,https://www1.folha.uol.com.br/mercado/2024/11/apos-crise-da-carne-comissao-do-senado-convida-ceo-do-carrefour-e-embaixador-frances.shtml,2024-11-27,regular,
1212108819,20241126,DEU,RUS,131,13,-5.8,-5.43933054393305,https://www.antena3.com/noticias/mundo/alemania-prepara-lista-bunkeres-posible-ataque-ruso_202411266745c1cbf3b2a10001a78726.html,2024-11-26,regular,
1212836544,20241130,USA,,130,13,-4.4,1.05540897097625,https://www.freepressjournal.in/entertainment/zoya-akhtar-sitting-between-andrew-garfield-jacob-elordi-leaves-the-internet-jealous-multiverse-of-madness-photo,2024-11-30,regular,
1211939444,20241125,USA,ISR,131,13,-5.8,-1.75695461200586,https://www.elfagr.org/5080620,2024-11-25,regular,
1212162462,20241126,GBR,RUS,172,17,-5.0,-6.69934640522876,https://www.theguardian.com/world/2024/nov/26/uk-labour-cabinet-ministers-sanctions-russia-storm-shadow-missiles,2024-11-26,regular,
1212966223,20241201,EUR,,160,16,-4.0,0.45641259698768,https://www.portfolio.hu/krtk/20241201/igy-kuzdenek-a-magyar-onkormanyzatok-az-unios-forrasokert-726328,2024-12-01,regular,
1211918126,20241125,USA,USA,180,18,-9.0,-12.565445026178,https://salinapost.com/posts/f602f6de-ee6c-49a6-9761-1874893e02cf,2024-11-25,regular,
1212416790,20241127,FRA,USA,173,17,-5.0,-1.36798905608755,https://collider.com/gladiator-2-virgil-poem-meaning/,2024-11-27,regular,
1211987221,20241126,,USA,173,17,-5.0,-8.63309352517985,https://www.nytimes.com/2024/11/25/us/susan-lorincz-sentencing-ajike-owens-manslaughter.html,2024-11-26,regular,
1212472769,20241128,USA,CHN,173,17,-5.0,-5.66037735849056,https://indianexpress.com/article/news-today/china-releases-three-us-citizens-after-years-of-diplomacy-9694270/,2024-11-28,regular,
1212176780,20241126,,USA,173,17,-5.0,-11.4832535885167,https://www.newportdispatch.com/2024/11/26/risp-troopers-make-multiple-arrests-including-fugitive-from-justice/,2024-11-26,regular,
1212744393,20241129,USA,,130,13,-4.4,-0.32441200324412,https://richmond.com/news/state-regional/government-politics/virginia-solar-carbon-data-centers-general-assembly/article_80e92a72-ab48-11ef-8d42-a3a44b38944e.html,2024-11-29,regular,
1211977081,20241125,,USA,160,16,-4.0,-2.72596843615495,https://www.archives.gov/news/articles/six-triple-eight,2024-11-25,regular,
1212202813,20241126,USA,,173,17,-5.0,-5.77956989247312,https://www.oregonlive.com/education/2024/11/inquiry-into-st-helens-schools-reporting-policies-training-begins-in-wake-of-teachers-alleged-sexual-abuse.html,2024-11-26,regular,
1212649810,20241129,RUS,UKR,130,13,-4.4,-4.21940928270042,https://www.topontiki.gr/2024/11/29/analisi-cnn-gia-ton-polemo-stin-oukrania-i-metavallomenes-kokkines-grammes-tou-poutin/,2024-11-29,regular,
1212569289,20241128,CHN,,161,16,-4.0,-4.26439232409382,https://glavred.info/ukraine/udar-po-centru-prinyatiya-resheniy-v-kieve-mayor-vsu-ukazal-na-vazhnyy-nyuans-10618283.html,2024-11-28,regular,
1212897080,20241130,JPN,,172,17,-5.0,1.62049137480397,https://carbuzz.com/best-looking-american-off-roaders/,2024-11-30,regular,
1212083160,20241126,JPN,SGP,138,13,-7.0,-0.77120822622108,https://www.china-files.com/in-cina-e-asia-pechino-risponde-a-trump-guerra-tariffaria-non-ha-vincitori/,2024-11-26,regular,
1213030342,20241201,PSE,USA,203,20,-10.0,-6.88836104513064,https://www.ynet.co.il/news/article/hymjmatqyx,2024-12-01,regular,
1212486976,20241128,,RUS,163,16,-8.0,-5.15463917525773,https://www.miningweekly.com/article/botswana-to-become-certifier-in-g7-russian-diamond-ban-2024-11-28,2024-11-28,regular,
1212588794,20241128,USA,,1383,13,-7.0,-4.19161676646707,https://www.nbcconnecticut.com/news/local/rep-joe-courtneys-home-targeted-by-bomb-threat-on-thanksgiving/3443376/,2024-11-28,regular,
1211983246,20241125,USA,,173,17,-5.0,-5.31400966183575,https://dailycaller.com/2024/11/25/j6-committee-dem-points-fingers-doj-prosecuting-trump-jack-smith-drops-case/,2024-11-25,regular,
1212835835,20241130,CHN,CHN,173,17,-5.0,-5.1418439716312,https://www.ndtv.com/world-news/china-jails-journalist-who-met-with-japanese-diplomats-for-espionage-7139358,2024-11-30,regular,
1212245607,20241127,RUS,RUS,154,15,-7.2,-5.55555555555556,https://www.irishdentist.ie/massacre-in-kherson-putin-pushes-for-escalation-and-civilians-end-up-in-the-crosshairs/3820/,2024-11-27,regular,
1212237837,20241127,USA,,100,10,-5.0,-1.12107623318386,https://www.dcourier.com/news/environmental-group-wants-dogs-banned-for-hunting/article_21432542-ac37-11ef-a5f5-b7d30525e8eb.html,2024-11-27,regular,
1211944462,20241125,USA,USA,172,17,-5.0,6.41025641025641,https://www.dmagazine.com/micropost/kacey-musgraves-went-to-texas-heaven-in-dallas/,2024-11-25,regular,
1212374568,20241127,GBR,ISR,163,16,-8.0,-6.39810426540284,https://www.thenational.scot/news/24755085.uk-government-faces-total-israeli-arms-embargo-legal-challenge/,2024-11-27,regular,
1212118977,20241126,USA,,180,18,-9.0,-0.73529411764706,https://religionnews.com/2024/11/25/bishop-gene-robinson-first-openly-gay-episcopal-bishop-preaches-defense-of-mcbride/,2024-11-26,regular,
1212178993,20241126,RUS,RUS,173,17,-5.0,-6.4367816091954,https://glavcom.ua/country/incidents/rozstril-ukrajinskikh-vijskovopolonenikh-udar-po-sumakh-holovne-za-26-listopada-1033508.html,2024-11-26,regular,
1212194389,20241126,,USA,173,17,-5.0,-6.25,https://www.click2houston.com/news/local/2024/11/26/inmate-at-harris-county-jail-facing-new-charge-after-loaded-gun-found-hidden-in-cushion-of-wheelchair/,2024-11-26,regular,
1212784350,20241129,USA,,182,18,-9.5,-3.46863468634687,https://dailyvoice.com/ny/monsey/,2024-11-29,regular,
1212415635,20241127,RUS,GBR,172,17,-5.0,-10.7913669064748,https://www.newkerala.com/news/2024/74651.htm,2024-11-27,regular,
1212340976,20241127,USA,,1821,18,-9.0,-7.35930735930736,https://www.arkansasonline.com/news/2024/nov/27/6-people-arrested-in-connection-with-various/,2024-11-27,regular,
1212123068,20241126,,USA,173,17,-5.0,-16.2869198312237,https://www.clevelandbanner.com/news/jail-dockets-11-26-24/article_07ea288c-45b1-5f8e-9381-69342b00a027.html,2024-11-26,regular,
1212630111,20241129,,USA,173,17,-5.0,-7.26577437858508,https://www.unionleader.com/news/courts/judge-wants-supreme-court-to-weigh-in-resentencing-of-teen-killer/article_db290ca2-ad49-11ef-8975-cb1cb9b0ff92.html,2024-11-29,regular,
1212004327,20241126,,RUS,160,16,-4.0,-4.78564307078764,https://www.the-sun.com/news/12964431/us-stratofortress-bombers-uk-russia-nato-war-putin/,2024-11-26,regular,
1213057577,20241201,,USA,173,17,-5.0,-14.4736842105263,https://ktar.com/story/5632925/man-dead-another-arrested-phoenix-shooting/,2024-12-01,regular,
1212316775,20241127,USA,ISR,173,17,-5.0,-4.76406533575318,https://www.clevelandjewishnews.com/jns/israel-faces-an-uncertain-path-in-the-wake-of-the-icc-arrest-warrants/article_2aeb9e16-92f3-547d-bcee-3a986fd2e057.html,2024-11-27,regular,
1212918793,20241130,,RUS,180,18,-9.0,-1.17939168218498,https://www.real.gr/kosmos/arthro/oreshnik_mesa_sta_ergostasia_kataskeuis_tou_rosikou_yperoplou_tou_poutin-1070922/,2024-11-30,regular,
1211929182,20241125,USA,TUR,180,18,-9.0,-1.05740181268882,https://www.eastbaytimes.com/2024/11/25/berkeley-a-look-back-city-university-celebrate-thanksgiving-1924/,2024-11-25,regular,
1212631218,20241129,,USA,173,17,-5.0,-7.87172011661807,https://wobm.com/ixp/385/p/nj-man-charged-with-car-burglaries-for-the-2nd-time-this-year-police-say/,2024-11-29,regular,
1212066165,20241126,RUS,UKR,180,18,-9.0,-3.70370370370371,https://international.sindonews.com/read/1494295/41/ukraina-dan-32-negara-nato-bertemu-bahas-rudal-hipersonik-oreshnik-rusia-1732608675,2024-11-26,regular,
1212393479,20241127,USA,,173,17,-5.0,-11.1111111111111,https://www.alaskasnewssource.com/2024/11/27/anchorage-jury-convicts-man-killing-girlfriend-front-teenage-daughter/,2024-11-27,regular,
1212319299,20241127,USA,VNM,130,13,-4.4,0.213903743315511,https://www.avpress.com/news/newsline/harris-former-us-senator-from-oklahoma-dies-at-94/article_8478a786-ac5f-11ef-82df-b3c6726bff64.html,2024-11-27,regular,
1212400988,20241127,USA,,181,18,-9.0,-9.49554896142434,https://www.dailymail.co.uk/news/article-14133565/missouri-woman-death-stalked-street-yellow-truck.html,2024-11-27,regular,
1212718058,20241129,RUS,UKR,180,18,-9.0,-5.7396928051738,https://www.arkansasonline.com/news/2024/nov/29/russia-aims-barrage-at-ukraine-power-grid/,2024-11-29,regular,
1212782495,20241129,PAK,CHN,172,17,-5.0,-1.30718954248366,https://pakobserver.net/pak-china-key-border-crossing-khunjerab-pass-closed-for-four-months/,2024-11-29,regular,
1212926526,20241130,CHN,ITA,145,14,-7.5,-3.35195530726257,https://www.ilmattino.it/napoli/area_metropolitana/san_giuseppe_vesuviano_furti_nei_negozi_cinesi_ronde_notturne_ultime_notizie-8511439.html,2024-11-30,regular,
1212514703,20241128,RUS,UKR,160,16,-4.0,-4.81301939058172,https://www.dailymail.co.uk/news/article-14136575/putin-threat-zelensky-kyiv-retaliation-missile-strikes-russia-ukraine-energy-network.html,2024-11-28,regular,
1212631709,20241129,USA,,1723,17,-5.0,-3.93700787401575,https://www.yahoo.com/news/crash-closes-hilltop-road-both-001226333.html,2024-11-29,regular,
1212202415,20241126,LBN,USA,1831,18,-10.0,-2.57425742574257,https://www.irishdentist.ie/former-unrwa-chief-told-hamas-and-islamic-jihad-we-are-united-and-no-one-can-separate-us/3814/,2024-11-26,regular,
1212041437,20241126,,RUS,1821,18,-9.0,-11.2114805560894,https://nomad.su/?a=13-202411260009,2024-11-26,regular,
1211837485,20241125,,JPN,172,17,-5.0,-2.28873239436619,https://www.asahi.com/ajw/articles/15522714,2024-11-25,regular,
1212683206,20241129,,USA,100,10,-5.0,-5.02564102564102,https://www.plaintalk.net/local_news/article_f33fac1e-acff-11ef-b71e-23011f48b561.html,2024-11-29,regular,
1211837660,20241125,USA,USA,172,17,-5.0,-0.88495575221239,https://www.kgw.com/article/news/education/university-of-oregon-professor-pushes-ban-plastic-produce-stickers-compost-food/283-613857cf-7f71-4755-ad39-5fa5953a454c,2024-11-25,regular,
1212610769,20241128,,USA,173,17,-5.0,-9.90415335463258,https://www.yahoo.com/news/flight-attendant-arrested-allegedly-slashing-225545177.html,2024-11-28,regular,
1212589917,20241128,FRA,,100,10,-5.0,3.22108345534407,https://wwd.com/business-news/retail/sarah-andelman-sothebys-paris-pop-up-1236738547/,2024-11-28,regular,
1212204404,20241126,,USA,100,10,-5.0,1.74732926776523,https://www.ksnblocal4.com/2024/11/26/district-judge-sides-with-nebraska-medical-cannabis-ballot-sponsors-legal-challenge/,2024-11-26,regular,
1213021803,20241201,,USA,131,13,-5.8,-5.52147239263804,https://www.growingyourbaby.com/left-behind-a-texas-mothers-reckless-choice-puts-toddler-in-danger/,2024-12-01,regular,
1211879670,20241125,USA,USA,141,14,-6.5,0.0187758167480299,https://www.patheos.com/blogs/marginalia/2024/11/oz-a-story-of-ancient-initiation/,2024-11-25,regular,
1212687497,20241129,TWN,CHN,1721,17,-5.0,-0.641025641025639,https://eturbonews.com/number-chinese-tourists-taiwan-expected-reach-1-million-2010/,2024-11-29,regular,
1213000895,20241201,EUR,UKR,154,15,-7.2,-1.59651669085632,https://www.unian.net/war/voyska-nato-v-ukraine-eksperty-nazvali-newsweek-glavnye-za-i-protiv-12837648.html,2024-12-01,regular,
1212910470,20241130,USA,,1821,18,-9.0,-7.74774774774775,https://mynewsla.com/crime/2024/11/30/one-year-ago-today-november-30-2023-ex-adult-film-star-ron-jeremy-despite-rape-case-moving-to-private-residence/,2024-11-30,regular,
1211896715,20241125,FRA,,1821,18,-9.0,-8.05785123966942,https://www.newcastleherald.com.au/story/8829624/french-prosecutors-seek-20-years-jail-in-mass-rape-case/,2024-11-25,regular,
1212385235,20241127,,USA,172,17,-5.0,-4.40771349862259,https://www.animenewsnetwork.com/news/2024-11-27/tennessee-school-districts-remove-multiple-manga-series-from-libraries/.218301,2024-11-27,regular,
1211862520,20241125,FRA,,100,10,-5.0,-3.76811594202898,https://www.connexionfrance.com/news/french-doctors-repeat-warning-of-stroke-risk-from-common-cold-medicines/691181,2024-11-25,regular,
1212886651,20241130,RUS,RUS,180,18,-9.0,-9.27419354838707,https://www.ukrinform.ua/rubric-ato/3932968-na-fronti-vid-pocatku-dobi-153-zitknenna-boi-trivaut-na-sesti-napramkah.html,2024-11-30,regular,
1211895935,20241125,RUS,,182,18,-9.5,-12.0300751879699,http://trud-ost.ru/?p=924324,2024-11-25,regular,
1212482563,20241128,,RUS,100,10,-5.0,-0.11402508551881,https://www.kurir.rs/vesti/politika/9508467/ep-izabrao-novu-evropsku-komisiju,2024-11-28,regular,
1211898515,20241125,RUS,,180,18,-9.0,-3.34996436208126,https://ipress.ua/articles/pro_katastrofichnu_dlya_rosiyan_kontrataku_v_kurskiy_oblasti_ta_pro_proval_ukrainskogo_frontu_bilya_velykoi_novosilky__donald_gill_365008.html,2024-11-25,regular,
1211942985,20241125,RUS,,1821,18,-9.0,-12.8,https://www.mk.ru/incident/2024/11/25/rossiyskogo-policeyskogo-zapodozrili-v-iznasilovanii-docheri-devochka-pokonchila-s-soboy.html,2024-11-25,regular,
1212467902,20241128,USA,KHM,173,17,-5.0,-7.04697986577182,https://www.khaosodenglish.com/news/2024/11/28/colombian-thief-arrested-in-bangkok-luxury-car-robbery-worth-95k/,2024-11-28,regular,
1211921585,20241125,USA,,173,17,-5.0,-3.7593984962406,https://jg-tc.com/news/archives/glancing-back-for-nov-25-oakand-facing-worst-low-water-situation/article_fd0c3c18-9ac5-11ef-a93a-dfdc1010d4f5.html,2024-11-25,regular,
1211992542,20241126,RUS,UKR,130,13,-4.4,-3.08788598574822,https://www.yahoo.com/news/trump-set-inherit-ongoing-conflicts-200054097.html,2024-11-26,regular,
1212308933,20241127,USA,,180,18,-9.0,-9.21501706484641,https://www.journal-spectator.com/news/police_blotter/article_2f76edc0-ac5e-11ef-8076-6b7904b231e4.html,2024-11-27,regular,
1212499938,20241128,,CHN,173,17,-5.0,-4.36590436590436,https://www.voanews.com/a/wrongfully-detained-americans-return-from-china/7879917.html,2024-11-28,regular,
1212932784,20241201,SAU,USA,172,17,-5.0,-2.46636771300448,https://eturbonews.com/dubai-airport-begins-implementing-electronics-ban-us-bound-fligh/,2024-12-01,regular,
1212059809,20241126,,USA,130,13,-4.4,0.44576523031203,https://www.post-journal.com/news/top-stories/2024/11/iso-power-grid-reliability-risks-rising/,2024-11-26,regular,
1212403478,20241127,,FRA,1043,10,-5.0,-5.68181818181818,https://larepublica.pe/agencias/2024/11/27/inversores-exigen-por-primera-vez-mas-intereses-para-prestarle-a-francia-que-a-grecia-659420,2024-11-27,regular,
1212879618,20241130,UKR,RUS,1622,16,-5.6,1.03896103896104,https://profile.ru/news/society/chto-sluchilos-k-etomu-chasu-glavnye-novosti-dnya-k-16-00-30-noyabrya-2-1628670/,2024-11-30,regular,
1211979286,20241125,GBR,,130,13,-4.4,-4.34782608695652,https://www.mirror.co.uk/news/uk-news/britain-forecast-another-huge-rainstorm-34185956,2024-11-25,regular,
1212512523,20241128,,DEU,173,17,-5.0,-3.63636363636363,https://www.dw.com/ru/v-polse-zaderzali-grazdanina-frg-za-narusenie-v-sfere-gosbezopasnosti/a-70904873,2024-11-28,regular,
1212373903,20241127,USA,CHN,172,17,-5.0,0.0,https://www.dagensps.se/varlden/kina-till-talanger-kom-hit-vi-tredubblar-din-lon/,2024-11-27,regular,
1212863136,20241130,,USA,172,17,-5.0,-1.97044334975369,https://www.sangbadpratidin.in/world/us-universities-urge-indian-foreign-students-to-rejoin-before-donald-trump-comeback/,2024-11-30,regular,
1212177930,20241126,USA,,183,18,-10.0,-5.45454545454546,https://metro.co.uk/2024/11/26/one-fbis-wanted-terrorists-captured-wales-20-years-22069697/,2024-11-26,regular,
1211936255,20241125,AFR,USA,130,13,-4.4,0.44642857142857,https://wisconsinagconnection.com/news/beagle-brigade-act-secures-agriculture-defense,2024-11-25,regular,
1213353868,20241126,USA,,154,15,-7.2,-0.69848661233993,https://www.newsweek.com/us-military-aid-package-ukraine-himars-nasams-anti-drone-munitions-1994535,2024-11-26,regular,
1212424422,20241128,,CHN,173,17,-5.0,-5.2863436123348,https://www.theblaze.com/news/3-american-citizens-imprisoned-in-china-for-years-released,2024-11-28,regular,
1211935999,20241125,USA,ISR,173,17,-5.0,-3.82653061224489,https://www.clevelandjewishnews.com/jns/gallant-to-meet-biden-admin-officials-in-first-trip-abroad-since-icc-warrant/article_098b1b2c-7523-5f34-a2aa-f7e6902b59ff.html,2024-11-25,regular,
1218427710,20250101,USA,,130,13,-4.4,-1.90058479532164,https://english.news.cn/20250101/5c316cd18e5142c09525b07463f8377d/c.html,2025-01-01,regular,
1218375246,20250101,USA,,160,16,-4.0,-1.79640718562874,https://boingboing.net/2024/12/31/new-jersey-congressman-simps-for-trumps-approval-in-cringe-worthy-fox-interview.html,2025-01-01,regular,
1218922332,20250105,RUS,,1712,17,-9.2,-7.25075528700907,https://www.ceskenoviny.cz/zpravy/fronta-deli-toreck-na-polovinu-armady-tam-spolu-tvrde-bojuji/2616069,2025-01-05,regular,
1218946907,20250105,USA,ISR,163,16,-8.0,-3.20512820512821,https://eturbonews.com/texas-is-latest-us-state-to-blacklist-airbnb-for-anti-israel-actions/,2025-01-05,regular,
1218324855,20241231,GBR,,162,16,-5.6,5.0,https://www.elystandard.co.uk/news/24819859.littleport-guinness-world-record-attempt-adam-novak/,2024-12-31,regular,
1218593399,20250102,UKR,RUS,180,18,-9.0,-4.63609172482552,https://www.kacu.org/2025-01-02/as-russias-siege-of-pokrovsk-tightens-ukrainian-soldiers-and-shopkeepers-hold-on,2025-01-02,regular,
1218235351,20241231,CHN,,154,15,-7.2,-1.12612612612613,https://aninews.in/news/world/asia/taiwan-detects-5-chinese-aircraft-6-naval-vessels-near-its-shores20241231065422/,2024-12-31,regular,
1282348633,20250105,RUS,WST,138,13,-7.0,-4.04312668463612,https://www.eurointegration.com.ua/news/2026/01/5/7228437/,2025-01-05,regular,
1218722650,20250103,,USA,138,13,-7.0,-5.02512562814071,https://www.newsweek.com/joe-biden-visit-new-orleans-attack-2009339,2025-01-03,regular,
1218559170,20250102,YEM,GBR,173,17,-5.0,-1.31319763624426,https://www.jpost.com/middle-east/article-835886,2025-01-02,regular,
1218663828,20250103,JPN,,141,14,-6.5,-1.67785234899329,https://www.larazon.es/cultura/yukio-mishima-suicidio-eclipso-obra-escritor/20250103/1142072.html,2025-01-03,regular,
1218852323,20250104,USA,,172,17,-5.0,-4.67904098994586,https://www.yahoo.com/news/camping-bans-penalties-rise-supreme-130543904.html,2025-01-04,regular,
1218664841,20250103,SYR,FRA,100,10,-5.0,-1.52284263959391,https://www.middleeastmonitor.com/20250103-remembering-the-1919-faisal-weizmann-agreement/,2025-01-03,regular,
1218701996,20250103,USA,,172,17,-5.0,-3.48837209302325,https://paris.maville.com/actu/actudet_-qui-est-zazou-youcef-l-influenceur-qui-appelait-a-commettre-des-attentats-depuis-la-bretagne-_fil-6620036_actu.Htm,2025-01-03,regular,
1218807180,20250104,USA,,180,18,-9.0,-8.69565217391305,https://keyt.com/cnn-regional/2025/01/03/man-accused-of-body-slamming-woman-to-ground-in-road-rage-case/,2025-01-04,regular,
1218844523,20250104,,CHN,172,17,-5.0,-6.26168224299065,https://www.yahoo.com/news/7-school-security-storylines-topped-133000732.html,2025-01-04,regular,
1218133872,20241230,USA,,172,17,-5.0,-1.65745856353591,https://www.yahoo.com/news/top-10-stories-2024-brockton-100634657.html,2024-12-30,regular,
1218300268,20241231,USA,,172,17,-5.0,-3.26241134751773,https://www.yahoo.com/news/ooida-latest-move-against-ab5-120000919.html,2024-12-31,regular,
1218114567,20241230,USA,,100,10,-5.0,3.125,https://kuwaitnews.com/98245/,2024-12-30,regular,
1218917296,20250105,,CHN,130,13,-4.4,-6.98324022346369,https://www.bignewsnetwork.com/news/274909790/china-condemns-us-consideration-of-new-rule-to-ban-chinese-made-drones,2025-01-05,regular,
1218341048,20241231,,USA,180,18,-9.0,-4.45682451253482,https://www.bbc.com/news/articles/cr56jlpr2zqo,2024-12-31,regular,
1218318837,20241231,USA,USA,173,17,-5.0,-8.13397129186603,https://www.boston.com/news/crime/2024/12/31/woman-owed-man-suv-baby-killed-connecticut/,2024-12-31,regular,
1218767016,20250103,USA,,173,17,-5.0,-9.32400932400935,https://www.sbs.com.au/news/article/donald-trump-to-be-sentenced-over-hush-money-case-10-days-before-inauguration/d7gv1o972,2025-01-03,regular,
1218076092,20241230,CHN,,100,10,-5.0,-0.810081008100811,https://www.cfr.org/article/legacy-jimmy-carters-foreign-policy,2024-12-30,regular,
1218743178,20250103,,USA,100,10,-5.0,-10.3896103896104,https://www.mykxlg.com/news/local/watertown-native-sentenced-to-life-in-prison-for-murder-of-wife/article_00156f0e-c9e9-11ef-828a-172fc777ae3d.html,2025-01-03,regular,
1218756529,20250103,USA,,1822,18,-9.0,-7.34767025089606,https://thecoastnews.com/county-jail-deaths-drop-but-families-say-more-work-to-be-done/,2025-01-03,regular,
1218937487,20250105,GBR,,1821,18,-9.0,-1.69491525423729,https://www.express.co.uk/showbiz/tv-radio/1996305/bbcs-laura-kuenssberg-sunday-viewers-switch,2025-01-05,regular,
1218654638,20250103,RUS,UKR,130,13,-4.4,0.57273768613975,"https://www.wnp.pl/przemysl-obronny/przez-tydzien-wydalismy-na-zbrojenia-wiecej-niz-cala-ue-szef-mon-w-rozmowie-z-wnp-pl,899347.html",2025-01-03,regular,
1218645820,20250103,,USA,182,18,-9.5,-4.07523510971787,https://www.durangoherald.com/articles/fort-lewis-college-student-dies-on-campus/,2025-01-03,regular,
1218593066,20250102,ITA,USA,173,17,-5.0,-2.84237726098191,https://saharareporters.com/2025/01/02/italy-demands-release-detained-female-journalist-summons-iranian-envoy,2025-01-02,regular,
1218520825,20250102,MKD,EUR,130,13,-4.4,-0.0703729767769201,https://portalb.mk/rruga-eurointegruese-e-rmv-se-gjate-vitit-2024-me-kahje-krejt-te-reja-dhe-diplomaci-te-tensionuar/,2025-01-02,regular,
1218248065,20241231,USA,,173,17,-5.0,-9.91167811579982,https://pantagraph.com/news/local/crime-courts/dewon-griffin-sentenced-to-87-years-for-new-years-eve-murder-five-years-later-tariq-houston/article_5977264e-c6ee-11ef-8a94-97d1595cdd7e.html,2024-12-31,regular,
1218742558,20250103,EUR,,130,13,-4.4,-5.25423728813559,https://www.botasot.info/evrope-bota/2281599/vendi-me-i-varfer-ne-evrope-rrezikohet-nga-ngrirja/,2025-01-03,regular,
1218390083,20250101,RUS,,180,18,-9.0,-3.36538461538461,https://www.liputan6.com/global/read/5859355/ukraina-dan-rusia-kembali-lakukan-pertukaran-tawanan-perang-zelenskyy-189-orang-berhasil-dipulangkan,2025-01-01,regular,
1218545066,20250102,USA,USA,138,13,-7.0,-5.01930501930502,https://www.militarytimes.com/news/your-military/2024/12/27/oldest-living-survivor-of-the-attack-on-pearl-harbor-dies-at-105/,2025-01-02,regular,
1218538200,20250102,USA,,182,18,-9.5,-4.71567267683772,https://www.fox6now.com/news/bourbon-street-attack-who-is-shamsud-din-bahar-jabbar,2025-01-02,regular,
1218798297,20250104,USA,,173,17,-5.0,-10.8374384236453,https://www.wpsdlocal6.com/news/gcso-man-arrested-following-threats-to-commonwealths-attorney/article_5447b9f0-ca30-11ef-a39a-0b31234917c8.html,2025-01-04,regular,
1218245775,20241231,USA,CHN,161,16,-4.0,-3.37756332931243,https://www.ktvh.com/news/montana-ag-supports-federal-tiktok-ban-as-trump-calls-for-delay-in-u-s-supreme-court-filing,2024-12-31,regular,
1218541332,20250102,,GBR,173,17,-5.0,-6.6056245912361,https://www.dailymail.co.uk/news/article-14243873/Kemi-Badenoch-Elon-Musk-rape-gangs-scandal-Keir-Starmer.html,2025-01-02,regular,
1218169433,20241230,USA,USA,173,17,-5.0,-4.50236966824645,https://www.tpr.org/podcast/tpr-news-now/2024-12-30/remembering-jimmy-carter-southeast-texas-sees-severe-storms-sas-silk-road-receives-cultural-heritage-designation,2024-12-30,regular,
1218607570,20250102,USA,USA,173,17,-5.0,-4.85897793912315,https://www.maciverinstitute.com/perspectives/legislature-should-abolish-all-civil-asset-forfeiture,2025-01-02,regular,
1218751959,20250103,USA,,173,17,-5.0,-10.1239669421487,https://www.shockya.com/news/2025/01/03/gloria-allred-furious-at-decision-to-withdraw-appeal-of-alec-baldwin-case-highlighting-allreds-pattern-of-fraud/,2025-01-03,regular,
1218733136,20250103,USA,,180,18,-9.0,-5.38116591928251,https://goss.ie/us-showbiz/armie-hammer-claims-his-career-is-picking-up-as-hes-forced-to-turn-down-jobs-404389,2025-01-03,regular,
1218373629,20250101,,USA,182,18,-9.5,-9.17431192660555,https://www.metroweekly.com/2024/12/patron-allegedly-stabbed-by-bouncer-at-gay-bar/,2025-01-01,regular,
1218560982,20250102,USA,,174,17,-5.0,-0.21978021978022,https://www.theblaze.com/shows/levintv/ucla-2670729514,2025-01-02,regular,
1218852536,20250104,CHN,DEU,174,17,-5.0,-0.11709601873536,https://regnum.ru/opinion/3939564,2025-01-04,regular,
1218870620,20250104,DEU,,141,14,-6.5,-5.68022440392707,https://www.kathimerini.gr/opinion/563401579/poio-tha-einai-to-raichstagk-toy-tramp/,2025-01-04,regular,
1218622065,20250103,USA,,160,16,-4.0,-0.46656298600311,https://www.yahoo.com/news/ethics-report-details-allegations-campaign-001400226.html,2025-01-03,regular,
1218443419,20250101,,USA,173,17,-5.0,-6.5359477124183,https://www.mcalesternews.com/oklahoma/news/the-frontier-what-happened-next-updates-to-biggest-stories-from-2024-part-1/article_d0ff1c3c-c874-552c-8e7f-9bead9382901.html,2025-01-01,regular,
1218446678,20250101,,FRA,173,17,-5.0,-7.09534368070954,https://www.telemetro.com/internacionales/al-menos-10-fallecidos-atentado-nueva-orleans-las-celebraciones-ano-nuevo-n6023239,2025-01-01,regular,
1218294173,20241231,GBR,GBR,160,16,-4.0,-2.04778156996587,https://telecom.economictimes.indiatimes.com/news/portal-in-portal/satcom/uk-warns-against-satellite-phones-in-updated-india-travel-advisory/116831299,2024-12-31,regular,
1218330418,20241231,USA,,173,17,-5.0,-6.61870503597123,https://www.americanthinker.com/blog/2024/12/the_deep_state_smear_machine_s_attack_on_matt_gaetz.html,2024-12-31,regular,
1218575187,20250102,USA,,130,13,-4.4,-10.3833865814697,http://www.theskanner.com/news/usa/36615-federal-judges-sound-alarm-as-jan-6-arrests-sentences-continue-while-trump-s-pardons-loom,2025-01-02,regular,
1218106249,20241230,CHN,ZWE,130,13,-4.4,-4.00593471810089,https://iharare.com/zimbabwe-is-the-new-australia-for-china-president-mnangagwas-biographer-raises-alarm-on-chinese-exploitation/,2024-12-30,regular,
1218922043,20250105,FRA,,141,14,-6.5,-5.55555555555556,https://www.centrepresseaveyron.fr/2025/01/05/en-images-charlie-hebdo-10-ans-deja-ils-etaient-plus-de-25-000-aveyronnais-dans-la-rue-pour-dire-je-suis-charlie-12426712.php,2025-01-05,regular,
1218439241,20250101,RUS,POL,162,16,-5.6,-2.21187427240977,https://www.independent.co.uk/news/world/europe/russia-gas-ukraine-europe-transit-deal-b2672421.html,2025-01-01,regular,
1218565355,20250102,FRA,POL,160,16,-4.0,-5.0,https://www.1in.am/3511123.html,2025-01-02,regular,
1218203734,20241230,USA,,172,17,-5.0,-3.19634703196347,https://www.tpr.org/environment/2024-12-30/san-antonios-2025-to-get-off-to-a-chilly-start-after-record-heat,2024-12-30,regular,
1218734391,20250103,JPN,JPN,163,16,-8.0,-1.44124168514413,https://www.oregonlive.com/business/2025/01/biden-blocks-sale-of-us-steel-to-japanese-company.html,2025-01-03,regular,
1218431433,20250101,USA,,141,14,-6.5,2.06451612903225,https://newsghana.com.gh/10-revolutionary-companies-founded-by-college-dropouts-that-redefined-industries/,2025-01-01,regular,
1218569704,20250102,USA,,173,17,-5.0,-3.62506473329881,https://www.morningjournalnews.com/news/police-news/2025/01/police-2727/,2025-01-02,regular,
1218447731,20250101,USA,,130,13,-4.4,-0.44642857142857,https://www.namibian.com.na/sampofu-calls-for-peace-and-hard-work-to-ensure-service-delivery/,2025-01-01,regular,
1218803907,20250104,USA,,130,13,-4.4,-8.37696335078534,https://www.sandiegouniontribune.com/2025/01/03/as-sexual-misconduct-lawsuit-nears-trial-nathan-fletchers-accuser-drops-assault-battery-claims/,2025-01-04,regular,
1218128644,20241230,USA,,173,17,-5.0,-3.49819059107358,https://www.dailypress.net/opinion/local-columns/2024/12/most-americans-blame-insurance-profits-and-denials-alongside-the-killer-in-uhc-ceo-death-poll-finds/,2024-12-30,regular,
1218218323,20241230,USA,,172,17,-5.0,-8.05152979066024,https://nypost.com/2024/12/30/us-news/bernie-madoff-victims-get-final-131m-payout-from-compensation-fund-bringing-total-to-a-whopping-4-3b-feds/,2024-12-30,regular,
1218699911,20250103,RUS,SYR,160,16,-4.0,-7.4398249452954,https://www.theepochtimes.com/opinion/irans-ring-of-fire-strategy-in-ruins-5784332,2025-01-03,regular,
1218937060,20250105,RUS,,173,17,-5.0,-2.77525022747953,https://lounaeestlane.ee/soja-ulevaade-1047-paev-ukraina-suutis-mitmes-kohas-oma-edenemisega-ullatada/,2025-01-05,regular,
1218367771,20250101,USA,IRN,163,16,-8.0,-4.33516509323189,https://kstp.com/world/us-imposes-sanctions-on-russian-and-iranian-groups-over-disinformation-targeting-american-voters/,2025-01-01,regular,
1218218108,20241230,,USA,180,18,-9.0,-8.21705426356586,https://hollywoodlife.com/feature/donald-trump-e-jean-carroll-sexual-assault-case-5318272/,2024-12-30,regular,
1218302274,20241231,USA,,172,17,-5.0,-4.15094339622642,https://www.yahoo.com/news/anti-homeless-camping-bans-marked-120031464.html,2024-12-31,regular,
1218170662,20241230,GBR,,130,13,-4.4,-2.05882352941177,https://www.surreycomet.co.uk/news/24824302.thames-water-allowed-raise-bills-35-despite-18m-fine/,2024-12-30,regular,
1218102689,20241230,TUR,GBR,173,17,-5.0,-5.38573508005822,https://www.birminghammail.co.uk/news/midlands-news/county-lines-drug-dealers-jailed-30505694,2024-12-30,regular,
1218767021,20250103,USA,,173,17,-5.0,-8.95522388059701,https://www.yahoo.com/news/trump-sentenced-hush-money-trial-223319261.html,2025-01-03,regular,
1218948837,20250105,GBR,,130,13,-4.4,-5.66461020751542,https://gaceta.es/opinion/churchill-como-sintoma-20250105-1301/,2025-01-05,regular,
1218916249,20250105,USA,,173,17,-5.0,0.37974683544303,https://www.ynet.co.il/economy/article/ryq0u9p8yx,2025-01-05,regular,
1218742593,20250103,GBR,WST,150,15,-7.2,-2.24719101123595,https://www.kuna.net.kw/ArticleDetails.aspx?id=3213284&Language=ar,2025-01-03,regular,
1218241379,20241231,RUS,,182,18,-9.5,-4.32432432432433,https://www.svt.se/nyheter/utrikes/nu-stangs-ryska-gasledningen-via-ukraina-till-europa-av-men-den-flytande-gasen-till-eu-okar,2024-12-31,regular,
1218484966,20250102,JPN,USA,130,13,-4.4,-2.72108843537415,https://english.kyodonews.net:443/news/2025/01/f47ecce436dc-focus-japan-may-see-trump-s-korean-political-chaos-sour-3-way-ties.html,2025-01-02,regular,
1218652374,20250103,,USA,172,17,-5.0,-0.549450549450551,https://www.themarysue.com/its-going-to-be-miserable-a-former-republican-representative-predicts-congresss-future-under-gop-rule/,2025-01-03,regular,
1218560774,20250102,,RUS,160,16,-4.0,-5.80489782321364,https://www.idahopress.com/ap_news/us/middle-east-latest-israeli-strikes-kill-at-least-18-in-gaza-including-3-children-officials/article_9f775caa-6009-5e24-a1f2-efe97c5f99a5.html,2025-01-02,regular,
1218733917,20250103,,USA,130,13,-4.4,-1.25588697017268,https://www.reviewjournal.com/livewell/5-gym-habits-doctors-say-you-should-avoid-3259307/,2025-01-03,regular,
1218499483,20250102,,USA,180,18,-9.0,2.0618556701031,https://www.inewsgr.com/23/ipa-o-bainten-se-mia-kinisi-ypsilou-symvolismou-vravevei-tous-Tseini-kai-tobson-epikefalis-tis-erevnas-gia-tin-6is-ianouariou.htm,2025-01-02,regular,
1218534129,20250102,GBR,,173,17,-5.0,-6.64451827242525,https://theboar.org/2025/01/where-does-keir-starmer-stand-on-immigration-and-why-does-it-matter-so-much/,2025-01-02,regular,
1218976910,20250105,RUS,UKR,143,14,-6.5,-1.18764845605701,"https://www.wnp.pl/rynki-zagraniczne/nie-tylko-fico-kolejni-slowacy-jada-do-moskwy-przywrocic-normalne-stosunki-z-rosja,900661.html",2025-01-05,regular,
1218625588,20250103,,USA,173,17,-5.0,-12.4183006535948,https://www.wabi.tv:443/2025/01/02/lisbon-falls-man-sentenced-possessing-child-sexual-abuse-material/,2025-01-03,regular,
1218408685,20250101,USA,USA,173,17,-5.0,-2.5,https://www.soapcentral.com/human-interest/news-who-georgia-judge-stephen-yekel-what-know-state-court-judge-died-last-day-office,2025-01-01,regular,
1218664302,20250103,,USA,160,16,-4.0,-7.5875486381323,https://www.enstarz.com/articles/238251/20250103/justin-baldonis-attorney-announces-plans-sue-blake-lively-over-harassment-claims.htm,2025-01-03,regular,
1224386305,20250104,KOR,RUS,150,15,-7.2,1.44092219020173,https://www.theepochtimes.com/china/hegseth-pledges-to-strengthen-defense-cooperation-with-japan-south-korea-5803441,2025-01-04,regular,
1218473649,20250102,RUS,,180,18,-9.0,-9.12106135986733,https://www.cochranetimespost.ca:443/news/local-news/my-top-stories-for-2024-murder-trial-exposes-sudbury-drug-crisis,2025-01-02,regular,
1218768425,20250103,USA,ISR,130,13,-4.4,-2.57966616084977,https://nypost.com/2025/01/03/us-news/jake-sullivan-biden-discussed-hitting-iran-nuclear-program/,2025-01-03,regular,
1218754747,20250103,,USA,173,17,-5.0,-9.83606557377052,https://abcnews.go.com/Health/wireStory/wife-ambushed-doc-arrested-gender-affirming-care-suit-116959765,2025-01-03,regular,
1218600192,20250102,USA,,154,15,-7.2,-1.25,https://www.yahoo.com/news/topeka-braces-possible-winter-storm-191717111.html,2025-01-02,regular,
1218273910,20241231,RUS,,161,16,-4.0,0.3338898163606,https://ziare.com/mesaje-anul-nou/liderii-chinei-coreei-nord-relatii-trei-tari-2025-1914918,2024-12-31,regular,
1218931074,20250105,UKR,RUS,1383,13,-7.0,-6.11510791366907,https://bnews.bg/ukraina-zasipa-rusov-s-amerikanski-raketi/,2025-01-05,regular,
1218482365,20250102,RUS,,172,17,-5.0,-4.0905134899913,https://161.ru/text/world/2025/01/02/74946407/,2025-01-02,regular,
1218676432,20250103,EUR,,162,16,-5.6,-3.22314049586777,https://diariosanrafael.com.ar/ucrania-detiene-el-transito-de-gas-ruso-a-europa-tras-expirar-un-acuerdo-anterior-a-la-guerra/,2025-01-03,regular,
1218488646,20250102,USA,USA,172,17,-5.0,0.22371364653243,https://www.wbir.com/article/news/state/tn-judge-blocks-rules-banning-thca-sales/51-e3ef220c-4b6c-42de-8178-99ed42dfccbf,2025-01-02,regular,
1218875597,20250104,USA,USA,100,10,-5.0,-8.99280575539572,https://www.presstv.ir/Detail/2025/01/04/740313/Press-TV-s-news-headlines,2025-01-04,regular,
1218220374,20241230,USA,CHN,130,13,-4.4,-2.70270270270271,https://grenadachronicle.com/china-blamed-by-us-for-treasury-department-hack/,2024-12-30,regular,
1218369688,20250101,USA,,182,18,-9.5,-3.601108033241,https://todayheadline.co/georgia-judge-is-found-dead-in-courtroom-on-final-day-on-bench/,2025-01-01,regular,
