GLOBALEVENTID,SQLDATE,Actor1CountryCode,Actor2CountryCode,EventCode,EventRootCode,GoldsteinScale,AvgTone,SOURCEURL,date,sample_type,event_label
1283307986,20260111,RUS,,180,18,-9.0,-7.03125,https://lenta.ru/news/2026/01/11/v-vsu-prinyali-ukrainskih-soldat-za-rossiyskih-i-po-oshibke-unichtozhili-ih/,2026-01-11,targeted,USD index hits multi-year low
1282909334,20260108,FRA,DNK,172,17,-5.0,1.38312586445366,https://cen.acs.org/policy/regulation/eu-chemical-data-common-platform-sustainability/104/web/2026/01,2026-01-08,targeted,USD index hits multi-year low
1282402577,20260106,DNK,USA,130,13,-4.4,-0.57971014492753,https://www.aol.com/articles/greenlands-furious-response-trumps-annexation-124916271.html,2026-01-06,targeted,USD index hits multi-year low
1282960540,20260109,,USA,1014,10,-5.0,-5.88235294117647,https://wset.com/news/local/senator-mark-warner-demands-accountability-in-minneapolis-ice-shooting-investigation-january-2025-virginia-va,2026-01-09,targeted,USD index hits multi-year low
1282951026,20260109,GBR,,130,13,-4.4,-6.2015503875969,https://www.terradaily.com/afp/260108204250.ev2t7jr1.html,2026-01-09,targeted,USD index hits multi-year low
1282886489,20260108,JPN,CHN,141,14,-6.5,-3.57894736842105,https://www.straitstimes.com/asia/east-asia/china-accuses-japan-of-rising-nuclear-ambitions-under-its-right-leaning-government,2026-01-08,targeted,USD index hits multi-year low
1283143227,20260110,CHN,RUS,130,13,-4.4,-4.03225806451613,https://www.ibtimes.com/trump-vows-us-gets-greenland-stop-china-russia-whether-they-like-it-not-3794916,2026-01-10,targeted,USD index hits multi-year low
1282946746,20260109,MEX,USA,180,18,-9.0,-4.97147514262428,https://www.klcc.org/npr-news/2026-01-08/what-we-know-one-day-after-the-killing-of-renee-good-by-an-ice-agent-in-minneapolis,2026-01-09,targeted,USD index hits multi-year low
1283080005,20260109,USA,,143,14,-6.5,-3.80952380952381,https://www.fox5dc.com/news/dc-council-presses-mayor-mpd-halt-cooperation-ice-faith-leaders-call-accountability,2026-01-09,targeted,USD index hits multi-year low
1282816632,20260108,USA,,141,14,-6.5,-5.38542766631468,https://www.novinite.com/articles/236304/Mother+Of+Three+Brutally+Executed+by+ICE+Agents+During+Minneapolis+Raid,2026-01-08,targeted,USD index hits multi-year low
1283227497,20260110,RUS,UKR,1056,10,-5.0,3.2967032967033,https://www.albayan.ae/news/world/ukraine/1000090,2026-01-10,targeted,USD index hits multi-year low
1283059840,20260109,USA,USA,173,17,-5.0,-5.6282722513089,https://nationnews.com/2026/01/09/caribbean-group-urges-un-to-act/,2026-01-09,targeted,USD index hits multi-year low
1282483217,20260106,DNK,EUR,130,13,-4.4,0.33955857385399,https://www.elplural.com/politica/internacional/espana-seis-paises-europeos-plantan-cara-amenaza-trump-groenlandia-dinamarca_378014102,2026-01-06,targeted,USD index hits multi-year low
1282962172,20260109,,USA,141,14,-6.5,2.52206809583859,https://itbrief.co.nz/story/dxc-unveils-amber-to-speed-software-defined-vehicles,2026-01-09,targeted,USD index hits multi-year low
1283111906,20260109,GBR,,182,18,-9.5,-2.62345679012346,https://www.irishmirror.ie/news/world-news/heartbroken-family-offers-40k-reward-36527925,2026-01-09,targeted,USD index hits multi-year low
1283150908,20260110,GBR,CAN,172,17,-5.0,-2.61627906976744,https://www.castanetkamloops.net/news/BC/593416/Rio-Tinto-fined-nearly-800K-for-high-risk-safety-violations-at-Kitimat-smelter,2026-01-10,targeted,USD index hits multi-year low
1283198011,20260110,USA,,141,14,-6.5,-4.51612903225806,https://www.globalsecurity.org/military/library/news/2026/01/mil-260109-globaltimes03.htm,2026-01-10,targeted,USD index hits multi-year low
1282470857,20260106,USA,,141,14,-6.5,-2.84697508896797,https://wiadomosci.wp.pl/usa-planuja-przechwycenie-tankowca-putinowi-to-sie-nie-spodoba-7240521215302624a,2026-01-06,targeted,USD index hits multi-year low
1283309772,20260111,UKR,GBR,180,18,-9.0,-3.92857142857143,https://www.jugantor.com/international/1051499,2026-01-11,targeted,USD index hits multi-year low
1283255041,20260110,,USA,173,17,-5.0,-14.1732283464567,https://abc13.com/post/man-charged-murder-shooting-death-roommate-harris-county-home-court-documents-show/18383879/,2026-01-10,targeted,USD index hits multi-year low
1282586485,20260107,,USA,173,17,-5.0,-2.56739409499358,https://www.inewsgr.com/421/o-erntogan-zita-tin-epistrofi-tis-tourkias-sto-programma-F-35-epikaloumenos-tin-asfaleia-tou-nato.htm,2026-01-07,targeted,USD index hits multi-year low
1282202539,20260105,USA,,172,17,-5.0,-0.95693779904307,https://www.columbian.com/news/2026/jan/04/its-painful-sister-breaks-kohberger-familys-silence/,2026-01-05,targeted,USD index hits multi-year low
1282961825,20260109,UKR,RUS,182,18,-9.5,-8.92857142857143,https://www.m24.ru/news/proisshestviya/09012026/862255,2026-01-09,targeted,USD index hits multi-year low
1282215036,20260105,RUS,,141,14,-6.5,2.0618556701031,https://travel.24tv.ua/de-deshevo-poyisti-lvovi-kafe-kalmar-domashnim-menyu-nizkimi_n2982450,2026-01-05,targeted,USD index hits multi-year low
1283092653,20260109,RUS,GBR,180,18,-9.0,-5.64102564102564,https://www.onalert.gr/kosmos/oreshnik-sti-lviv-gia-egklima-polemoy-kanei-logo-to-kievo-os-aparadekti-klimakosi-axiologoyn-ti-rosiki-epithesi-vretania-gallia-kai-germania/655222/,2026-01-09,targeted,USD index hits multi-year low
1283266539,20260111,USA,,173,17,-5.0,-7.34126984126985,https://www.theguardian.com/us-news/2026/jan/10/protests-ice-renee-nicole-good-philadelphia,2026-01-11,targeted,USD index hits multi-year low
1282760704,20260108,USA,USA,130,13,-4.4,-1.05421686746988,https://www.independent.co.uk/news/world/americas/greenland-us-denmark-trump-rubio-military-b2896407.html,2026-01-08,targeted,USD index hits multi-year low
1282994106,20260109,,USA,100,10,-5.0,0.26917900403768,https://www.mariettatimes.com/news/local-news/2026/01/commission-in-favor-developmental-disabilities-tax-levy-approved-for-ballot/,2026-01-09,targeted,USD index hits multi-year low
1283349805,20260111,,GBR,140,14,-6.5,-4.10958904109589,https://www.ansa.it/sito/photogallery/primopiano/2026/01/11/iraniani-a-downing-street-inneggiano-al-ritorno-di-reza-pahlavi-jr-a-teheran_15735b3b-0f4c-4606-8c8b-d05e6a1fc3e8.html,2026-01-11,targeted,USD index hits multi-year low
1282522203,20260106,FRA,ESP,173,17,-5.0,0.71428571428571,https://www.infolibre.es/internacional/sanchez-calificad-ilegal-intervencion-venezuela-preve-hablar-delcy-rodriguez-oposicion_1_2123861.html,2026-01-06,targeted,USD index hits multi-year low
1282712552,20260107,,USA,130,13,-4.4,-3.8795303726391,https://www.express.co.uk/news/world/2154927/five-nations-edge-trump-administration,2026-01-07,targeted,USD index hits multi-year low
1282570250,20260107,,CHN,1056,10,-5.0,-6.68202764976959,https://finance.yahoo.com/news/japan-protests-china-export-controls-235611393.html,2026-01-07,targeted,USD index hits multi-year low
1282576235,20260107,USA,,130,13,-4.4,-1.81818181818182,https://ctmirror.org/2026/01/06/william-tong-endorses-john-larson-as-ally-in-fight-against-trump/,2026-01-07,targeted,USD index hits multi-year low
1282697041,20260107,VEN,USA,173,17,-5.0,-3.92857142857143,https://www.emakedonia.gr/geopolitiko-thriler-ston-atlantiko-sta-cheria-ton-ipa-kai-deytero-tanker-meta-apo-epeisodiaki-katadioxi,2026-01-07,targeted,USD index hits multi-year low
1282891893,20260108,USA,,180,18,-9.0,-2.17096736184754,https://1045theteam.com/ixp/79/p/buffalo-teen-laser-arrest/,2026-01-08,targeted,USD index hits multi-year low
1282336866,20260105,USA,,181,18,-9.0,-4.23280423280423,https://www.aljazeera.com/news/2026/1/5/venezuelas-abducted-leader-maduro-wife-to-appear-in-nyc-court,2026-01-05,targeted,USD index hits multi-year low
1282750447,20260108,USA,,186,18,-10.0,-0.3003003003003,https://kesq.com/news/national-world/cnn-national/2026/01/07/martin-luther-king-jr-fast-facts-2/,2026-01-08,targeted,USD index hits multi-year low
1282299130,20260105,USA,VEN,181,18,-9.0,-2.42290748898678,https://news.mail.ru/politics/69338746/,2026-01-05,targeted,USD index hits multi-year low
1282764768,20260108,USA,,173,17,-5.0,-7.12074303405573,https://www.dailydemocrat.com/2026/01/07/yolo-county-jury-convicts-man-of-killing-multiple-infant-children/,2026-01-08,targeted,USD index hits multi-year low
1282985539,20260109,GBR,,100,10,-5.0,3.60360360360361,https://www.gazetteherald.co.uk/news/25749311.point-point-coming-sheriff-hutton-weekend/,2026-01-09,targeted,USD index hits multi-year low
1283154090,20260110,USA,,173,17,-5.0,-4.03489640130861,https://www.globaltimes.cn/page/202601/1352801.shtml,2026-01-10,targeted,USD index hits multi-year low
1283235237,20260110,USA,VEN,100,10,-5.0,-3.13075506445672,https://www.indiatoday.in/world/us-news/story/venezuelan-oil-revenue-protected-us-national-emergency-order-us-president-donald-trump-2849949-2026-01-10,2026-01-10,targeted,USD index hits multi-year low
1283265724,20260111,,EUR,141,14,-6.5,0.72992700729927,https://nieuws.nl/buitenland/duizenden-boeren-protesteren-tegen-handelsakkoord-zuid-amerika,2026-01-11,targeted,USD index hits multi-year low
1282816984,20260108,FRA,,130,13,-4.4,-2.76381909547738,https://www.ultimahora.es/noticias/internacional/2026/01/08/2545165/centenar-tractores-entran-paris-para-protestar-por-mercosur-dermatosis.html,2026-01-08,targeted,USD index hits multi-year low
1282451284,20260106,DNK,USA,130,13,-4.4,-2.09580838323354,https://www.mirror.co.uk/news/politics/breaking-trump-warned-keir-starmer-36504827,2026-01-06,targeted,USD index hits multi-year low
1282706854,20260107,USA,,100,10,-5.0,-6.74157303370786,https://news.bigmir.net/ua/world/10264522-amerikanski-vijskovi-zatrimali-tankeri-z-tinovogo-flotu-rosiyi,2026-01-07,targeted,USD index hits multi-year low
1283114157,20260109,USA,,100,10,-5.0,-1.75913396481732,https://www.syracuse.com/news/2026/01/central-ny-judge-declares-state-law-that-requires-city-court-judges-to-retire-at-70-unconstitutional.html,2026-01-09,targeted,USD index hits multi-year low
1282891736,20260108,USA,,186,18,-10.0,-1.85185185185185,https://chicagomaroon.com/50010/arts/courtney-lund-oneil-tells-stories-that-go-beyond-a-serial-killer/,2026-01-08,targeted,USD index hits multi-year low
1282431246,20260106,UKR,USA,173,17,-5.0,-1.58730158730158,https://www.swissinfo.ch/eng/international-geneva/inside-geneva-looking-back-at-2025-and-looking-forward-to-2026/90727959,2026-01-06,targeted,USD index hits multi-year low
1282746912,20260107,USA,,100,10,-5.0,9.20245398773007,https://www.crosstimbersgazette.com/2026/01/07/denton-county-fire-marshals-office-recognized-by-commissioners-court-for-excellence-award/,2026-01-07,targeted,USD index hits multi-year low
1282913317,20260108,USA,,1384,13,-7.0,-1.9718309859155,https://laopinion.com/2026/01/08/invadir-groenlandia-seria-una-estupidez-descomunal-afirma-el-senador-republicano-john-kennedy/,2026-01-08,targeted,USD index hits multi-year low
1282961724,20260109,,RUS,138,13,-7.0,-6.33971291866029,https://www.repubblica.it/esteri/2026/01/09/diretta/guerra_ucraina_russia_news_oggi-425083678/,2026-01-09,targeted,USD index hits multi-year low
1283179316,20260110,THA,USA,130,13,-4.4,-2.12355212355212,https://www.thestar.com.my/aseanplus/aseanplus-news/2026/01/10/thai-exports-face-double-threat-in-2026-as-us-tightens-grip-on-circumvention-and-strategic-goods,2026-01-10,targeted,USD index hits multi-year low
1282905560,20260108,USA,ITA,173,17,-5.0,-2.31124807395994,https://www.usmagazine.com/crime-news/news/new-jersey-dive-bar-donkeys-place-seeks-return-of-stolen-walrus-penis/,2026-01-08,targeted,USD index hits multi-year low
1282540564,20260106,FRA,ESP,173,17,-5.0,-2.79850746268657,https://www.wradio.com.co/2026/01/06/presidente-espana-hablara-con-delcy-rodriguez-y-con-edmundo-gonzalez-para-facilitar-la-transicion/,2026-01-06,targeted,USD index hits multi-year low
1283270971,20260111,USA,,141,14,-6.5,-4.48979591836735,https://whyy.org/articles/philadelphia-ice-minneapolis-shooting-venezuela-protests/,2026-01-11,targeted,USD index hits multi-year low
1282888816,20260108,JPN,SVK,1822,18,-9.0,0.23668639053255,https://entertainmentnow.com/horror-movies-halloween/photos-the-hostel-cast-then-now/,2026-01-08,targeted,USD index hits multi-year low
1282788679,20260108,BEL,EUR,100,10,-5.0,-0.13262599469496,https://en.gmw.cn/2026-01/08/content_38525302.htm,2026-01-08,targeted,USD index hits multi-year low
1282755771,20260108,USA,,154,15,-7.2,-4.79452054794521,https://longreads.com/2026/01/07/donald-trump-wants-you-to-forget-this-happened/,2026-01-08,targeted,USD index hits multi-year low
1282350952,20260105,USA,VEN,130,13,-4.4,-1.09945027486257,https://thewalrus.ca/canadas-best-answer-to-trumps-new-world-order-build-faster/,2026-01-05,targeted,USD index hits multi-year low
1282503331,20260106,EUR,,1043,10,-5.0,-0.19821605550049,https://www.ilpost.it/2026/01/06/perche-trump-vuole-groenlandia/,2026-01-06,targeted,USD index hits multi-year low
1282809077,20260108,USA,CHN,100,10,-5.0,-0.27777777777778,https://www.thebulwark.com/p/no-the-maduro-operation-wasnt-a-blow-china-xi-jinping-venezuela-trump-rubio,2026-01-08,targeted,USD index hits multi-year low
1282738058,20260107,USA,,173,17,-5.0,-6.62393162393163,https://www.fox13seattle.com/news/truck-driver-arrested-ellensburg-luring,2026-01-07,targeted,USD index hits multi-year low
1282767794,20260108,CHN,,130,13,-4.4,-2.72277227722772,https://foreignpolicy.com/2026/01/07/us-annex-greenland-military-trump-rubio-denmark-nato/,2026-01-08,targeted,USD index hits multi-year low
1283332327,20260111,USA,,181,18,-9.0,2.73972602739726,https://zeenews.india.com/tags/us-cuba.html-0,2026-01-11,targeted,USD index hits multi-year low
1282201144,20260105,USA,,180,18,-9.0,-10.0,https://www.wabi.tv:443/2026/01/04/man-arrested-domestic-assault-blue-hill/,2026-01-05,targeted,USD index hits multi-year low
1283262499,20260111,,USA,100,10,-5.0,-0.90579710144928,https://www.hindustantimes.com/india-news/india-will-become-third-biggest-economy-by-next-year-shah-in-rajasthan-101768070067587.html,2026-01-11,targeted,USD index hits multi-year low
1282683981,20260107,RUS,USA,130,13,-4.4,-3.24396782841823,https://www.thetimes.com/uk/defence/article/russian-oil-tanker-seized-latest-news-venezuela-fsrz8rzd0,2026-01-07,targeted,USD index hits multi-year low
1283166177,20260110,USA,,173,17,-5.0,-10.4166666666666,https://www.fox5atlanta.com/news/javier-emmanuel-sable-paulding-county-conviction,2026-01-10,targeted,USD index hits multi-year low
1282791909,20260108,USA,,163,16,-8.0,0.24271844660194,http://www.koreatimes.com/article/20260107/1596201,2026-01-08,targeted,USD index hits multi-year low
1282774238,20260108,USA,USA,172,17,-5.0,-2.25563909774436,https://www.salon.com/2026/01/07/gops-anti-obamacare-push-helps-overturn-wyoming-abortion-ban/,2026-01-08,targeted,USD index hits multi-year low
1282414215,20260106,USA,,181,18,-9.0,0.0,https://www.timeturk.com/dunya/venezuela-da-abd-krizi-sonrasi-kritik-yemin-haber-1826992,2026-01-06,targeted,USD index hits multi-year low
1282445946,20260106,,USA,173,17,-5.0,-3.33055786844297,https://www.mercurynews.com/2026/01/06/friedman-to-trump-on-venezuela-you-break-it-you-own-it/,2026-01-06,targeted,USD index hits multi-year low
1282302704,20260105,VEN,USA,140,14,-6.5,-4.23412204234122,https://www.thejournal.ie/liveblog-maduro-new-york-venezuela-un-security-council-trump-6918636-Jan2026/,2026-01-05,targeted,USD index hits multi-year low
1283059199,20260109,,GBR,180,18,-9.0,-4.70852017937219,https://londonlovesbusiness.com/foreign-office-warns-significant-air-attack-over-the-next-several-days/,2026-01-09,targeted,USD index hits multi-year low
1283228846,20260110,RUS,,138,13,-7.0,-6.18811881188119,https://vesti-ua.net/novosti/politika/277883-chto-zhdet-ukrainu-i-mir-v-2026-godu-prognoz-portnikova.html,2026-01-10,targeted,USD index hits multi-year low
1282834260,20260108,,DEU,141,14,-6.5,-4.77815699658703,"https://www.farmer.pl/fakty/niemieccy-rolnicy-protestuja-przeciw-umowie-z-mercosur-blokady-drog-i-demonstracje,171061.html",2026-01-08,targeted,USD index hits multi-year low
1283125009,20260109,USA,,153,15,-7.2,-8.54430379746835,https://www.fox32chicago.com/news/bensenville-burglary-leads-high-speed-chase-two-arrested-i-290,2026-01-09,targeted,USD index hits multi-year low
1283146082,20260110,USA,,130,13,-4.4,-1.05820105820106,https://www.alternet.org/republicans-trump-gop-lawmaker/,2026-01-10,targeted,USD index hits multi-year low
1282354898,20260105,,USA,180,18,-9.0,-5.12204881952781,https://truthout.org/articles/the-legal-system-is-not-reining-in-trump-its-letting-him-bend-law-to-his-will/,2026-01-05,targeted,USD index hits multi-year low
1282500186,20260106,USA,,138,13,-7.0,0.0,https://hnonline.sk/svet/96253699-navstivim-ukrajinu-oznamil-cesky-minister-macinka-so-sybihom-si-vyjasnili-okamurov-prejav,2026-01-06,targeted,USD index hits multi-year low
1283243024,20260110,USA,DEU,100,10,-5.0,-2.75952693823916,https://www.dw.com/en/venezuela-greenland-ukraine-germanys-merz-in-crisis-mode/a-75452671,2026-01-10,targeted,USD index hits multi-year low
1282750550,20260108,USA,RUS,1043,10,-5.0,-3.73312152501985,https://www.smdailyjournal.com/news/national/us-seeks-to-assert-its-control-over-venezuelan-oil-with-tanker-seizures-and-sales-worldwide/article_7f09b3d2-0938-4425-b4b3-ecf162e9ee9d.html,2026-01-08,targeted,USD index hits multi-year low
1282287449,20260105,USA,,100,10,-5.0,-7.44827586206897,https://www.propublica.org/article/maricopa-county-arizona-death-penalty-cases,2026-01-05,targeted,USD index hits multi-year low
1282491071,20260106,,USA,173,17,-5.0,3.63036303630363,http://www.prnewswire.com/news-releases/mg-properties-acquires-sola-galleria-apartments-in-farmers-branch-texas-302654049.html,2026-01-06,targeted,USD index hits multi-year low
1282460930,20260106,BEL,RUS,154,15,-7.2,-4.92379835873389,https://www.bankingnews.gr/diethni/articles/848332/adistaktoi-i-evropi-apaitei-apo-ti-servia-na-prodosei-ti-rosia-me-antallagma-psixoula,2026-01-06,targeted,USD index hits multi-year low
1282760413,20260108,USA,,173,17,-5.0,-6.98324022346368,https://www.wabi.tv:443/2026/01/07/pamela-smart-seeks-overturn-conviction-having-teenager-murder-her-husband/,2026-01-08,targeted,USD index hits multi-year low
1282886331,20260108,,FRA,172,17,-5.0,-6.60919540229885,https://english.mathrubhumi.com/news/world/french-farmers-protest-eu-mercosur-trade-deal-paris-ym2x4bkw,2026-01-08,targeted,USD index hits multi-year low
1282819472,20260108,CHN,TWN,180,18,-9.0,0.59435364041605,https://www.livemint.com/market/stock-market-news/bel-hal-to-bharat-dynamics-defence-stocks-heat-up-amid-us-venezuela-conflict-should-you-buy-before-budget-2026-11767850347496.html,2026-01-08,targeted,USD index hits multi-year low
1282802597,20260108,RUS,HUN,138,13,-7.0,-5.52995391705069,https://news.mail.ru/politics/69357487/,2026-01-08,targeted,USD index hits multi-year low
1282992585,20260109,IND,USA,175,17,-9.0,-4.99243570347957,http://www.cambodiantimes.com/news/278799116/tmc-mps-detained-for-protesting-outside-amit-shah-office-allege-misuse-of-ed,2026-01-09,targeted,USD index hits multi-year low
1282632578,20260107,,RUS,181,18,-9.0,-3.1400192246075,https://www.naharnet.com/stories/en/317497-venezuela-s-attack-latest-developments,2026-01-07,targeted,USD index hits multi-year low
1283270980,20260111,USA,,173,17,-5.0,-5.43735224586288,https://dailycaller.com/2026/01/10/ilhan-omar-democrats-kicked-out-ice-facility-minneapolis/,2026-01-11,targeted,USD index hits multi-year low
1283291075,20260111,USA,,183,18,-10.0,-1.48809523809524,https://www.miragenews.com/webb-spots-galactic-eruption-10-quintillion-h-1600072/,2026-01-11,targeted,USD index hits multi-year low
1282678534,20260107,,USA,173,17,-5.0,-6.09137055837563,https://nbcmontana.com/news/local/california-woman-sentenced-for-smuggling-attempt-at-border-in-montana,2026-01-07,targeted,USD index hits multi-year low
1282446496,20260105,MEX,USA,173,17,-5.0,-4.98533724340176,https://www.dw.com/sw/marekani-yakosolewa-na-washirika-na-wasiokuwa-washirika-wake-kuhusu-operesheni-yake-nchini-venezuela/a-75403640,2026-01-05,targeted,USD index hits multi-year low
1283274165,20260111,USA,,140,14,-6.5,-3.59634997316157,https://www.kcci.com/article/demonstrators-protest-minneapolis-ice-shooting-across-central-iowa/69965062,2026-01-11,targeted,USD index hits multi-year low
1284125518,20260108,ZAF,USA,154,15,-7.2,2.16934919524143,https://www.dailymaverick.co.za/article/2026-01-15-why-south-africa-shouldnt-reject-us-ambassadordesignate-bozells-credentials/,2026-01-08,targeted,USD index hits multi-year low
1282434667,20260106,BEL,CHN,180,18,-9.0,-3.0622009569378,https://www.bhaskar.com/international/news/china-social-media-praises-venezuela-operation-taiwan-model-136873597.html,2026-01-06,targeted,USD index hits multi-year low
1282317798,20260105,,USA,173,17,-5.0,-8.92857142857143,https://dominicantoday.com/dr/local/2026/01/05/u-s-citizen-arrested-at-puerto-plata-airport-with-suspected-marijuana/,2026-01-05,targeted,USD index hits multi-year low
1286444260,20260129,CHN,,186,18,-10.0,-5.47945205479452,https://dialogos.com.cy/enteka-meli-egklimatikis-organosis-ektelestikan-stin-kina/,2026-01-29,regular,
1286478400,20260129,USA,,1053,10,-5.0,-8.4249084249084,"https://www.rynekzdrowia.pl/Polityka-zdrowotna/W-Brytania-Media-w-Iranie-aresztowani-sa-lekarze-pomagajacy-rannym-manifestantom,280518,14.html",2026-01-29,regular,
1286034708,20260127,USA,,152,15,-7.2,-2.68942332557538,https://www.theatlantic.com/ideas/2026/01/the-neighbors-defending-minnesota-from-ice/685769/,2026-01-27,regular,
1286939999,20260201,,USA,173,17,-5.0,-3.6745406824147,https://dupagepolicyjournal.com/aurora-man-sentenced-to-nine-years-for-fatal-dui-crash-in-dupage-county/,2026-02-01,regular,
1286375284,20260128,,RUS,181,18,-9.0,-0.71556350626118,https://abcnews.go.com/Politics/rubio-rules-military-action-venezuela-now/story?id=129637763,2026-01-28,regular,
1286686212,20260130,,USA,173,17,-5.0,-2.58910890452831,https://lake1023.iheart.com/content/2026-01-30-journalist-don-lemon-arrested/,2026-01-30,regular,
1286349975,20260128,USA,,173,17,-5.0,-2.34113712374582,https://time.com/7358546/trump-midterms-republicans-primaries/,2026-01-28,regular,
1286252892,20260128,,EUR,174,17,-5.0,-0.80515297906603,https://www.enikos.gr/politics/kinitikotita-sto-metanasteftiko-kleista-kentra-stin-afriki/2522490/,2026-01-28,regular,
1286110525,20260127,POL,GBR,130,13,-4.4,-7.10227272727272,https://united24media.com/latest-news/14-countries-move-to-block-shadow-fleet-amid-rising-russian-gps-interference-15370,2026-01-27,regular,
1286009268,20260127,USA,RUS,182,18,-9.5,-11.2437185929648,https://www.dailymail.co.uk/news/crime-desk/article-15500149/bryan-kohberger-idaho-murders-autopsy-victims.html,2026-01-27,regular,
1285885226,20260126,EUR,RUS,139,13,-7.0,-2.08333333333333,https://www.deutschlandfunk.de/eu-staaten-besiegeln-ausstieg-aus-russischem-erdgas-bis-ende-100.html,2026-01-26,regular,
1285855797,20260126,,GBR,172,17,-5.0,-0.26525198938992,https://www.bristolpost.co.uk/news/uk-world-news/schools-ordered-go-phone-free-10776376,2026-01-26,regular,
1286562407,20260129,DEU,,172,17,-5.0,1.20967741935483,https://www.dailyindependent.com/news/bill-paving-way-for-cigar-bars-on-the-move/article_c191a0b3-ffe2-4f51-bac4-f9087cc5e6d1.html,2026-01-29,regular,
1286203676,20260128,USA,,173,17,-5.0,-3.33333333333334,https://abovethelaw.com/2026/01/bush-appointed-federal-judge-to-ice-comply-with-court-courts-ice-youve-got-us-there/,2026-01-28,regular,
1286015731,20260127,,USA,130,13,-4.4,0.0784313725490202,https://www.dlnnews.com/editorial/37782,2026-01-27,regular,
1286540064,20260129,GBR,USA,173,17,-5.0,-2.07715133531157,https://lfpress.com/news/local-news/more-charges-laid-as-probe-continues-into-discovery-of-chemicals-at-home,2026-01-29,regular,
1286344311,20260128,,USA,173,17,-5.0,-5.88235294117647,https://nonpareilonline.com/news/local/crime-and-courts/article_35cfb23d-348d-50c2-a45b-b462eaad75b4.html,2026-01-28,regular,
1286303979,20260128,,USA,100,10,-5.0,0.83916083916084,https://www.gilmermirror.com/2026/01/28/doctors-increasingly-see-ai-scribes-in-a-positive-light-but-hiccups-persist/,2026-01-28,regular,
1286843834,20260131,EUR,EUR,130,13,-4.4,-5.23731587561374,https://time.mk/ai/9984649af6/mk/,2026-01-31,regular,
1286562355,20260129,,USA,173,17,-5.0,-10.0942126514132,https://www.boston.com/news/crime/2026/01/29/state-police-trooper-charged-with-kidnapping-domestic-violence/,2026-01-29,regular,
1285933778,20260126,USA,,141,14,-6.5,0.66115702479339,https://www.nrc.nl/nieuws/2026/01/26/nieuw-platform-voor-fotografie-in-nijmegen-imposante-makers-samenhang-kan-sterker-a4918598,2026-01-26,regular,
1286716339,20260130,IRN,USA,138,13,-7.0,-13.2352941176471,https://dnevnik.hr/vijesti/svijet/dolazak-americkog-nosaca-zrakoplova-signalizira-najopasniju-fazu-odnosa-sad-a-i-irana---960649.html,2026-01-30,regular,
1286589834,20260130,USA,,182,18,-9.5,-3.14685314685315,https://999ktdy.com/kids-hit-by-vehicle/,2026-01-30,regular,
1286005683,20260127,USA,,182,18,-9.5,-9.21875,https://www.usmagazine.com/crime-news/news/grandson-stabbed-and-strangled-grandparents-to-death-sc-sheriff/,2026-01-27,regular,
1286393451,20260129,USA,,150,15,-7.2,-2.83400809716599,https://dailybruin.com/2026/01/27/uc-launches-student-survey-on-discrimination-mandated-by-federal-agreement,2026-01-29,regular,
1286237492,20260128,EUR,,172,17,-5.0,-2.03389830508474,https://www.spacedaily.com/afp/260128031154.gpyl285l.html,2026-01-28,regular,
1286364130,20260128,USA,GTM,173,17,-5.0,-13.7111517367459,https://www.foxnews.com/politics/ice-reveals-worst-of-the-worst-arrests-in-just-one-day-after-rounding-up-thugs-convicted-of-vile-crimes,2026-01-28,regular,
1286937860,20260201,USA,USA,164,16,-7.0,-1.76,https://www.koreatimes.co.kr/business/companies/20260201/top-trade-negotiators-take-turns-visiting-us-to-avert-tariff-hike,2026-02-01,regular,
1285891398,20260126,USA,USA,173,17,-5.0,-5.82010582010582,https://www.theglobeandmail.com/world/article-minnesota-ice-lawsuit-trump-administration/,2026-01-26,regular,
1286750049,20260130,USA,CHN,1721,17,-5.0,-3.73333333333333,https://fair.org/home/social-media-working-to-protect-ice-clampdown-in-minneapolis/,2026-01-30,regular,
1286747978,20260130,,USA,141,14,-6.5,-4.77815699658703,https://dominicanrepublicpost.com/us-protesters-begin-nationwide-strike-as-doj-launches-pretti-killing-probe/,2026-01-30,regular,
1286528555,20260129,GBR,RUS,174,17,-5.0,-0.93023255813953,https://informer.rs/planeta/vesti/1087024/rusija-velika-britanija-sinegorsk,2026-01-29,regular,
1286615521,20260130,GBR,,141,14,-6.5,1.01465614430665,https://www.zerohedge.com/political/isaac-newtons-lost-papers-and-his-search-gods-divine-plan,2026-01-30,regular,
1286172428,20260127,USA,,172,17,-5.0,3.52622061482821,https://www.marinij.com/2026/01/27/cocktail-history-as-a-comic-author-talks-about-his-new-graphic-nonfiction-book/,2026-01-27,regular,
1285982357,20260126,GBR,,100,10,-5.0,-2.94117647058824,https://www.guardian-series.co.uk/news/national/25798657.tory-bid-wreck-chagos-deal-a-simple-political-stunt-minister-says/,2026-01-26,regular,
1286339987,20260128,USA,USA,100,10,-5.0,-6.11664295874822,https://www.portlandmercury.com/good-morning-news/2026/01/28/48279696/good-morning-news-councilors-shoot-down-proposed-foie-gras-ban-ice-director-ordered-to-appear-in-court-and-dems-demand-kristi-noems-ouste,2026-01-28,regular,
1285963988,20260126,,USA,130,13,-4.4,-1.8808777429467,https://movieweb.com/edward-norton-compares-ice-to-an-illegal-army-sundance/,2026-01-26,regular,
1286383198,20260129,,USA,1014,10,-5.0,-2.26700251889169,https://www.timesleaderonline.com/news/national-news/2026/01/man-whose-case-led-judge-to-order-ice-leader-to-appear-in-court-was-released/,2026-01-29,regular,
1286486721,20260129,RUS,CUB,173,17,-5.0,-6.35528330781011,https://www.express.co.uk/news/politics/2164220/Russia-spies-espionage-sabotage-murder,2026-01-29,regular,
1286196020,20260128,USA,,180,18,-9.0,-12.0996441281139,https://www.kpcw.org/sundance-film-festival/2026-01-27/utah-man-charged-for-alleged-assault-of-congressman-during-sundance-party,2026-01-28,regular,
1286915263,20260201,USA,IDN,130,13,-4.4,-3.24675324675324,https://www.merdeka.com/peristiwa/bmkg-balikpapan-ingatkan-waspada-pasang-laut-kaltim-capai-3-meter-pada-2-4-februari-2026-529634-mvk.html,2026-02-01,regular,
1286205268,20260128,USA,,162,16,-5.6,-6.7524115755627,https://www.yahoo.com/news/articles/revolutionary-student-sues-umass-says-221952038.html,2026-01-28,regular,
1286009158,20260127,USA,,173,17,-5.0,-4.74308300395257,https://www.yahoo.com/news/articles/arrest-made-socorro-homicide-el-235033294.html,2026-01-27,regular,
1286475278,20260129,EUR,HUN,173,17,-5.0,-1.0204081632653,https://hir.ma/belfold/gulyas-gergely-az-alkotmanybirosaghoz-fordul-a-kormany-az-europai-birosag-drogliberalizacioval-kapcsolatos-dontese-ugyeben/830593,2026-01-29,regular,
1285875415,20260126,USA,,173,17,-5.0,-7.6530612244898,https://www.loganbanner.com/news/two-arrested-following-garage-theft-in-blair-area/article_d36f9ef8-65d3-4c32-8e0c-d884ef554319.html,2026-01-26,regular,
1286542489,20260129,UKR,RUS,173,17,-5.0,-10.0,https://news.mail.ru/society/69615634/,2026-01-29,regular,
1286293273,20260128,JPN,,154,15,-7.2,-6.47058823529411,https://www.bursahakimiyet.com.tr/dunya/japonya-da-abd-askerlerinin-tatbikatina-ayi-mudahalesi-1569349,2026-01-28,regular,
1286600658,20260130,,RUS,173,17,-5.0,-6.45833333333333,https://www.express.co.uk/news/weird/2163294/i-chernobyl-disaster-watched-my-colleagues-turn-white-red,2026-01-30,regular,
1286584155,20260130,,USA,173,17,-5.0,-7.81563126252505,https://www.blackenterprise.com/sean-grayson-20-years-sonya-massey/,2026-01-30,regular,
1286757439,20260130,USA,USA,173,17,-5.0,-4.49735449735449,https://www.catholicworldreport.com/2026/01/30/federal-grand-jury-indicts-former-treasurer-for-stealing-more-than-2-million-from-new-mexico-abbey/,2026-01-30,regular,
1286009518,20260127,FRA,,172,17,-5.0,2.66666666666667,https://observador.pt/2026/01/27/franca-aprova-proibicao-do-acesso-as-redes-sociais-para-menores-dos-15-anos/,2026-01-27,regular,
1286950659,20260201,RUS,,163,16,-8.0,-2.08623087621697,https://www.independent.co.uk/news/world/europe/ukraine-peace-deal-put-trump-vitaliy-kim-b2911476.html,2026-02-01,regular,
1286627454,20260130,EUR,,130,13,-4.4,-0.50420168067227,https://www.agrodigital.com/2026/01/30/que-opinan-los-veterinarios-de-la-propuesta-de-modificacion-del-rd-de-medicamentos-veterinarios/,2026-01-30,regular,
1286904676,20260201,USA,,180,18,-9.0,-4.33734939759036,https://www.thewrap.com/media-platforms/journalism/hakeem-jeffries-no-basis-law-or-fact-don-lemon-arrest/,2026-02-01,regular,
1286521146,20260129,,JPN,173,17,-5.0,-0.58479532163743,https://comicbook.com/anime/news/one-piece-real-life-zoro-arrested/,2026-01-29,regular,
1286921183,20260201,GBR,,173,17,-5.0,-3.50877192982456,https://www.b92.net/zivot/aktuelno/203766/princ-endrju-na-sudu-zbog-epstajna-zrtve-moraju-biti-prioritet/vest,2026-02-01,regular,
1286196011,20260128,USA,,173,17,-5.0,-11.5942028985507,https://www.nbclosangeles.com/news/local/la-superior-court-judge-threat/3837049/,2026-01-28,regular,
1286872850,20260131,,USA,173,17,-5.0,-8.12324929971989,https://www.dailyfreeman.com/2026/01/31/mid-hudson-valley-arrests-report-jan-31-2026/,2026-01-31,regular,
1286212444,20260128,,USA,1056,10,-5.0,-5.60897435897436,https://www.aol.co.uk/articles/suspect-detained-rep-ilhan-omar-013829812.html,2026-01-28,regular,
1286778638,20260131,USA,,170,17,-7.0,-9.65824665676072,https://www.nbcmiami.com/news/local/man-convicted-of-leaving-girl-to-be-eaten-by-gators-avoids-death-penalty/3757336/,2026-01-31,regular,
1285993333,20260127,USA,,181,18,-9.0,-3.29428989751098,https://www.fox32chicago.com/news/elizabeth-smart-reveals-her-kidnapper-tried-abduct-her-teen-cousin-his-next-wife,2026-01-27,regular,
1286321490,20260128,FRA,,141,14,-6.5,1.94761584956347,https://www.cnn.com/2026/01/28/style/lauren-sanchez-bezos-and-jeff-bezos-are-now-fashion-insiders,2026-01-28,regular,
1286092316,20260127,USA,,141,14,-6.5,-1.52542372881356,https://www.inforum.com/news/north-dakota/minnesota-immigration-crackdowns-loom-large-for-some-north-dakotans,2026-01-27,regular,
1285860983,20260126,DEU,,1621,16,-5.6,-2.55591054313099,https://www.laarena.com.ar/deportes/pampeano-anselmino-vuelve-a-chelsea-20261260130,2026-01-26,regular,
1285827618,20260126,USA,AUT,173,17,-5.0,-6.94660445826854,https://www.macombdaily.com/2026/01/25/resentencings-of-macombs-young-adult-murderers-have-started/,2026-01-26,regular,
1285838928,20260126,USA,,172,17,-5.0,-7.47422680412371,http://www.econotimes.com/US-Imposes-Visa-Restrictions-on-Haiti-Transitional-Council-Over-Gang-Allegations-1731827,2026-01-26,regular,
1286098421,20260127,USA,,185,18,-8.0,-3.84615384615385,https://www.inewsgr.com/486/trab-Epicheirei-na-rixei-tous-tonous-meta-apo-tin-dolofonia-tou-37chronou.htm,2026-01-27,regular,
1286575863,20260129,USA,,160,16,-4.0,-4.34782608695652,https://www.fox32chicago.com/news/same-license-plate-different-cars-suburban-driver-fights-red-light-ticket,2026-01-29,regular,
1286821648,20260131,USA,SDN,181,18,-9.0,-7.62762762762763,"http://www.businessghana.com/site/news/politics/342482/Sudanese-paramilitary-force-abducting-children-in-Darfur,-witnesses-say",2026-01-31,regular,
1286770313,20260131,USA,,141,14,-6.5,-4.05982905982906,https://www.nydailynews.com/2026/01/30/thousands-of-protesters-foley-square-nyc-amid-national-shutdown/,2026-01-31,regular,
1286432514,20260129,FRA,LBN,173,17,-5.0,-5.33049040511727,https://www.aljazeera.com/features/2026/1/29/aouns-tightrope-daily-israeli-attacks-and-hezbollahs-refusal-to-disarm,2026-01-29,regular,
1286575887,20260129,USA,,186,18,-10.0,-3.22234156820623,https://www.theguardian.com/film/2026/jan/29/seized-review-documentary,2026-01-29,regular,
1290951618,20260126,USA,,173,17,-5.0,-2.80172413793104,https://www.newstribune.com/news/2026/feb/25/commentary-falling-crime-numbers-are-a-welcome/,2026-01-26,regular,
1286939322,20260201,USA,,154,15,-7.2,-4.55284552845529,https://www.yumasun.com/news/national_news/ap-news-summary-at-5-30-a-m-est/article_7763b937-00f5-50a5-92d8-723ce6134d79.html,2026-02-01,regular,
1286550123,20260129,USA,,173,17,-5.0,-8.78048780487805,https://www.kwtx.com/2026/01/29/woman-charged-wrong-way-dui-crash-that-killed-mother-2-children-police-say/,2026-01-29,regular,
1285922875,20260126,USA,USA,160,16,-4.0,-4.67836257309941,https://www.kens5.com/article/news/local/winter-storm-continues-to-disrupt-flights-at-san-antonio-international-airport/273-7038dc0e-a79c-4682-af84-395f42cc8d1c,2026-01-26,regular,
1286206388,20260128,DEU,,172,17,-5.0,-4.17956656346752,https://www.webpronews.com/automations-road-ahead-reshaping-society-through-driverless-mobility/,2026-01-28,regular,
1286027091,20260127,USA,,172,17,-5.0,-1.66666666666667,https://chinaeconomicreview.com/texas-bans-state-employees-from-using-shein-alibaba-products/,2026-01-27,regular,
1286327698,20260128,USA,,141,14,-6.5,-5.76036866359448,https://wwmt.com/news/nation-world/another-indivisible-no-kings-protest-president-donald-trump-administration-ice-to-take-place-in-march,2026-01-28,regular,
1286113921,20260127,,USA,140,14,-6.5,-3.3500837520938,https://nypost.com/2026/01/27/us-news/ilhan-omar-to-huddle-with-constituents-in-minneapolis-amid-chaos-engulfing-city/,2026-01-27,regular,
1286936747,20260201,,RUS,173,17,-5.0,-6.56108597285068,https://nsk.rbc.ru/nsk/01/02/2026/697ef9ec9a79477a34f5059f,2026-02-01,regular,
1285835009,20260126,USA,,160,16,-4.0,-0.495049504950495,https://www.yahoo.com/news/articles/much-snow-fell-indiana-weekend-013851569.html,2026-01-26,regular,
1286159725,20260127,USA,,180,18,-9.0,-2.5,https://www.12news.com/article/news/local/arizona/arizona-family-speaks-out-after-detained-by-ice/75-27f91d8e-6120-4a8f-8664-1b718d4f720e,2026-01-27,regular,
1285964245,20260126,FRA,,173,17,-5.0,-8.95196506550222,https://www.euronews.com/2026/01/26/appeal-trial-for-men-convicted-of-2020-beheading-of-teacher-samuel-paty-opens-in-france,2026-01-26,regular,
1286081536,20260127,USA,,161,16,-4.0,-0.91001011122346,https://espreso.tv/article-amerikanskiy-raketniy-gambit-chi-zminyuetsya-politika-trampa-u-viyskoviy-dopomozi-ukraini,2026-01-27,regular,
1286807028,20260131,FRA,ARM,182,18,-9.5,-3.08641975308642,https://www.elpais.com.uy/opinion/columnistas/mientras-algunos-se-acuerdan-de-palestina-y-de-venezuela-otros-recuerdan-a-hitler,2026-01-31,regular,
1286143023,20260127,FRA,,1821,18,-9.0,-8.42433697347894,https://www.habervitrini.com/fransiz-senator-kadin-meslektasinin-ickisine-uyusturucu-koyup-tecavuze-yeltendi/1156899,2026-01-27,regular,
1286713554,20260130,USA,,173,17,-5.0,-11.1627906976745,https://www.thedailybeast.com/man-who-fooled-ice-barbie-kristi-noem-with-fake-donald-trump-threats-found-guilty/,2026-01-30,regular,
1285930699,20260126,GBR,GBR,172,17,-5.0,-5.82959641255605,https://iz.ru/2031689/london-oshtrafoval-bank-shotlandii-za-narushenie-sanktcii-protiv-rossii-izi,2026-01-26,regular,
1286547640,20260129,,USA,130,13,-4.4,-10.091743119266,https://newsbusters.org/blogs/cnsnews/craig-bannister/2026/01/29/doj-should-arrest-philly-da-felony-threatening-ice-agents,2026-01-29,regular,
1285832080,20260126,CHN,,100,10,-5.0,3.78890392422192,http://en.people.cn/n3/2026/0126/c90000-20418347.html,2026-01-26,regular,
1286959577,20260201,UKR,RUS,130,13,-4.4,-0.21505376344086,https://www.foxnews.com/world/top-kremlin-official-praises-trumps-push-peace-ukraine-talks-set-resume,2026-02-01,regular,
1286287119,20260128,IRQ,USA,130,13,-4.4,-5.58428128231644,https://english.aawsat.com/arab-world/5234558-former-iraq-pm-maliki-rejects-us-interference-after-threat,2026-01-28,regular,
1286597044,20260130,,GBR,173,17,-5.0,-1.89798339264532,https://www.deseret.com/politics/2026/01/29/governor-spencer-cox-harvard-social-media/,2026-01-30,regular,
1286316545,20260128,IRN,USA,130,13,-4.4,-6.65813060179258,https://www.al-monitor.com/originals/2026/01/trump-says-time-running-out-iran-threatens-tough-response,2026-01-28,regular,
1286953610,20260201,,USA,173,17,-5.0,-5.28052805280528,https://www.obozrevatel.com/novosti-mir/v-blizhajshie-48-chasov-ssha-mogut-atakovat-iran-vuchich.htm,2026-02-01,regular,
1286545504,20260129,USA,,173,17,-5.0,-2.30769230769231,https://decider.com/2026/01/29/melania-posters-vandalized-ahead-of-documentarys-opening-weekend/,2026-01-29,regular,
1286711047,20260130,,USA,141,14,-6.5,-1.7230376515635,https://www.yahoo.com/news/articles/fbi-searches-georgia-election-center-190501367.html,2026-01-30,regular,
1286710479,20260130,USA,,180,18,-9.0,-4.89296636085627,https://tvxs.gr/news/kosmos/mineapoli-proin-paroysiastis-toy-cnn-synelifthi-se-diamartyria-kata-tis-ice-se-ekklisia/,2026-01-30,regular,
1285966432,20260126,USA,USA,172,17,-5.0,-5.6998556998557,https://www.yahoo.com/news/articles/history-complaints-against-officer-shot-193500401.html,2026-01-26,regular,
1291593593,20260228,CHN,IRN,133,13,-5.8,-4.69348659003832,https://www.foxnews.com/us/nonprofits-funded-by-pro-ccp-tycoon-mobilize-pro-regime-protests-10-minutes-before-trump-even-reveals-he-launc,2026-02-28,regular,
1291470466,20260228,USA,,173,17,-5.0,-10.4956268221575,https://www.kcrg.com/2026/02/27/jury-finds-three-cedar-rapids-brothers-not-guilty-death-of-18-year-old-sibling/,2026-02-28,regular,
1291695913,20260301,USA,IRN,141,14,-6.5,-6.27906976744186,https://time.mk/c/3288310cfc/haos-pred-konzulatot-na-sad-vo-karaci-osum-lica-zaginaa-vo-protestot-po-napadot-na-iran.html,2026-03-01,regular,
1290588165,20260223,,DEU,173,17,-5.0,-3.80952380952381,https://www.zeit.de/news/2026-02/23/hausbesuche-die-nie-stattfanden-arzt-muss-hinter-gitter,2026-02-23,regular,
1291253155,20260226,IRL,USA,166,16,-7.0,-1.22699386503068,https://www.rte.ie/news/munster/2026/0226/1560671-gas-reserve-shannon/,2026-02-26,regular,
1291015147,20260225,GBR,,173,17,-5.0,1.5576323987539,https://www.winnipegfreepress.com/world/2026/02/25/larry-summers-will-resign-from-teaching-at-harvard-during-review-of-epstein-ties-university-says,2026-02-25,regular,
1290672557,20260224,USA,,172,17,-5.0,-4.26356589147287,https://victoriaadvocate.com/2026/02/23/green-lake-fire-fully-contained-after-167-acres-burned/,2026-02-24,regular,
1291653089,20260301,FRA,,130,13,-4.4,-4.2594385285576,https://www.dailymail.co.uk/news/article-15602815/iran-one-word-america-emergency-council-meeting.html,2026-03-01,regular,
1290642642,20260223,USA,,173,17,-5.0,-7.55939524838013,https://www.12news.com/article/news/crime/man-who-killed-girlfriends-father-sentenced-4-decades-prison/75-ebf7138e-73a7-4fbb-b84e-6f72bbc44409,2026-02-23,regular,
1290949943,20260225,IDN,USA,173,17,-5.0,-8.08080808080808,https://www.independent.co.uk/asia/southeast-asia/bali-suitcase-murder-tommy-schaefer-deported-b2927088.html,2026-02-25,regular,
1290863015,20260224,USA,USA,182,18,-9.5,-6.36363636363636,https://www.fox10phoenix.com/news/south-phoenix-shooting-leaves-man-dead-officer-hurt,2026-02-24,regular,
1290662190,20260223,USA,USA,180,18,-9.0,-11.0655737704918,https://www.whas11.com/article/news/local/kentucky-state-police-trooper-receives-5-year-sentence-after-assault-carroll-county-hayden-kilbourne/417-ca16f768-b8bf-4f1c-b5dd-afe7edad08d6,2026-02-23,regular,
1291742385,20260301,IRN,USA,180,18,-9.0,-3.00500834724541,https://www.livemint.com/market/stock-market-news/indian-markets-stock-rally-iran-leader-death-west-asia-peace-oil-prices-11772351968886.html,2026-03-01,regular,
1291598230,20260228,USA,USA,172,17,-5.0,0.0,https://timesofindia.indiatimes.com/technology/tech-news/microsoft-publicly-declares-opposition-to-washington-state-bill-on-data-centers-labels-the-proposed-regulations-as-/articleshow/128893560.cms,2026-02-28,regular,
1291361895,20260227,,GBR,173,17,-5.0,4.08472012102875,https://www.nme.com/news/music/ozzy-osbourne-to-be-honoured-with-brits-lifetime-achievement-award-3931762,2026-02-27,regular,
1291654081,20260301,,USA,160,16,-4.0,-0.22075055187638,https://urgente24.com/golazo24/talleres-0-vs-san-lorenzo-0-fin-del-pt-la-intensidad-y-las-imprecisiones-n619932,2026-03-01,regular,
1290619133,20260223,USA,,173,17,-5.0,-11.3636363636364,https://www.fox26houston.com/news/harris-county-ada-arrested-charged-strangulation-feb-2026,2026-02-23,regular,
1290596185,20260223,,USA,173,17,-5.0,-11.1111111111111,https://www.unionleader.com/news/crime/victim-says-knife-incident-began-after-she-honked-at-lowell-woman/article_bbf6f7a3-b62f-4263-b7d5-69a69ffdfdcc.html,2026-02-23,regular,
1293132482,20260301,FRA,EUR,138,13,-7.0,-2.01438848920864,https://www.yahoo.com/news/articles/macron-visit-cyprus-while-starmer-162052349.html,2026-03-01,regular,
1291268895,20260227,,USA,173,17,-5.0,-5.35714285714285,https://www.nbcphiladelphia.com/entertainment/entertainment-news/romanian-court-rejects-wiz-khalifa-appeal-jail-sentence-drug-possession/4360160/,2026-02-27,regular,
1291098799,20260226,,USA,173,17,-5.0,-7.15360539304201,https://www.clickorlando.com/news/world/2026/02/26/the-father-of-a-us-based-hong-kong-activist-is-sentenced-to-8-months-under-national-security-law/,2026-02-26,regular,
1291176811,20260226,GBR,UKR,154,15,-7.2,-4.0,https://www.vesti.ru/ns/zakharova-predupredila-o-posledstviyakh-razmeshcheniya-britanskikh-vojsk-na-ukraine,2026-02-26,regular,
1290981369,20260225,USA,,173,17,-5.0,-7.84215784215784,https://theintercept.com/2026/02/23/kristi-noem-ice-cannibal/,2026-02-25,regular,
1290961259,20260225,,GBR,100,10,-5.0,-8.9877010406812,https://www.dailyrecord.co.uk/news/scottish-news/harrowing-murder-cases-scots-victims-36774068,2026-02-25,regular,
1291154567,20260226,USA,,180,18,-9.0,-7.69230769230769,https://www.mynbc5.com/article/tupper-lake-attempted-murder-hit-and-run/70509964,2026-02-26,regular,
1290748741,20260224,FRA,,101,10,-5.0,0.0,https://naharnet.com/stories/en/318576-france-demands-explanation-from-us-envoy-over-surprise-no-show,2026-02-24,regular,
1290898247,20260225,USA,,141,14,-6.5,-10.3250478011473,https://signalscv.com/2026/02/pennsylvania-man-arrested-in-castaic-on-federal-charges/,2026-02-25,regular,
1290695498,20260224,USA,,173,17,-5.0,-7.61904761904762,https://www.yahoo.com/news/articles/delaware-man-sentenced-life-prison-022910690.html,2026-02-24,regular,
1290835320,20260224,USA,,130,13,-4.4,-0.90909090909091,https://economictimes.indiatimes.com/news/international/us/savannah-guthrie-breaks-down-offers-1-million-reward-for-missing-mother-nancy-guthrieheres-what-she-said/articleshow/128759236.cms,2026-02-24,regular,
1291202915,20260226,POL,EUR,173,17,-5.0,-2.86624203821656,https://www.fakt.pl/wydarzenia/polska/trojmiasto/byly-szef-zatoki-sztuki-ucieka-przed-wymiarem-sprawiedliwosci-sluzby-zwiekszaja/nzqcsmd,2026-02-26,regular,
1291436505,20260227,CUB,USA,173,17,-5.0,-7.35294117647059,https://theconversation.com/cubas-speedboat-shootout-recalls-long-history-of-exile-groups-engaged-in-covert-ops-aimed-at-regime-change-277049,2026-02-27,regular,
1291347210,20260227,USA,,100,10,-5.0,-2.48962655601659,https://aif.ru/politics/world/borba-s-myortvymi-dushami-trampa-prizyvayut-vvesti-rezhim-chp-v-ssha,2026-02-27,regular,
1290655160,20260223,USA,,164,16,-7.0,-3.97849462365592,https://patch.com/new-york/longisland/i-am-ready-just-be-home-nurses-families-see-flight-cancellations-blizzard-slams,2026-02-23,regular,
1291102720,20260226,RUS,RUS,130,13,-4.4,-5.25536639526277,https://kyivindependent.com/russia-uses-false-allegations-to-sabotage-ukraine-peace-talks/,2026-02-26,regular,
1290686633,20260224,USA,,100,10,-5.0,-6.0126582278481,https://www.kptv.com/2026/02/24/beaverton-woman-puerto-vallarta-describes-cartel-unrest-city-slowly-returns-normal/,2026-02-24,regular,
1291361986,20260227,,USA,173,17,-5.0,-11.8644067796611,https://www.wsoctv.com/news/local/man-wanted-virginia-shooting-incident-arrested-gaston-county/73C2UQCOYVFFPJCQ7RDYE7VHLI/,2026-02-27,regular,
1291131700,20260226,USA,,173,17,-5.0,-14.8751357220413,https://www.cadillacnews.com/news/confinement-rates-and-performance-numbers/article_27e6353d-1ef6-4888-9abc-9b71180524d0.html,2026-02-26,regular,
1291290182,20260227,USA,,173,17,-5.0,-7.72058823529412,https://www.pressdemocrat.com/2026/02/26/missing-connecticut-woman-among-suspects-in-sonoma-county-bank-fraud-case/,2026-02-27,regular,
1290563936,20260223,GBR,,173,17,-5.0,-11.4942528735632,https://www.mirror.co.uk/tv/tv-news/where-robert-black-now-36766585,2026-02-23,regular,
1291320685,20260227,USA,,180,18,-9.0,-2.31548480463097,https://www.cbs8.com/article/news/local/california/calmatters/he-saw-an-abandoned-trailer-then-he-uncovered-a-surveillance-network-on-californias-border/509-6c232d1d-6c69-4f18-ab2f-a3ffceab0d50,2026-02-27,regular,
1290664886,20260224,USA,,172,17,-5.0,-2.35057085292142,https://www.jdsupra.com/legalnews/delaware-chancery-court-enforces-2143043/,2026-02-24,regular,
1291427828,20260227,USA,,173,17,-5.0,-9.8958333333333,https://www.orlandosentinel.com/2026/02/27/minnesota-immigration-protest-indictments/,2026-02-27,regular,
1290871959,20260225,,GBR,173,17,-5.0,-7.3359073359073,https://www.frontpagemag.com/afghan-muslim-migrant-in-uk-rapes-a-12-year-old-girl/,2026-02-25,regular,
1291128891,20260226,FRA,FRA,1041,10,-5.0,-4.49122807017544,https://www.middleeasteye.net/opinion/mike-huckabee-lifts-veil-us-backing-israeli-expansionism,2026-02-26,regular,
1291021585,20260225,CAN,GBR,173,17,-5.0,-1.84049079754601,https://nationalpost.com/news/canada/lawyers-argue-whether-transgender-female-prisoner-should-be-transferred-to-womens-jail,2026-02-25,regular,
1290875532,20260225,USA,,161,16,-4.0,-1.69491525423729,https://www.thv11.com/article/news/local/districts-across-arkansas-sever-ties-lifetouch-epstein-files/91-cbc313ab-a94e-4250-8a31-5dcba8737ce3,2026-02-25,regular,
1291319986,20260227,GBR,,180,18,-9.0,-5.47945205479452,https://www.maldonandburnhamstandard.co.uk/news/25886013.man-arrested-sexual-assault-stansted-airport/,2026-02-27,regular,
1290825955,20260224,USA,,172,17,-5.0,-1.73076923076923,https://www.denverpost.com/2026/02/24/aurora-tobacco-vapes-underage-sales/,2026-02-24,regular,
1291491260,20260228,EUR,,100,10,-5.0,-8.33333333333334,https://www.emaratalyoum.com/politics/weekly-supplements/world-press/2026-02-28-1.2019994,2026-02-28,regular,
1290677626,20260224,USA,,100,10,-5.0,-5.00472143531633,https://www.kotatv.com/2026/02/24/amid-polling-low-trump-centers-pre-state-union-message-immigration/,2026-02-24,regular,
1291314346,20260227,,USA,173,17,-5.0,-6.45161290322581,https://www.stgeorgeutah.com/arrests/uhp-recovers-nearly-30-pounds-of-suspected-methamphetamine-from-concealment-trap-during-stop-on-i/article_a92f210a-2e42-4874-a2a1-b573e0f3853e.html,2026-02-27,regular,
1290626853,20260223,GBR,USA,173,17,-5.0,-2.20264317180617,https://www.fox5dc.com/news/peter-mandelson-epstein-arrested-uk-ambassador-london,2026-02-23,regular,
1291154676,20260226,USA,RUS,130,13,-4.4,-0.563063063063059,https://www.newstatesman.com/comment/2026/02/after-17-years-at-the-new-statesman-i-leave-with-a-renewed-faith-in-the-power-of-ideas,2026-02-26,regular,
1291209392,20260226,GBR,,173,17,-5.0,-11.4624505928854,https://www.dailymail.co.uk/news/article-15595599/Five-immigration-officers-stole-hundreds-thousands-cash-possessions-small-boats-migrants-processed-Dover-court-hears.html,2026-02-26,regular,
1291501949,20260228,CUB,USA,174,17,-5.0,-4.10764872521246,https://www.nbclosangeles.com/news/politics/president-trump/trump-friendly-takeover-cuba/3854990/,2026-02-28,regular,
1291500988,20260228,IRN,CHN,100,10,-5.0,-2.75229357798165,http://eng.chinamil.com.cn/2025xb/H_251454/L_251456/16444977.html,2026-02-28,regular,
1291684170,20260301,PAK,USA,173,17,-5.0,-6.84931506849315,https://www.upi.com/Top_News/2026/03/01/On-This-Day-Supreme-Court-rules-against-executing-juvenile-offenders/8241772342889/,2026-03-01,regular,
1291062574,20260226,USA,SSD,173,17,-5.0,-3.27102803738318,https://www.theguardian.com/us-news/2026/feb/25/trump-third-country-deportations,2026-02-26,regular,
1290853768,20260224,VEN,USA,173,17,-5.0,-9.52380952380952,https://www.sandiegouniontribune.com/2026/02/24/gunman-sentenced-in-double-slaying-in-barrio-logan-vicious-cold-blooded-murders/,2026-02-24,regular,
1291344442,20260227,IRN,USA,130,13,-4.4,-2.99625468164794,https://www.hispantv.com/noticias/politica/641376/oci-advierte-a-eeuu-sobre-cualquier-uso-de-fuerza-contra-iran,2026-02-27,regular,
1290809361,20260224,USA,,173,17,-5.0,-3.84428223844282,https://www.wunc.org/education/2026-02-24/faculty-under-attack-how-the-public-syllabus-policy-is-seen-as-the-latest-weapon-against-academia,2026-02-24,regular,
1290566761,20260223,RUS,UKR,173,17,-5.0,1.89349112426035,https://www.scottishlegal.com/articles/four-years-on-justice-accountability-and-peace-for-ukraine,2026-02-23,regular,
1291179403,20260226,RUS,UKR,139,13,-7.0,-5.21945432977461,https://siol.net/novice/svet/zelenski-pred-srecanjem-pogajalcev-zda-in-ukrajine-govoril-s-trumpom-685522,2026-02-26,regular,
1291473160,20260228,EUR,RUS,160,16,-4.0,-2.82685512367491,https://www.glas-slavonije.hr/novosti/svijet/2026/02/27/fico-stekao-sam-jasan-dojam-da-ukrajina-nema-namjeru-obnoviti-tranzit-nafte-kroz-naftovod-druzba-749375/,2026-02-28,regular,
1291059018,20260225,USA,,173,17,-5.0,-1.64271047227926,https://www.sltrib.com/religion/2026/02/25/security-tightened-utah-mosques/,2026-02-25,regular,
1291337205,20260227,,USA,130,13,-4.4,1.34874759152215,https://www.ksat.com/news/texas/2026/02/27/trump-administration-ends-protections-for-rare-dancing-prairie-bird/,2026-02-27,regular,
1291424405,20260227,NOR,RUS,172,17,-5.0,-1.65289256198347,https://www.nakanune.ru/news/2026/2/27/22860831/,2026-02-27,regular,
1290732345,20260224,ARE,GBR,173,17,-5.0,-4.28571428571429,https://www.dailystar.co.uk/news/latest-news/brit-personal-trainer-detained-dubai-36770607,2026-02-24,regular,
1290931137,20260225,USA,,154,15,-7.2,1.95439739413681,https://www.newsx.com/world/why-pm-narendra-modi-israel-trip-has-pakistan-worried-netanyahu-wants-india-to-join-hexagon-alliance-against-radical-axis-will-india-join-the-bloc-172757/,2026-02-25,regular,
1291097314,20260226,,USA,180,18,-9.0,-11.900826446281,https://www.hindustantimes.com/world-news/us-news/who-is-skiboky-stora-man-who-assaulted-tiktoker-halley-kate-and-berated-jews-in-nyc-convicted-on-hate-crimes-charges-101772073975086.html,2026-02-26,regular,
1290581754,20260223,UKR,RUS,131,13,-5.8,-2.50391236306729,https://mignews.com/news/politic/flamingo-mozhet-stat-realnoj-problemoj-priblizhennye-putina-negoduyut.html,2026-02-23,regular,
1290647160,20260223,,GBR,141,14,-6.5,-2.60223048327137,https://www.jamaicaobserver.com/2026/02/23/watch-brokenhurst-residents-protest-bad-roads-manchester-community/,2026-02-23,regular,
1290955243,20260225,RUS,,173,17,-5.0,-5.33751962323391,https://insightcrime.org/investigations/king-dead-long-live-queen/,2026-02-25,regular,
1291513042,20260228,IRN,USA,173,17,-5.0,-4.20624151967436,https://www.rte.ie/news/2026/0228/1560893-us-iran-israel/,2026-02-28,regular,
1291057573,20260225,USA,USA,1712,17,-9.2,-2.04778156996587,https://cbs2iowa.com/news/local/university-of-iowa-plans-to-demolish-two-vacant-buildings-on-campus,2026-02-25,regular,
1290693886,20260224,,USA,173,17,-5.0,-6.22250157133878,https://www.yahoo.com/news/articles/arizona-couple-caught-cartel-violence-032047970.html,2026-02-24,regular,
1291046349,20260225,USA,,100,10,-5.0,0.0,https://nypost.com/2026/02/25/opinion/trumps-inspiring-address-letters/,2026-02-25,regular,
1291039242,20260225,,CHN,180,18,-9.0,-9.5679012345679,https://www.kltv.com/2026/02/25/canton-man-charged-after-shooting-gun-into-home-following-dispute/,2026-02-25,regular,
1291619578,20260228,RUS,USA,180,18,-9.0,-3.8860103626943,https://www.tribunnews.com/internasional/7797947/terobos-qatar-rudal-balistik-iran-hancurkan-radar-canggih-amerika-fp132-senilai-11-miliar-dolar,2026-02-28,regular,
1291723270,20260301,BHR,GBR,138,13,-7.0,-5.00963391136802,https://www.heraldo.es/noticias/internacional/2026/03/01/reino-unido-derriba-drones-iranies-que-amenazaban-sus-bases-en-oriente-medio-1898411.html,2026-03-01,regular,
1290807278,20260224,CHN,,150,15,-7.2,-6.34249471458774,https://www.computerworld.dk/art/294675/tech-giganter-advares-om-risiko-for-oekonomisk-apokalypse-jeg-sover-med-et-oeje-aabent-siger-tim-cook,2026-02-24,regular,
1291271644,20260227,CHN,,1384,13,-7.0,-2.04498977505113,https://biz.heraldcorp.com/article/10683566,2026-02-27,regular,
1290627575,20260223,USA,,180,18,-9.0,-11.3636363636364,https://www.kyuk.org/podcast/kyuk-local-english-news/2026-02-23/local-english-news-february-23-2026,2026-02-23,regular,
1291750725,20260301,USA,,100,10,-5.0,-2.27272727272727,https://ianslive.in/after-khamenei-iran-faces-a-power-vacuum--20260301214204,2026-03-01,regular,
1291455628,20260227,USA,,186,18,-10.0,-4.79896238651102,https://www.thedailybeast.com/trump-goon-james-blair-threatens-airline-industry-over-wifes-flight-delay/,2026-02-27,regular,
1291371601,20260227,EUR,,1384,13,-7.0,-1.45985401459854,https://lenta.ru/news/2026/02/27/stalo-izvestno-o-blizhayshih-peregovorah-trampa-s-liderom-strany-es/,2026-02-27,regular,
1291248581,20260226,,USA,100,10,-5.0,3.40632603406326,https://www.times-standard.com/2026/02/26/humboldt-hero-air-force-veteran-to-be-honored-in-eureka/,2026-02-26,regular,
1291309297,20260227,,USA,173,17,-5.0,-8.39694656488554,https://www.kcrg.com/2026/02/27/former-mount-vernon-therapist-accused-sexual-exploitation-client/,2026-02-27,regular,
1290832892,20260224,USA,USA,173,17,-5.0,-7.75862068965517,https://www.wbay.com:443/2026/02/24/wisconsin-supreme-court-upholds-evidence-google-child-pornography-case/,2026-02-24,regular,
1290977640,20260225,USA,,172,17,-5.0,-6.33333333333333,https://www.kens5.com/article/news/local/second-arrest-new-years-day-shooting-stout-house/273-0ea7a56a-1d95-40aa-80ec-d2836fbb0d8d,2026-02-25,regular,
1291434572,20260227,USA,MEX,173,17,-5.0,-6.54307524536532,https://alaska-native-news.com/leader-of-anchorage-drug-trafficking-organization-sentenced-to-30-years/82879/,2026-02-27,regular,
1290971555,20260225,CHN,,100,10,-5.0,-3.46320346320346,https://www.latercera.com/politica/noticia/comision-de-rree-de-la-camara-cita-a-van-klaveren-y-munoz-a-sesion-para-transparentar-controversia-por-cable-submarino-chino/,2026-02-25,regular,
1291314497,20260227,GBR,,173,17,-5.0,-2.56410256410257,https://www.manchestereveningnews.co.uk/special-features/dont-night-out-ruin-your-33315085,2026-02-27,regular,
1290742134,20260224,,USA,173,17,-5.0,-5.47680412371134,https://www.yahoo.com/news/articles/hes-carjacking-victim-eyewitness-ice-100455996.html,2026-02-24,regular,
1290837191,20260224,USA,USA,143,14,-6.5,-0.190839694656488,https://www.mcalesternews.com/region/white-house-dinner-closes-a-turbulent-week-for-governors-in-washington/article_c90734ba-770a-52d6-94d1-cab9a026751c.html,2026-02-24,regular,
1291299077,20260227,USA,,180,18,-9.0,-7.76515151515152,https://www.cbsnews.com/sacramento/news/convicted-sacramento-child-molester-david-funston-new-charges-placer/,2026-02-27,regular,
1290892226,20260225,,USA,173,17,-5.0,-0.59347181008902,https://www.nbcphiladelphia.com/news/national-international/movers-help-rescue-missing-toddler-arizona-after-spotting-amber-alert-suspect/4358819/,2026-02-25,regular,
1290555466,20260223,RUS,,172,17,-5.0,-4.19254658385093,https://ura.news/news/1053071506,2026-02-23,regular,
1291742115,20260301,GBR,,160,16,-4.0,-1.96451160567027,https://www.newburytoday.co.uk/national/almost-half-of-heathrow-middle-east-flights-cancelled-163383/,2026-03-01,regular,
1290818744,20260224,USA,,1044,10,-5.0,4.03397027600849,https://www.yesweekly.com/literature/greensboro-bound-book-festival-returns-april-9-11-as-free-three-day-celebration-of-stories/article_ccf8acd9-afb0-4a5b-8e55-aa2fbf5a6972.html,2026-02-24,regular,
1292496805,20260305,IRN,USA,100,10,-5.0,-0.48701298701299,https://www.businessinsider.com/state-department-boosting-flights-middle-east-get-americans-home-2026-3,2026-03-05,targeted,Strait of Hormuz oil chokepoint tension
1292486264,20260305,USA,,173,17,-5.0,-6.91823899371069,https://wchstv.com/news/local/troopers-search-for-man-accused-of-wanton-endangerment-in-lincoln-county,2026-03-05,targeted,Strait of Hormuz oil chokepoint tension
1292471943,20260305,USA,USA,130,13,-4.4,-13.3284777858703,https://www.wrganews.com/2026/03/04/police-warned-prosecutors-3-times-about-violent-illegal-immigrant-before-he-allegedly-killed-virginia-mother/,2026-03-05,targeted,Strait of Hormuz oil chokepoint tension
1293061410,20260308,USA,,173,17,-5.0,-15.0,https://www.theepochtimes.com/us/illegal-immigrant-arrested-for-allegedly-voting-in-5-presidential-elections-5995652,2026-03-08,targeted,Strait of Hormuz oil chokepoint tension
1292325173,20260304,EUR,,160,16,-4.0,-5.34351145038168,https://www.politis.com.cy/politis-news/cyprus/990061/entonos-provlimatismos-ksenodokhon-ghia-tis-sinekhis-akirwseis-ptiseon-apo-tin-efrwpi-skepseis-ghia-metathesi-epanaleitoyrghias-ksenodokheiakwn-monadon,2026-03-04,targeted,Strait of Hormuz oil chokepoint tension
1292539534,20260305,,CHN,173,17,-5.0,-4.32900432900433,https://www.walesonline.co.uk/news/wales-news/men-bailed-spying-allegations-court-33534901,2026-03-05,targeted,Strait of Hormuz oil chokepoint tension
1292078134,20260303,GBR,,172,17,-5.0,-2.05655526992288,https://www.inverness-courier.co.uk/news/inverness-secondary-school-takes-toilets-out-of-use-at-class-428674/,2026-03-03,targeted,Strait of Hormuz oil chokepoint tension
1292839396,20260306,,USA,173,17,-5.0,-13.8461538461539,https://theonion.com/doj-employee-charged-in-child-pornography-case/,2026-03-06,targeted,Strait of Hormuz oil chokepoint tension
1292961297,20260307,USA,,138,13,-7.0,-3.56666666666667,https://www.winnipegfreepress.com/arts-and-life/life/faith/2026/03/07/trump-warns-in-social-media-post-more-iran-officials-will-be-targets-in-war-saying-today-iran-will-be-hit-very-hard,2026-03-07,targeted,Strait of Hormuz oil chokepoint tension
1291791665,20260302,USA,,1383,13,-7.0,-5.40540540540541,https://www.sun-sentinel.com/2026/03/01/passenger-bomb-threat-disrupts-jetblue-flight-at-fort-lauderdale-airport/,2026-03-02,targeted,Strait of Hormuz oil chokepoint tension
1291785499,20260302,FRA,GBR,138,13,-7.0,-5.14285714285714,https://www.digitaljournal.com/world/france-germany-uk-ready-to-take-defensive-action-against-iran/article,2026-03-02,targeted,Strait of Hormuz oil chokepoint tension
1292829409,20260306,UKR,RUS,154,15,-7.2,-3.16957210776545,https://www.digitaljournal.com/world/this-is-how-ukraine-has-countered-russias-iran-designed-drones/article,2026-03-06,targeted,Strait of Hormuz oil chokepoint tension
1292192343,20260303,USA,IRN,138,13,-7.0,-6.95970695970696,https://www.zonebourse.com/actualite-bourse/les-banques-americaines-en-alerte-face-a-la-menace-de-cyberattaques-alors-que-la-guerre-en-iran-s-in-ce7e5cd2df81f025,2026-03-03,targeted,Strait of Hormuz oil chokepoint tension
1292910690,20260307,USA,,138,13,-7.0,-4.6218487394958,https://www.koco.com/article/deadly-michigan-tornado/70647837,2026-03-07,targeted,Strait of Hormuz oil chokepoint tension
1292937893,20260307,EUR,RUS,166,16,-7.0,-3.29362298528382,https://www.svoboda.org/a/dollary-zoloto-i-vybory-novyy-konflikt-mezhdu-ukrainoy-i-vengriey/33697788.html,2026-03-07,targeted,Strait of Hormuz oil chokepoint tension
1292136894,20260303,USA,ARE,166,16,-7.0,-4.66853408029879,https://wtmj.com/ap/2026/03/03/iran-strikes-the-us-embassy-in-saudi-arabia-as-war-expands-yet-again/,2026-03-03,targeted,Strait of Hormuz oil chokepoint tension
1292904047,20260307,USA,,173,17,-5.0,-4.26470588235294,https://www.kold.com/2026/03/07/man-convicted-killing-university-arizona-professor-dr-thomas-meixner-files-appeal/,2026-03-07,targeted,Strait of Hormuz oil chokepoint tension
1292042719,20260303,GBR,RUS,173,17,-5.0,-5.69620253164557,https://inosmi.ru/20260303/britanets-277360709.html,2026-03-03,targeted,Strait of Hormuz oil chokepoint tension
1292244272,20260304,,USA,173,17,-5.0,-5.59440559440559,https://www.newsday.com/long-island/crime/sag-harbor-pta-theft-hope-livingston-ub7nepcv,2026-03-04,targeted,Strait of Hormuz oil chokepoint tension
1291925133,20260302,RUS,,130,13,-4.4,-7.51173708920188,https://www.mirror.co.uk/news/world-news/breaking-russia-sends-chilling-ww3-36805044,2026-03-02,targeted,Strait of Hormuz oil chokepoint tension
1292613004,20260305,USA,,173,17,-5.0,-6.49546827794562,https://www.click2houston.com/news/local/2026/03/05/6-arrested-in-28-million-gold-scam-targeting-elderly-victims-across-texas-friendswood-police-say/,2026-03-05,targeted,Strait of Hormuz oil chokepoint tension
1291964318,20260302,,USA,172,17,-5.0,-0.731261425959779,https://www.winnipegfreepress.com/world/2026/03/02/supreme-court-could-loosen-law-barring-marijuana-users-from-owning-guns,2026-03-02,targeted,Strait of Hormuz oil chokepoint tension
1292773518,20260306,GBR,IRN,173,17,-5.0,-5.23415977961433,https://www.whec.com/ap-top-news/the-latest-israeli-strikes-pound-iran-and-lebanon-as-us-warns-attacks-will-intensify/,2026-03-06,targeted,Strait of Hormuz oil chokepoint tension
1292178751,20260303,DEU,IRN,180,18,-9.0,-5.55555555555556,https://www.khaskhabar.com/news/world-news/news-world-war-update--unesco-visits-iranian-historic-sites-trump-and-german-chancellor-meet-ukraine-to-provide-anti-drone-technology-news-hindi-1-795934-KKN.html,2026-03-03,targeted,Strait of Hormuz oil chokepoint tension
1292614438,20260305,USA,ESP,100,10,-5.0,-2.18579234972677,https://english.elpais.com/usa/2026-03-05/trump-calls-spain-a-loser-and-warns-the-united-states-will-not-be-a-team-player.html,2026-03-05,targeted,Strait of Hormuz oil chokepoint tension
1293048541,20260308,,DEU,130,13,-4.4,-1.68097281831188,https://prowrestling.net/site/2026/03/07/wxw-16-carat-gold-night-two-results-vetters-review-of-elijah-blum-vs-1-called-manders-for-the-wxw-title-the-grind-vs-planet-gojirah-for-the-wxw-tag-titles-quarterfinal-tournament-matches/,2026-03-08,targeted,Strait of Hormuz oil chokepoint tension
1292863035,20260306,EUR,IRN,130,13,-4.4,-2.16606498194946,https://www.balatarin.com:443/permlink/2026/3/6/6439284,2026-03-06,targeted,Strait of Hormuz oil chokepoint tension
1292464571,20260305,USA,,173,17,-5.0,-1.31004366812227,https://www.inquirer.com/crime/bucks-county-matthew-laiss-guilty-voter-fraud-trump-20260304.html,2026-03-05,targeted,Strait of Hormuz oil chokepoint tension
1292015063,20260303,PSE,USA,141,14,-6.5,-3.50877192982456,https://woodradio.iheart.com/featured/wood-radio-local-news/content/2026-03-02-us-rep-bill-huizenga-supports-us-actions-against-iran-others-weigh-in/,2026-03-03,targeted,Strait of Hormuz oil chokepoint tension
1292209350,20260303,,USA,173,17,-5.0,-1.79533213644524,https://www.ksat.com/vote-2026/2026/03/03/election-results-texas-house-district-125-race-in-march-2026-primary/,2026-03-03,targeted,Strait of Hormuz oil chokepoint tension
1292642932,20260305,GBR,CYP,160,16,-4.0,-1.22767857142857,https://thefrontierpost.com/pm-stands-by-decision-not-to-join-strikes-on-iran-and-sends-more-jets-to-qatar-2/,2026-03-05,targeted,Strait of Hormuz oil chokepoint tension
1291881005,20260302,USA,KWT,130,13,-4.4,-7.26256983240223,https://www.hindustantimes.com/world-news/death-toll-rises-to-555-as-iran-faces-escalating-conflict-says-red-crescent-101772440957587.html,2026-03-02,targeted,Strait of Hormuz oil chokepoint tension
1292684953,20260306,CHN,AUS,154,15,-7.2,-3.52748154224774,https://johnmenadue.com/post/2026/03/three-years-on-where-is-the-china-war-we-were-warned-of/,2026-03-06,targeted,Strait of Hormuz oil chokepoint tension
1292597154,20260305,GRC,EUR,138,13,-7.0,-1.58982511923688,https://news.wfsu.org/npr-news/2026-03-05/a-rift-between-spain-and-trump-widens-over-spanish-opposition-to-the-iran-war,2026-03-05,targeted,Strait of Hormuz oil chokepoint tension
1292194347,20260303,RUS,,160,16,-4.0,-2.47933884297521,https://www.annaharkw.com/annahar/Article.aspx?id=1040297,2026-03-03,targeted,Strait of Hormuz oil chokepoint tension
1293026931,20260307,FRA,,173,17,-5.0,-2.82131661442006,https://www.leparisien.fr/international/iran/jean-noel-barrot-sest-entretenu-avec-les-ex-otages-cecile-kohler-et-jacques-paris-toujours-bloques-en-iran-07-03-2026-4PR7K4SKFBBKND7OHHXQQ7LAPY.php,2026-03-07,targeted,Strait of Hormuz oil chokepoint tension
1292927106,20260307,JPN,,1384,13,-7.0,-1.61290322580645,https://article.wn.com/view/2026/03/07/china_8217s_missile_reach_forces_japan_back_to_iwo_jima/,2026-03-07,targeted,Strait of Hormuz oil chokepoint tension
1292213918,20260303,JPN,,1384,13,-7.0,-0.70175438596491,https://dailycaller.com/2026/03/03/japan-trump-america-israel-iran-attacks-operation-epic-fury/,2026-03-03,targeted,Strait of Hormuz oil chokepoint tension
1292991368,20260307,RUS,,1056,10,-5.0,-0.80645161290322,https://www.diariopanorama.com/noticia/545105/putin-hablo-telefono-presidente-iran-masoud-pezeshkian-volvio,2026-03-07,targeted,Strait of Hormuz oil chokepoint tension
1292308382,20260304,CHN,IRN,141,14,-6.5,-1.58311345646438,https://www.marketscreener.com/news/uncertainty-faces-china-inc-s-projects-in-iran-after-us-israeli-strikes-ce7e5cd3dc80f627,2026-03-04,targeted,Strait of Hormuz oil chokepoint tension
1292372419,20260304,CHN,GBR,141,14,-6.5,-8.69565217391306,https://tass.com/world/2096395,2026-03-04,targeted,Strait of Hormuz oil chokepoint tension
1292301910,20260304,CHN,CHN,174,17,-5.0,-10.4011887072808,https://www.police.gov.sg/Media-Hub/News/2026/03/20260303_police_arrest_three_singaporeans_in_money_laundering_investigation,2026-03-04,targeted,Strait of Hormuz oil chokepoint tension
1293023176,20260307,GBR,,172,17,-5.0,-4.66472303206997,https://www.belfastlive.co.uk/news/belfast-news/exclusive-poll-shows-northern-ireland-33522230,2026-03-07,targeted,Strait of Hormuz oil chokepoint tension
1292731724,20260306,EUR,,130,13,-4.4,-2.1671826625387,https://www.dnevno.hr/gospodarstvo-i-turizam/velika-europska-banka-izdala-vazno-upozorenje-gradanima-zbog-rata-pripremite-si-to-3235815/,2026-03-06,targeted,Strait of Hormuz oil chokepoint tension
1291877579,20260302,GBR,ISR,160,16,-4.0,-4.04217926186292,https://www.rustourismnews.com/2026/03/02/middle-east-airspace-closed-as-uae-qatar-and-israel-halt-flights-amid-escalating-conflict/,2026-03-02,targeted,Strait of Hormuz oil chokepoint tension
1292601774,20260305,RUS,IRN,160,16,-4.0,0.0,https://www.bgonair.bg/a/4-world/411954-rusiya-evakuira-zhenite-i-detsata-na-svoite-diplomati-ot-iran,2026-03-05,targeted,Strait of Hormuz oil chokepoint tension
1293118756,20260308,,USA,173,17,-5.0,-4.35294117647058,https://www.theblaze.com/align/mary-clarke-beverly-hills-socialite-who-traded-haute-couture-for-a-habit,2026-03-08,targeted,Strait of Hormuz oil chokepoint tension
1291807828,20260302,FRA,,1831,18,-10.0,-4.52425373134328,https://www.scoop.co.nz/stories/HL2603/S00004/on-the-iran-war.htm,2026-03-02,targeted,Strait of Hormuz oil chokepoint tension
1292667145,20260305,,USA,173,17,-5.0,-1.88679245283018,https://www.winnipegfreepress.com/world/2026/03/05/bernard-lafayette-selma-voting-rights-organizer-has-died,2026-03-05,targeted,Strait of Hormuz oil chokepoint tension
1292257715,20260304,USA,,173,17,-5.0,-2.47349823321555,https://dailyfreepress.com/03/03/21/218427/change-cant-wait-congressman-seth-moulton-runs-for-senate-promises-to-protect-immigrants-in-massachusetts/,2026-03-04,targeted,Strait of Hormuz oil chokepoint tension
1292585791,20260305,EUR,,138,13,-7.0,-2.17864923747276,https://time.mk/ai/1aa8286578/mk/,2026-03-05,targeted,Strait of Hormuz oil chokepoint tension
1292170867,20260303,,USA,174,17,-5.0,-8.33333333333333,https://wjla.com/news/local/man-who-murdered-american-university-professor-in-maryland-gets-25-year-sentence,2026-03-03,targeted,Strait of Hormuz oil chokepoint tension
1292794398,20260306,IRN,USA,138,13,-7.0,-6.42857142857143,https://www.globalsecurity.org/wmd/library/news/iran/2026/03/iran-260305-sputnik02.htm,2026-03-06,targeted,Strait of Hormuz oil chokepoint tension
1291971572,20260302,USA,USA,130,13,-4.4,-7.01932858596134,https://www.independent.co.uk/news/world/middle-east/iran-war-israel-trump-middle-east-b2930268.html,2026-03-02,targeted,Strait of Hormuz oil chokepoint tension
1291925288,20260302,USA,,173,17,-5.0,-7.88548468106483,https://www.sgvtribune.com/2026/03/02/the-system-failed-woman-grieves-for-brother-killed-during-chase-of-serial-auto-thief/,2026-03-02,targeted,Strait of Hormuz oil chokepoint tension
1292593222,20260305,GRC,EUR,100,10,-5.0,-6.81818181818182,https://www.kyivpost.com/post/71301,2026-03-05,targeted,Strait of Hormuz oil chokepoint tension
1292508880,20260305,CHN,,131,13,-5.8,-3.46320346320346,https://www.channelnewsasia.com/asia/iran-middle-east-conflict-india-businesses-impact-5972711,2026-03-05,targeted,Strait of Hormuz oil chokepoint tension
1292409847,20260304,USA,ESP,141,14,-6.5,2.85714285714286,https://www.dailysignal.com/author/humeyra-pamuk/,2026-03-04,targeted,Strait of Hormuz oil chokepoint tension
1291930638,20260302,IRN,GBR,130,13,-4.4,-3.59042553191489,https://www.firstpost.com/world/iranian-drone-crashes-into-uk-military-base-in-cyprus-no-casualties-reported-ws-e-13985438.html,2026-03-02,targeted,Strait of Hormuz oil chokepoint tension
1292564860,20260305,USA,,180,18,-9.0,-2.97091966557616,https://www.marketscreener.com/news/us-senator-warren-targets-us-ammunition-sales-linked-to-mexican-cartels-ce7e5fdbdb89f421,2026-03-05,targeted,Strait of Hormuz oil chokepoint tension
1292616316,20260305,,EUR,173,17,-5.0,0.0,https://www.bankier.pl/wiadomosc/Wojska-USA-pozostana-w-Polsce-Wiceszef-Pentagonu-zabral-glos-9093806.html,2026-03-05,targeted,Strait of Hormuz oil chokepoint tension
1293020277,20260307,GRC,DEU,186,18,-10.0,-4.625,https://www.kathimerini.gr/opinion/readers/564112477/i-ioanna-tsatsoy-ta-fylla-katochis-oi-manes-ta-zesta-akoma-apo-zoi-roycha-ton-ektelesthenton/,2026-03-07,targeted,Strait of Hormuz oil chokepoint tension
1293005232,20260307,,USA,140,14,-6.5,2.9126213592233,https://www.eng.kavkaz-uzel.eu/articles/73397,2026-03-07,targeted,Strait of Hormuz oil chokepoint tension
1292769319,20260306,USA,,172,17,-5.0,-3.125,https://www.chronicle.lu/category/international-news/59941-indias-tech-state-karnataka-bans-social-media-for-children-under-16,2026-03-06,targeted,Strait of Hormuz oil chokepoint tension
1292868847,20260306,,USA,173,17,-5.0,-1.67883211678832,https://www.birminghamtimes.com/2026/03/bernard-lafayette-selma-voting-rights-organizer-one-of-the-founders-of-sncc-dies-at-85/,2026-03-06,targeted,Strait of Hormuz oil chokepoint tension
1292189380,20260303,USA,USA,173,17,-5.0,-5.32051282051282,https://www.mondaq.com:443/unitedstates/trusts/1751768/when-trusted-access-becomes-a-threat-the-us-v-linwei-ding-conviction-and-escalating-insider-risk,2026-03-03,targeted,Strait of Hormuz oil chokepoint tension
1292891810,20260307,GBR,,182,18,-9.5,-10.4046242774566,https://www.dailystar.co.uk/news/world-news/top-8-notorious-gangland-hits-36830129,2026-03-07,targeted,Strait of Hormuz oil chokepoint tension
1292489645,20260305,,USA,101,10,-5.0,-5.23809523809524,https://www.el-balad.com/16868417,2026-03-05,targeted,Strait of Hormuz oil chokepoint tension
1293089239,20260308,USA,USA,173,17,-5.0,-5.08130081300813,https://www.yahoo.com/news/articles/46m-crypto-theft-mystery-did-110053600.html,2026-03-08,targeted,Strait of Hormuz oil chokepoint tension
1291788118,20260302,USA,,172,17,-5.0,-6.48967551622419,https://indianexpress.com/article/cities/delhi/bjp-govt-ruined-delhi-kejriwal-in-first-rally-after-court-clean-chit-10560141/,2026-03-02,targeted,Strait of Hormuz oil chokepoint tension
1292718232,20260306,USA,USA,173,17,-5.0,-4.68384074941452,https://www.metroworldnews.com/noticias/2026/03/06/caso-epstein-revelan-los-archivos-302-sobre-entrevistas-del-fbi-que-implican-a-trump/,2026-03-06,targeted,Strait of Hormuz oil chokepoint tension
1292099040,20260303,EUR,,164,16,-7.0,-1.15473441108545,https://www.farodevigo.es/galicia/2026/03/03/bng-denuncia-pp-presiono-comisario-rueda-127483906.html,2026-03-03,targeted,Strait of Hormuz oil chokepoint tension
1292937894,20260307,EUR,RUS,166,16,-7.0,-3.29362298528382,https://www.svoboda.org/a/dollary-zoloto-i-vybory-novyy-konflikt-mezhdu-ukrainoy-i-vengriey/33697788.html,2026-03-07,targeted,Strait of Hormuz oil chokepoint tension
1292559533,20260305,,USA,173,17,-5.0,-4.71380471380471,https://ecoaltomolise.net/sorpreso-a-rubare-in-un-appartamento-georgiano-di-35anni-finisce-dietro-le-sbarre/,2026-03-05,targeted,Strait of Hormuz oil chokepoint tension
1292864450,20260306,USA,,180,18,-9.0,-8.38803792851933,https://www.dailytrib.com/2026/03/06/burnet-county-jail-logs-feb-27-march-5/,2026-03-06,targeted,Strait of Hormuz oil chokepoint tension
1292834885,20260306,USA,,100,10,-5.0,-0.50251256281407,https://kxel.com/2026/03/06/early-voting-begins-in-virginias-redistricting-election-which-could-determine-control-of-the-house-in-midterms/,2026-03-06,targeted,Strait of Hormuz oil chokepoint tension
1291842303,20260302,PAK,USA,141,14,-6.5,-9.66386554621848,https://www.dailysabah.com/world/asia-pacific/death-toll-in-pakistans-pro-iran-weekend-protests-climbs-to-25,2026-03-02,targeted,Strait of Hormuz oil chokepoint tension
1291931419,20260302,USA,CAN,172,17,-5.0,-1.16731517509727,https://www.chattanoogan.com/2026/3/2/515493/Lee-Davis-Admitted-To-American-College.aspx,2026-03-02,targeted,Strait of Hormuz oil chokepoint tension
1292855809,20260306,USA,,1821,18,-9.0,-3.92548236859614,https://nypost.com/2026/03/06/us-news/elizabeth-smart-and-natalee-holloways-parents-reveal-what-nancy-guthries-family-are-facing/,2026-03-06,targeted,Strait of Hormuz oil chokepoint tension
1292002748,20260303,,USA,100,10,-5.0,-4.14201183431952,https://www.fox10tv.com/2026/03/02/fight-big-creek-lake-access-escalates-with-new-legislation-multiple-lawsuits/,2026-03-03,targeted,Strait of Hormuz oil chokepoint tension
1292842487,20260306,USA,,180,18,-9.0,-1.32075471698113,https://www.clarksvilleonline.com/2026/03/06/101st-airborne-division-soldier-returns-to-service-after-covid-19-vaccine-separation/,2026-03-06,targeted,Strait of Hormuz oil chokepoint tension
1292884135,20260306,USA,,180,18,-9.0,-9.82905982905983,https://www.kbtx.com/2026/03/06/mcso-swat-arrests-seven-wanted-felons-including-3-gang-members/,2026-03-06,targeted,Strait of Hormuz oil chokepoint tension
1292888439,20260307,,USA,173,17,-5.0,-5.01043841336117,https://www.bostonglobe.com/2026/03/06/metro/babson-college-student-deported-loses-deportation-case/,2026-03-07,targeted,Strait of Hormuz oil chokepoint tension
1291852255,20260302,IRN,GBR,130,13,-4.4,-5.11695906432749,"https://www.novinite.com/articles/237261/Iran+Strikes+Cyprus,+Europe+Vows+to+Defend+Its+Citizens",2026-03-02,targeted,Strait of Hormuz oil chokepoint tension
1293051589,20260308,USA,SLV,173,17,-5.0,-4.09582689335394,https://www.wpsdlocal6.com/news/a-reporter-in-nashville-has-been-covering-ice-arrests-in-her-community-then-she-was/article_816b5db8-35db-5b94-8936-e74dfc029b3c.html,2026-03-08,targeted,Strait of Hormuz oil chokepoint tension
1292305185,20260304,FRA,FRA,173,17,-5.0,-9.90990990990995,https://www.vilaweb.cat/noticies/detinguts-mort-quentin-deranque-ultradreta-frances/,2026-03-04,targeted,Strait of Hormuz oil chokepoint tension
1292313048,20260304,RUS,,172,17,-5.0,-4.1095890410959,https://www.nakanune.ru/news/2026/3/4/22861473/,2026-03-04,targeted,Strait of Hormuz oil chokepoint tension
1292965892,20260307,USA,,160,16,-4.0,-0.40160642570281,https://www.thenews.com.pk/latest/1394911-michelle-obama-leaves-people-wondering-with-her-latest-move,2026-03-07,targeted,Strait of Hormuz oil chokepoint tension
1292534019,20260305,RUS,,180,18,-9.0,-4.36590436590437,https://www.newsbeast.gr/world/arthro/12940129/krisi-sti-mesi-anatoli-to-neo-megalo-dilimma-tou-poutin-pou-klonizei-to-kremlino,2026-03-05,targeted,Strait of Hormuz oil chokepoint tension
1291901508,20260302,GBR,CYP,164,16,-7.0,-4.63768115942029,"https://wiadomosci.gazeta.pl/swiat/7,198075,32633577,spotkanie-rady-ue-w-nikozji-odwolane-powodem-atak-drona.html",2026-03-02,targeted,Strait of Hormuz oil chokepoint tension
1292831318,20260306,EUR,,172,17,-5.0,-2.33463035019455,https://www.metronieuws.nl/lifestyle/eten-drinken/2026/03/vegetarische-kipstukjes-eu-diernamen-verbieden-bond-onnodig/,2026-03-06,targeted,Strait of Hormuz oil chokepoint tension
1292218148,20260303,USA,IRN,180,18,-9.0,-6.14035087719298,https://www.madata.gr/epikairotita/world/964230-synagermos-sto-ntoympai-floges-kai-ekrhxeis-sto-amerikaniko-proxeneio.html,2026-03-03,targeted,Strait of Hormuz oil chokepoint tension
1291992414,20260302,USA,,100,10,-5.0,0.89730807577268,https://www.patheos.com/blogs/delisahargrove/2026/03/my-wintertime-visit-of-adam-ondi-ahman/,2026-03-02,targeted,Strait of Hormuz oil chokepoint tension
1291963320,20260302,USA,,173,17,-5.0,-15.0,https://local12.com/news/nation-world/woman-pleads-guilty-felony-murder-space-heater-killing-76-year-old-neighbor-alabama-monyuett-catrice-hinson-alverner-blanks,2026-03-02,targeted,Strait of Hormuz oil chokepoint tension
1291812764,20260302,ISR,GBR,160,16,-4.0,-4.94037478705281,https://www.express.co.uk/news/world/2176964/uk-military-base-hit-drone-airstrike-cyrpus,2026-03-02,targeted,Strait of Hormuz oil chokepoint tension
1292834892,20260306,USA,IRN,154,15,-7.2,-5.76923076923077,https://www.borsaitaliana.it/borsa/notizie/radiocor/finanza/dettaglio/economia-e-finanza-dai-giornali-usa-nRC_06032026_1342_319678583.html,2026-03-06,targeted,Strait of Hormuz oil chokepoint tension
1292370704,20260304,IRN,USA,186,18,-10.0,-3.67892976588628,https://www.aa.com.tr/en/americas/-iran-cannot-outlast-us-says-us-defense-chief/3850030,2026-03-04,targeted,Strait of Hormuz oil chokepoint tension
1292470172,20260305,JPN,JPN,162,16,-5.6,-1.24766063630692,https://www.castanetkamloops.net/news/BC/601961/From-Sixties-Scoop-survivor-to-B-C-entrepreneur,2026-03-05,targeted,Strait of Hormuz oil chokepoint tension
1292408599,20260304,USA,IRN,186,18,-10.0,-5.64263322884012,https://www.capital.gr/diethni/3977874/leukos-oikos-o-tramp-exetazei-ton-rolo-ton-ipa-sto-iran-meta-to-telos-tou-polemou/,2026-03-04,targeted,Strait of Hormuz oil chokepoint tension
1291956710,20260302,IRN,EUR,133,13,-5.8,-5.4054054054054,https://athens-times.com/israeli-embassy-in-greece-publishes-map-showing-irans-ballistic-missile-range/,2026-03-02,targeted,Strait of Hormuz oil chokepoint tension
1296745362,20260330,UKR,EUR,130,13,-4.4,-5.87449933244325,https://www.kyivpost.com/post/72826,2026-03-30,regular,
1296819158,20260330,USA,,182,18,-9.5,-7.11340206185567,https://www.pressherald.com/2026/03/30/civil-case-filed-in-killing-of-former-winthrop-philanthropist/,2026-03-30,regular,
1296818972,20260330,RUS,RUS,100,10,-5.0,-5.27859237536657,https://www.marketscreener.com/news/russia-overhauls-vaccine-production-after-cattle-disease-triggers-mass-culling-ce7e51d9dd8cf220,2026-03-30,regular,
1297166688,20260401,USA,USA,141,14,-6.5,-3.9568345323741,https://www.sfexaminer.com/news/crime/ex-execs-from-sf-agency-and-nonprofit-face-corruption-counts/article_888232a9-8516-41fb-a896-9df9894a9818.html,2026-04-01,regular,
1297384495,20260402,,USA,173,17,-5.0,-12.2549019607843,https://local12.com/news/local/cincinnati-ice-supervisor-admits-to-lying-to-feds-during-domestic-violence-investigation-samuel-saxson-corryville-assault-chokehold-department-homeland-security-guilty-plea-federal,2026-04-02,regular,
1296822561,20260330,USA,,141,14,-6.5,-5.80985915492958,https://www.latintimes.com/new-water-buoy-barriers-texas-could-disrupt-rio-grande-unpredictable-damaging-catastrophic-595966,2026-03-30,regular,
1297486801,20260403,USA,USA,180,18,-9.0,-9.1503267973856,https://catcountry1073.com/ixp/564/p/somers-point-nj-sexual-assault-child/,2026-04-03,regular,
1297120318,20260401,GBR,,1712,17,-9.2,-5.06912442396313,https://www.aa.com.tr/en/middle-east/tanker-hit-by-projectiles-near-qatar-fire-extinguished-ukmto/3887440,2026-04-01,regular,
1297214933,20260401,FRA,,1043,10,-5.0,0.0,https://www.lyoncapitale.fr/actualite/municipales-a-venissieux-battue-la-maire-sortante-michele-picard-depose-un-recours,2026-04-01,regular,
1296710677,20260330,USA,,173,17,-5.0,-10.8991825613079,https://www.yahoo.com/news/articles/long-awaited-trial-2002-murder-235447665.html,2026-03-30,regular,
1297731683,20260405,USA,,172,17,-5.0,-1.21951219512195,https://nypost.com/2026/04/05/opinion/democrats-new-aipac-obsession-shows-exactly-why-its-needed/,2026-04-05,regular,
1297079134,20260401,,USA,130,13,-4.4,-5.03597122302158,https://fox56.com/news/local/police-search-for-missing-endangered-teen-last-seen-in-carbon-county,2026-04-01,regular,
1297204106,20260401,USA,USA,141,14,-6.5,-2.00729927007299,https://www.westword.com/opinion/john-eastman-argued-against-birthright-citizenship-40866068/,2026-04-01,regular,
1297461404,20260403,DEU,,154,15,-7.2,-4.47761194029851,https://www.tvguide.co.uk/schedule/531fbadb-7ee9-5e3e-8026-779a55798850/hitler-youth,2026-04-03,regular,
1296824985,20260330,IRN,USA,180,18,-9.0,0.0,https://www.bd-pratidin.com/international-news/2026/03/30/1232981,2026-03-30,regular,
1297496108,20260403,RUS,,173,17,-5.0,-7.7220077220077,https://u-f.ru/news/criminal/u24974/2026/04/03/414676,2026-04-03,regular,
1297133642,20260401,EUR,RUS,100,10,-5.0,-0.17785682525567,https://www.obozrevatel.com/novosti-mir/novaya-realnost-nato-silnee-voenno-slabee-politicheski-pochemu-rekordnyie-rashodyi-ne-garantiruyut-bezopasnosti.htm,2026-04-01,regular,
1296822698,20260330,USA,COL,172,17,-5.0,-7.87401574803149,https://nypost.com/2026/03/30/lifestyle/influencer-banned-threatened-for-fake-farts-on-flight/,2026-03-30,regular,
1297338909,20260402,,CHN,173,17,-5.0,-8.28025477707006,https://faktor.ba/bosna-i-hercegovina/crna-hronika/akcija-fup-a-u-sarajevu-dvoje-uhapsenih-pronadeno-vise-od-sest-kila-droge-i-oruzje/250037,2026-04-02,regular,
1297738947,20260405,GBR,FRA,141,14,-6.5,-5.28301886792453,https://www.franceinfo.fr/culture/musique/polemique-sur-la-participation-du-rappeur-americain-kanye-west-a-un-festival-a-londres-cet-ete_7917344.html,2026-04-05,regular,
1297035186,20260331,,USA,173,17,-5.0,-2.880658436214,https://www.houstonpublicmedia.org/articles/news/harris-county/2026/03/31/547619/lina-hidalgo-harris-county-commissioners-resolution-rodeo-dispute/,2026-03-31,regular,
1297556907,20260403,,USA,173,17,-5.0,-7.75862068965517,https://wjla.com/news/local/3-arrested-bike-patrol-officers-failing-registration-sex-offender-drug-warrants-fairfax-county-virginia-hybla-valley-janna-lee-avenue-idris-mussa-darias-smith-catherine-harris-foot-chase-bodycam-footage-schedule-iii-drugs,2026-04-03,regular,
1297481501,20260403,RUS,,172,17,-5.0,-1.43540669856459,https://www.channelnewsasia.com/world/russia-messaging-app-telegram-restrictions-businesses-users-regulation-communication-max-6035131,2026-04-03,regular,
1296716961,20260330,PGS,USA,138,13,-7.0,-4.24766018718503,https://www.presstv.ir/Detail/2026/03/29/766046/US-Israeli-aggression-on-Iran--What-happened-on-30th-day-of-the-imposed-war,2026-03-30,regular,
1296903923,20260331,USA,,173,17,-5.0,-3.54223433242507,https://www.fox10tv.com/2026/03/31/three-men-charged-gulf-cartel-cocaine-trafficking-operation-targeting-mobile/,2026-03-31,regular,
1297635562,20260404,IRN,USA,173,17,-5.0,-5.13176144244106,https://www.pakistantoday.com.pk/2026/04/04/iran-us-race-to-find-crew-member-of-crashed-american-fighter-jet,2026-04-04,regular,
1296909263,20260331,IRN,USA,172,17,-5.0,-1.30505709624796,https://www.aljazeera.net/news/2026/3/31/%D9%85%D8%B6%D9%8A%D9%82-%D9%87%D8%B1%D9%85%D8%B2-%D8%B5%D8%B1%D8%A7%D8%B9-%D8%A7%D9%84%D8%B3%D9%8A%D8%A7%D8%AF%D8%A9-%D8%A7%D9%84%D8%A5%D9%8A%D8%B1%D8%A7%D9%86%D9%8A%D8%A9,2026-03-31,regular,
1297700400,20260405,,GBR,130,13,-4.4,1.86915887850468,https://www.countypress.co.uk/news/25996205.green-party-deputy-leader-rachel-millward-visits-isle-wight/,2026-04-05,regular,
1297714491,20260405,USA,IRN,173,17,-5.0,-4.79452054794521,https://www.vozpopuli.com/internacional/ultima-hora-de-la-guerra-en-iran-en-directo-ataques-entre-eeuu-israel-y-teheran-y-novedades-en-el-estrecho-de-ormuz.html,2026-04-05,regular,
1296809246,20260330,,USA,100,10,-5.0,0.584652931736853,https://www.hometownregister.com/news/national/supreme-court-s-decision-on-birthright-citizenship-will-depend-on-its-interpretation-of-one-key/article_31a8e6ee-d92c-5a89-90c3-0f0cfec00da3.html,2026-03-30,regular,
1297713764,20260405,USA,,130,13,-4.4,-0.66793893129771,https://www.hawaiitribune-herald.com/2026/04/05/nation-world-news/trump-slashed-science-funding-now-the-us-could-face-a-costly-brain-drain/,2026-04-05,regular,
1297378853,20260402,,USA,173,17,-5.0,-8.75,https://www.emporiagazette.com/free/article_09472e26-a444-42d8-9739-1ced7aa29fee.html,2026-04-02,regular,
1297189702,20260401,USA,,140,14,-6.5,0.1159420289855,https://www.swissinfo.ch/eng/various/maga-dream-girl-jessica-foster-no-kings-demo-and-50-years-of-apple/91144197,2026-04-01,regular,
1297095425,20260401,USA,,173,17,-5.0,-5.97964376590331,https://artvoice.com/2026/03/31/onetaste-founder-gets-prison-in-first-brainwashing-conviction-in-us-history/,2026-04-01,regular,
1297755820,20260405,HUN,RUS,130,13,-4.4,-1.94174757281554,https://gordonua.com/ukr/news/worldnews/supernik-orbana-na-viborakh-rozpoviv-jakim-bude-pidkhid-uhorshchini-do-rosiji-jakshcho-vin-stane-premjerom-1777990.html,2026-04-05,regular,
1297073819,20260401,,USA,170,17,-7.0,-1.43626570915619,https://keyt.com/politics/cnn-us-politics/2026/03/31/trump-signs-executive-order-to-crack-down-on-mail-in-voting/,2026-04-01,regular,
1297256675,20260402,USA,,182,18,-9.5,-5.69767441860465,https://www.nbcnews.com/news/us-news/blind-rohingya-refugee-cbp-buffalo-determined-homicide-rcna266292,2026-04-02,regular,
1297617094,20260404,USA,,172,17,-5.0,-3.42612419700214,https://www.newsbusters.org/blogs/nb/mark-finkelstein/2026/04/04/house-democrat-ms-now-good-riddance-bondi-replacement-names,2026-04-04,regular,
1296830705,20260330,FRA,,173,17,-5.0,-10.0961538461538,https://www.tribune242.com/news/2026/mar/30/trial-delayed-for-hospitalised-rape-and-armed-robbery-suspect/,2026-03-30,regular,
1296819444,20260330,CHN,USA,173,17,-5.0,-2.36686390532544,https://www.franceinfo.fr/monde/chine/toute-derision-a-l-egard-du-regime-est-absolument-interdite-inquietudes-autour-du-proces-secret-d-un-artiste-chinois-accuse-de-se-moquer-de-mao-zedong_7904264.html,2026-03-30,regular,
1297475129,20260403,USA,,150,15,-7.2,1.64126611957796,https://www.livemint.com/companies/news/microsoft-plans-10-billion-investment-in-japan-to-grow-ai-train-1-million-workers-by-2030-11775190635744.html,2026-04-03,regular,
1297751064,20260405,USA,USA,173,17,-5.0,-9.36329588014984,https://freerepublic.com/focus/f-chat/4373753/posts,2026-04-05,regular,
1296890191,20260331,FRA,,173,17,-5.0,-6.35593220338983,https://thechronicle.com.gh/thieves-steal-paintings-in-three-minute-italian-heist/,2026-03-31,regular,
1296843032,20260330,CRI,USA,174,17,-5.0,-10.5691056910569,https://qcostarica.com/celso-gamboa-denied-bail-by-u-s-court/,2026-03-30,regular,
1297412933,20260402,USA,USA,173,17,-5.0,-6.26118067978533,https://www.yahoo.com/news/articles/fbi-announces-socal-arrests-major-192033728.html,2026-04-02,regular,
1296991929,20260331,RUS,RUS,172,17,-5.0,-3.27272727272728,https://plusinfo.mk/rusi-a-nema-da-izvezuva-nafta-vo-nekoi-zem-i-luta-im-e-shto-a-ogranichi-a-cenata-na-45-dolari-za-baarel/,2026-03-31,regular,
1297451954,20260403,RUS,,1712,17,-9.2,-6.33333333333334,https://oglobo.globo.com/mundo/noticia/2026/04/03/eles-vem-para-matar-palestinos-relatam-violencia-na-cisjordania-ocupada-que-cresce-sob-sombra-da-guerra-no-oriente-medio.ghtml,2026-04-03,regular,
1297736978,20260405,UKR,RUS,172,17,-5.0,-2.7027027027027,https://russian.rt.com/business/news/1616094-ukraina-tureckogo-potoka,2026-04-05,regular,
1297557535,20260403,USA,USA,134,13,-5.8,0.61349693251534,https://www.chicagotribune.com/2026/04/03/faith-julian-oak-park-obituary/,2026-04-03,regular,
1297322852,20260402,IRN,USA,138,13,-7.0,-1.17416829745597,https://www.dostor.org/5486534,2026-04-02,regular,
1297503902,20260403,USA,,173,17,-5.0,-4.49330783938814,https://www.americanthinker.com/articles/2026/04/no_kings_except_ours.html,2026-04-03,regular,
1297273078,20260402,,USA,173,17,-5.0,-2.66272189349113,https://abcnews.com/US/coral-springs-vice-mayor-nancy-metayer-bowen-found/story?id=131636253,2026-04-02,regular,
1297099751,20260401,CHN,,172,17,-5.0,-4.26944971537002,https://www.agri-pulse.com/articles/24461-annual-trade-barrier-report-reflects-us-trade-pivot-offers-clues-on-negotiations,2026-04-01,regular,
1297703067,20260405,USA,,172,17,-5.0,-3.61233480176212,https://www.businesstimes.com.sg/international/china-built-worlds-drone-industry-now-its-locking-down-skies,2026-04-05,regular,
1297169995,20260401,,USA,173,17,-5.0,0.243309002433089,http://www.prnewswire.com/news-releases/biozen-named-peoples-choice-winner-at-acc-2026-innovation-pitch-challenge-302731419.html,2026-04-01,regular,
1297689014,20260405,,USA,173,17,-5.0,-3.30935251798561,https://nypost.com/2026/04/04/us-news/daughter-of-top-iranian-official-ousted-from-emory-university-after-outcry-has-visa-canceled/,2026-04-05,regular,
1297308500,20260402,USA,,130,13,-4.4,-4.03146509341199,https://www.cbc.ca/news/canada/milk-class-action-scam-9.7148807,2026-04-02,regular,
1297729910,20260405,,USA,173,17,-5.0,-7.69716088328075,https://www.lowellsun.com/2026/04/05/acquitted-in-2020-lowell-murder-man-now-faces-cocaine-trafficking-charges/,2026-04-05,regular,
1296859611,20260330,RUS,,172,17,-5.0,-4.0,https://donpress.com/news/30-03-2026-v-rf-khotyat-vvesti-nakazanie-za-ispolzovanie-vpn,2026-03-30,regular,
1297196363,20260401,EUR,,172,17,-5.0,1.75913396481732,https://ru.euronews.com/2026/04/01/ru-trump-on-leaving-nato,2026-04-01,regular,
1297416501,20260402,GBR,GBR,100,10,-5.0,-2.93333333333333,https://www.express.co.uk/news/uk/2189879/major-disorder-feared-next-48,2026-04-02,regular,
1296720771,20260330,,DEU,173,17,-5.0,-0.34662045060659,https://www.obozrevatel.com/novosti-obschestvo/kakoj-prazdnik-otmechayut-30-marta-vse-ob-etom-dne.htm,2026-03-30,regular,
1297045828,20260331,USA,IRN,130,13,-4.4,-4.87364620938628,https://www.manilatimes.net/2026/04/01/opinion/columns/against-america-the-world/2311549,2026-03-31,regular,
1297370092,20260402,USA,,172,17,-5.0,-11.1111111111111,https://www.wnep.com/article/news/local/bradford-county/man-sentenced-in-murder-for-hire-plot-in-bradford-county-wyoming-county-meshoppen/523-711fac32-cf20-4e75-9c95-5281a2fc3d45,2026-04-02,regular,
1297004183,20260331,UKR,RUS,163,16,-8.0,4.07239819004525,https://news.mail.ru/politics/70366082/,2026-03-31,regular,
1296836418,20260330,RUS,,130,13,-4.4,-5.41760722347629,https://www.vetogate.com/5625381,2026-03-30,regular,
1297381884,20260402,RUS,,100,10,-5.0,3.87096774193549,https://lenta.ru/news/2026/04/02/stalo-izvestno-o-reshenii-zamestitelya-rossiyskogo-ministra-otpravitsya-na-svo/,2026-04-02,regular,
1297300991,20260402,CHN,,181,18,-9.0,-14.5098039215686,http://www.china.org.cn/2026-04/02/content_118415994.shtml,2026-04-02,regular,
1297397393,20260402,MCO,USA,173,17,-5.0,-8.61079219288175,https://gazette.com/2026/04/02/letecia-stauch-murder-conviction-in-stepson-gannons-death-reversed-by-colorado-appeals-court/,2026-04-02,regular,
1297554588,20260403,USA,,141,14,-6.5,-6.97329376854599,https://www.thedailybeast.com/pentagon-pete-hegseths-own-troops-ridicule-his-rebrand-with-dark-new-nickname/,2026-04-03,regular,
1297045827,20260331,USA,IRN,130,13,-4.4,-4.87364620938628,https://www.manilatimes.net/2026/04/01/opinion/columns/against-america-the-world/2311549,2026-03-31,regular,
1297603416,20260404,,USA,173,17,-5.0,-9.9557522123894,https://www.decaturdaily.com/news/morgan_county/human-trafficking-charge-dismissed-for-decatur-man-ahead-of-trial/article_f980c4a6-c631-4f99-b8aa-84884241da42.html,2026-04-04,regular,
1297541852,20260403,,USA,172,17,-5.0,-1.31578947368421,https://www.12news.com/article/news/local/valley/man-stabbed-downtown-phoenix-bar-taken-hospital/75-73fb2c45-2567-4c99-a069-502eb0477627,2026-04-03,regular,
1297385908,20260402,IRN,USA,173,17,-5.0,-1.58102766798419,https://www.blic.rs/vesti/svet/sok-u-beloj-kuci-smenjna-pem-bondi/t06s41v,2026-04-02,regular,
1302080417,20260402,GBR,,1044,10,-5.0,1.24843945068665,https://www.thenational.scot/news/26073693.poll-predicts-snp-majority-thumping-landslide-scottish-elections/,2026-04-02,regular,
1297280582,20260402,USA,USA,173,17,-5.0,-8.83977900552486,https://www.actionnews5.com/2026/04/01/horn-lake-man-convicted-unnatural-intercourse-with-family-dog/,2026-04-02,regular,
1297654364,20260404,,USA,173,17,-5.0,-8.88030888030888,https://kfab.iheart.com/content/2026-04-04-sexual-ethics-professor-charged-with-rape-and-child-sexual-abuse/,2026-04-04,regular,
1297748805,20260405,USA,,130,13,-4.4,-2.1978021978022,https://www.klcc.org/news-briefs/2026-04-05/oregon-health-authority-cautions-against-giving-baby-poultry-as-gifts-for-easter,2026-04-05,regular,
1297131577,20260401,USA,,172,17,-5.0,-2.41286863270777,https://berkeleyobserver.com/2025/09/11/transgender-student-in-berkeley-county-allowed-to-still-use-boys-bathroom/,2026-04-01,regular,
1297740292,20260405,,USA,182,18,-9.5,-4.47761194029851,https://www.firstcoastnews.com/article/news/local/school-bus-crash-zoo-parkway-kindergartners-campione-law-farah-and-farah-hired/77-f8e750de-8b33-4179-8b3a-f96e9118ecfa,2026-04-05,regular,
1297668914,20260405,,USA,1821,18,-9.0,-8.88030888030888,https://kfyr.iheart.com/content/2026-04-04-sexual-ethics-professor-charged-with-rape-and-child-sexual-abuse/,2026-04-05,regular,
1297510571,20260403,RUS,,143,14,-6.5,3.26086956521739,https://volga.news/article/785853.html,2026-04-03,regular,
1297094189,20260401,UKR,RUS,141,14,-6.5,-2.67716535433071,https://www.mandurahmail.com.au/story/9212074/finnish-lessons-for-australia-to-counter-russian-threat/,2026-04-01,regular,
1297441860,20260403,USA,,180,18,-9.0,-9.52380952380956,https://abc11.com/post/former-wcpss-worker-charged-assault-student-disability/18830696/,2026-04-03,regular,
1296884977,20260331,,CHN,174,17,-5.0,6.68523676880223,https://www.jawapos.com/zodiak/2603310020/dikenal-paling-sakti-inilah-3-shio-terkuat-yang-ditakdirkan-jadi-pemimpin,2026-03-31,regular,
1297415866,20260402,CHN,,100,10,-5.0,-3.01556420233463,https://vecer.mk/svet/satelitski-snimki-otkrija-golem-taen-proekt-na-kina-cf2f910d-35cd-4656-8dda-c02b878eced4,2026-04-02,regular,
1296843926,20260330,USA,,186,18,-10.0,-5.05979760809567,https://www.deccanchronicle.com/opinion/columnists/kc-singh-iran-war-crisis-point-quick-truce-or-grave-escalation-1947391,2026-03-30,regular,
1297484975,20260403,USA,VNM,138,13,-7.0,-6.98764380059651,https://countercurrents.org/2026/04/a-month-into-the-war-on-iran-ten-reasons-to-oppose-the-u-s-israel-war/,2026-04-03,regular,
1302533735,20260405,,USA,173,17,-5.0,-7.17703349282296,https://slate.com/news-and-politics/2026/05/south-carolina-republicans-prison-abortions.html,2026-04-05,regular,
1297439641,20260403,USA,,138,13,-7.0,-5.42168674698795,https://www.foxnews.com/entertainment/lindsey-buckinghams-alleged-stalker-speaks-out-after-fleetwood-mac-star-attacked-la,2026-04-03,regular,
1296716839,20260330,KOR,USA,141,14,-6.5,-4.08263649778652,https://www.globaltimes.cn/page/202603/1357815.shtml,2026-03-30,regular,
1296882248,20260331,SLV,USA,173,17,-5.0,-8.07453416149068,https://foxwilmington.com/homeland-security-vows-deportation-operations-will-continue-as-ice-agents-help-tsa-agency-defunded/,2026-03-31,regular,
1297223306,20260401,USA,,160,16,-4.0,4.54002389486261,https://www.aol.com/lifestyle/prince-charles-asked-friend-heartbreaking-133532618.html,2026-04-01,regular,
1297187415,20260401,GBR,PSE,173,17,-5.0,-2.50965250965251,https://www.thenational.scot/news/25987668.reform-refuses-rule-racist-anas-sarwar-advert/,2026-04-01,regular,
1297488338,20260403,USA,,102,10,-5.0,-2.30642504118616,https://www.marketscreener.com/news/north-american-farmers-pinch-pennies-on-farm-machinery-as-profitless-growing-season-approaches-ce7e51ddd18cf422,2026-04-03,regular,
1297358664,20260402,GBR,,153,15,-7.2,-6.82926829268293,https://www.inverness-courier.co.uk/news/update-air-ambulances-and-critical-care-team-deployed-to-s-431537/,2026-04-02,regular,
1297406766,20260402,USA,,173,17,-5.0,-4.57796852646638,https://www.wzzm13.com/article/news/local/kent-co-prosecutor-to-hold-press-conference-on-shooting-death-daquain-johnson-grpd/69-5cdc1c40-2d4a-4622-bc0e-ff42e9961be8,2026-04-02,regular,
1296897439,20260331,,USA,130,13,-4.4,-0.66730219256435,https://www.ideastream.org/government-politics/2026-03-30/akrons-785m-operating-budget-approved-despite-concerns-over-police-oversight-board-funding,2026-03-31,regular,
1297180225,20260401,,USA,173,17,-5.0,-8.83233532934134,https://www.aol.co.uk/articles/disney-world-guest-accuses-staff-142620320.html,2026-04-01,regular,
1296846039,20260330,USA,,173,17,-5.0,10.0719424460432,https://www.weau.com/2026/03/30/dnr-seeking-safety-education-instructors/,2026-03-30,regular,
1301748751,20260430,IRN,GBR,173,17,-5.0,-3.68932038834951,https://www.zawya.com/en/special-coverage/corporate-earnings/stancharts-first-quarter-profit-jumps-17-beats-estimates-cszg1h5k,2026-04-30,regular+targeted,Fed Chair Powell's term transition
1302243670,20260503,,USA,130,13,-4.4,-6.89655172413793,https://www.frontpagemag.com/we-cant-say-we-didnt-know/,2026-05-03,regular+targeted,Fed Chair Powell's term transition
1301274809,20260427,GBR,ISR,1712,17,-9.2,-8.72641509433962,https://morningstaronline.co.uk/article/trial-against-five-pro-palestinian-activists-germany-latest-crackdown-those-who-refuse-be,2026-04-27,regular+targeted,Fed Chair Powell's term transition
1301488823,20260428,,USA,173,17,-5.0,-9.6875,https://www.nhregister.com/news/article/farmington-jordan-cruz-arrest-child-shooting-22230709.php,2026-04-28,regular+targeted,Fed Chair Powell's term transition
1301320282,20260428,,USA,1821,18,-9.0,-10.8974358974359,https://www.boston.com/news/crime/2026/04/27/suffolk-county-corrections-officer-arraigned-on-child-rape-human-trafficking-charges/,2026-04-28,regular+targeted,Fed Chair Powell's term transition
1301497385,20260428,,FRA,180,18,-9.0,11.038961038961,https://elheraldodesaltillo.mx/2026/04/28/rescata-proteccion-civil-a-burrito-en-ejido-de-saltillo/,2026-04-28,regular+targeted,Fed Chair Powell's term transition
1301466543,20260428,RUS,,173,17,-5.0,-8.66141732283465,https://www.dw.com/en/ex-fbi-director-james-comey-indicted-again-reports/a-76973087,2026-04-28,regular+targeted,Fed Chair Powell's term transition
1301767703,20260430,ESP,GBR,130,13,-4.4,-6.92883895131086,https://www.mirror.co.uk/news/uk-news/apocolyptic-scenario-uks-power-went-37091686,2026-04-30,regular+targeted,Fed Chair Powell's term transition
1302068369,20260502,,USA,173,17,-5.0,-3.7037037037037,https://www.vindy.com/life/lifestyles/2026/05/mississippi-synagogue-finds-triumph-after-arson/,2026-05-02,regular+targeted,Fed Chair Powell's term transition
1302133946,20260502,RUS,,180,18,-9.0,-2.94117647058823,https://wiadomosci.onet.pl/swiat/tak-rosja-werbuje-na-wojne-w-ukrainie-peru-wszczelo-dochodzenie/xs1sccr,2026-05-02,regular+targeted,Fed Chair Powell's term transition
1302013300,20260501,USA,,172,17,-5.0,-15.2777777777778,https://fox56.com/news/local/hazleton-man-sentenced-to-decades-in-prison-for-shooting-girlfriend,2026-05-01,regular+targeted,Fed Chair Powell's term transition
1302059395,20260502,GBR,,172,17,-5.0,-1.74757281553398,https://www.inverness-courier.co.uk/news/inverness-and-nairn-candidates-speak-out-national-ban-mobil-433763/,2026-05-02,regular+targeted,Fed Chair Powell's term transition
1301815404,20260430,,GBR,100,10,-5.0,-5.76184379001281,https://www.aol.co.uk/articles/starmer-calls-public-open-eyes-160501970.html,2026-04-30,regular+targeted,Fed Chair Powell's term transition
1302054679,20260502,USA,,1721,17,-5.0,-2.32959447799828,https://www.phillytrib.com/news/local_news/unanswered-questions-protests-shadow-philadelphia-school-boards-approval-to-close-17-schools/article_76378d17-ed97-4d8d-956d-2a1ab591b0ec.html,2026-05-02,regular+targeted,Fed Chair Powell's term transition
1301483232,20260428,USA,,130,13,-4.4,-3.23101777059774,https://www.mediamatters.org/abc/reported-fcc-retaliation-against-abc-opens-new-front-trumps-assault-free-speech,2026-04-28,regular+targeted,Fed Chair Powell's term transition
1301979362,20260501,USA,,172,17,-5.0,-1.0752688172043,https://vnews.com/2026/05/01/judge-denies-contempt-motion/,2026-05-01,regular+targeted,Fed Chair Powell's term transition
1301741733,20260430,USA,,1056,10,-5.0,-8.51851851851852,https://www.magnoliareporter.com/news_and_business/regional_news/article_7dbcbe41-5ca7-4b2a-950e-7f1dd85ebfce.html,2026-04-30,regular+targeted,Fed Chair Powell's term transition
1301556821,20260429,PAK,USA,160,16,-4.0,-1.31640808650681,https://www.dw.com/es/jap%C3%B3n-califica-de-%C3%A9xito-el-paso-de-un-petrolero-nip%C3%B3n-por-ormuz/live-76959623,2026-04-29,regular+targeted,Fed Chair Powell's term transition
1301322066,20260428,,USA,130,13,-4.4,-0.96774193548387,https://www.wlrn.org/government-politics/2026-04-27/desantis-fair-districts-amendment-unconstitutional-gerrymander,2026-04-28,regular+targeted,Fed Chair Powell's term transition
1302129635,20260502,USA,,141,14,-6.5,-7.71513353115727,https://www.cubaheadlines.com/articles/327845,2026-05-02,regular+targeted,Fed Chair Powell's term transition
1302114213,20260502,,USA,186,18,-10.0,-4.80132450331126,https://pjmedia.com/matt-margolis/2026/05/02/leftists-launch-pressure-campaign-to-get-scott-jennings-booted-from-cnn-n4952422,2026-05-02,regular+targeted,Fed Chair Powell's term transition
1301479378,20260428,USA,CUB,173,17,-5.0,-1.41987829614604,https://www.blackenterprise.com/trump-endorses-ice-name-change-to-nice/,2026-04-28,regular+targeted,Fed Chair Powell's term transition
1301440990,20260428,USA,,1384,13,-7.0,-5.54838709677419,https://timesofindia.indiatimes.com/world/middle-east/us-vs-iran-nuclear-standoff-enters-cold-war-phase-is-a-bigger-war-coming/articleshow/130583316.cms,2026-04-28,regular+targeted,Fed Chair Powell's term transition
1301635969,20260429,,USA,134,13,-5.8,-6.94444444444444,https://www.daytondailynews.com/local/court-docs-18-year-old-threatened-to-kill-principal-drive-car-into-lakota-west-high/article_a0445f17-04d3-56b4-8608-5fae7d9f5c28.html,2026-04-29,regular+targeted,Fed Chair Powell's term transition
1301869357,20260430,SAU,USA,173,17,-5.0,-7.03336339044184,https://mynewsla.com/crime/2026/04/30/man-tells-judge-he-wants-to-plead-guilty-in-killings-of-officer-second-man-2/,2026-04-30,regular+targeted,Fed Chair Powell's term transition
1301714348,20260430,RUS,,180,18,-9.0,-5.37848605577689,https://news.obozrevatel.com/ukr/show/people/taemnitsya-cherepa-gitlera-yakij-znajshli-v-bunkeri-ta-zberigayut-v-moskvi-komu-vin-naspravdi-nalezhit.htm,2026-04-30,regular+targeted,Fed Chair Powell's term transition
1302222923,20260503,USA,,173,17,-5.0,-9.0909090909091,https://www.wbir.com/article/news/kentucky/mccreary-county-inmate-convicted-attempted-murder-attack-on-cellmate/51-09858035-d857-4092-a344-10e78a2f08f1,2026-05-03,regular+targeted,Fed Chair Powell's term transition
1301146702,20260427,ITA,CHN,174,17,-5.0,-9.2436974789916,https://www.chinatechnews.com/2026/04/27/120579-italy-to-extradite-suspected-chinese-hacker-wanted-by-us-authorities-reports,2026-04-27,regular+targeted,Fed Chair Powell's term transition
1302155567,20260503,USA,USA,173,17,-5.0,-8.7719298245614,https://wsbt.com/news/nation-world/going-to-kill-them-all-mother-arrested-for-setting-fire-with-kids-inside-crime-blaze-response-kids-children-help,2026-05-03,regular+targeted,Fed Chair Powell's term transition
1302144676,20260503,DEU,,172,17,-5.0,-3.11041990668741,https://www.sott.net/article/506069-Germanys-AfD-vows-to-drain-NGO-swamp-after-Berlin-cafe-that-bans-White-people-received-taxpayer-cash,2026-05-03,regular+targeted,Fed Chair Powell's term transition
1301524129,20260429,,GBR,173,17,-5.0,-3.40616966580977,https://torontosun.com/news/local-news/how-london-police-arrested-man-wanted-in-fatal-college-shooting/wcm/2cada214-a6be-4373-a61e-9b76a6627db4,2026-04-29,regular+targeted,Fed Chair Powell's term transition
1301884405,20260501,USA,,180,18,-9.0,-3.33006856023507,https://www.watoday.com.au/world/north-america/epstein-s-possible-suicide-note-hidden-from-public-view-20260501-p5zss8.html,2026-05-01,regular+targeted,Fed Chair Powell's term transition
1301295966,20260427,,USA,186,18,-10.0,-1.13895216400911,https://www.presstv.ir/Detail/2026/04/27/767654/Embodiment-of-wisdom-IRGC-pays-tribute-to-Larijani-on-40th-day-since-martyrdom,2026-04-27,regular+targeted,Fed Chair Powell's term transition
1301194552,20260427,KGZ,RUS,172,17,-5.0,-8.82352941176471,https://vesti.uz/kirgizskomu-zhurnalistu-zapretili-vezd-v-rossiju-navsegda/,2026-04-27,regular+targeted,Fed Chair Powell's term transition
1301618337,20260429,GBR,,173,17,-5.0,-12.2222222222222,https://www.ross-shirejournal.co.uk/news/depraved-rapist-s-reign-of-terror-took-in-dingwall-433667/,2026-04-29,regular+targeted,Fed Chair Powell's term transition
1301336229,20260428,BEL,RUS,160,16,-4.0,-4.22764227642277,https://www.emaratalyoum.com/politics/news/2026-04-28-1.2040281,2026-04-28,regular+targeted,Fed Chair Powell's term transition
1301788107,20260430,RUS,UKR,1712,17,-9.2,-3.125,https://www.globalsecurity.org/wmd/library/news/ukraine/2026/04/ukraine-260429-sputnik03.htm,2026-04-30,regular+targeted,Fed Chair Powell's term transition
1302167784,20260503,RUS,,172,17,-5.0,-4.1002277904328,https://i38.ru:443/baykal-obichnie/v-chasti-irkutska-i-na-neskolkich-zalivach-baykala-zapretili-ribalku,2026-05-03,regular+targeted,Fed Chair Powell's term transition
1302185428,20260503,,DEU,173,17,-5.0,-1.5850144092219,https://www.nordbayern.de/service/urlaub/auswaertige-amt-warnt-vor-reisen-in-beliebtes-urlaubsland-urs-rep-10-1.14978705,2026-05-03,regular+targeted,Fed Chair Powell's term transition
1301995985,20260501,,USA,130,13,-4.4,0.0906618313690002,https://nypost.com/2026/05/01/media/liberals-outraged-as-trumps-speech-praises-usas-anglo-saxon-heritage-during-king-charles-visit/,2026-05-01,regular+targeted,Fed Chair Powell's term transition
1301214042,20260427,USA,,133,13,-5.8,-2.79465370595383,https://www.thetimes.com/us/news-today/article/king-charles-us-visit-jeffrey-epstein-victims-hgl9xm2qd,2026-04-27,regular+targeted,Fed Chair Powell's term transition
1301690027,20260430,,GBR,173,17,-5.0,-5.5,https://athens-times.com/london-iran-linked-group-claims-knife-attack-on-jewish-men/,2026-04-30,regular+targeted,Fed Chair Powell's term transition
1301288668,20260427,DEU,,138,13,-7.0,-9.9514563106796,https://oilprice.com/Latest-Energy-News/World-News/Germany-Signals-Major-Allied-Rupture-Over-US-Iran-War.html,2026-04-27,regular+targeted,Fed Chair Powell's term transition
1302020220,20260501,USA,,141,14,-6.5,-1.5017667844523,https://www.ems1.com/ems-products/personal-protective-equipment-ppe/one-wipe-fast-answers-simplifying-fentanyl-detection-in-the-field,2026-05-01,regular+targeted,Fed Chair Powell's term transition
1301945499,20260501,GBR,,143,14,-6.5,0.64935064935065,https://www.telerama.fr/arts-expositions/banksy-devoile-une-nouvelle-statue-en-plein-londres-7030870.php,2026-05-01,regular+targeted,Fed Chair Powell's term transition
1301701187,20260430,RUS,GBR,100,10,-5.0,-0.64935064935065,https://www.focus-news.net/novini/mejdunarodni/Velikobritaniya-sformira-mnogonacionalni-morski-sili-zaradi-zaplahite-ot-Rusiya-2958961,2026-04-30,regular+targeted,Fed Chair Powell's term transition
1301897070,20260501,USA,,172,17,-5.0,-6.640625,https://www.jdsupra.com/legalnews/time-bar-on-vicarious-liability-claim-5571217/,2026-05-01,regular+targeted,Fed Chair Powell's term transition
1301408856,20260428,,RUS,173,17,-5.0,-8.88157894736843,https://tsn.ua/ukrayina/rosiyski-ahenty-planuvaly-vbyvstvo-heroia-ukrayiny-sbu-zirvala-zmovu-3071372.html,2026-04-28,regular+targeted,Fed Chair Powell's term transition
1301975841,20260501,,FRA,145,14,-7.5,-6.67172100075815,https://www.dailymail.com/news/article-15782429/Labour-day-violence-erupts-Europe-riot-police-clash-protesters-France-Italy-Spain-Turkey.html,2026-05-01,regular+targeted,Fed Chair Powell's term transition
1302225298,20260503,USA,,145,14,-7.5,-10.4417670682731,https://www.thesouthafrican.com/news/coca-cola-truck-looted-on-van-reenens-pass-watch/,2026-05-03,regular+targeted,Fed Chair Powell's term transition
1301197319,20260427,ISR,USA,164,16,-7.0,-6.35538261997406,https://eturbonews.com/israeli-piracy-high-seas-sparks-crisis/,2026-04-27,regular+targeted,Fed Chair Powell's term transition
1301653369,20260429,USA,,173,17,-5.0,1.21621621621622,https://www.cubaheadlines.com/articles/327591,2026-04-29,regular+targeted,Fed Chair Powell's term transition
1301376370,20260428,,EUR,100,10,-5.0,-0.327868852459019,https://1190talkradio.iheart.com/content/2026-04-24-thanks-for-nothing-europe-wants-to-secure-the-strait-after-the-war/,2026-04-28,regular+targeted,Fed Chair Powell's term transition
1301477408,20260428,WST,DEU,150,15,-7.2,-2.42914979757085,https://www.15min.lt/naujiena/aktualu/pasaulis/politico-5-priezastys-kodel-nato-dar-nepasirengusi-karui-su-rusija-57-2672126,2026-04-28,regular+targeted,Fed Chair Powell's term transition
1301589041,20260429,FRA,GBR,1823,18,-10.0,-5.75757575757576,https://www.mirror.co.uk/news/world-news/british-woman-murdered-france-blood-37085870,2026-04-29,regular+targeted,Fed Chair Powell's term transition
1301351228,20260428,USA,USA,185,18,-8.0,-1.41685309470545,https://www.nbcdfw.com/news/politics/president-trump/congressional-republicans-split-taxpayer-funds-trump-ballroom/4016523/,2026-04-28,regular+targeted,Fed Chair Powell's term transition
1301870958,20260430,USA,,141,14,-6.5,-1.50862068965518,https://www.wmnf.org/without-shade-without-rest-is-screened-in-tampa/,2026-04-30,regular+targeted,Fed Chair Powell's term transition
1301168936,20260427,,CHN,130,13,-4.4,-3.1578947368421,https://www.933thedrive.com/2026/04/26/chinas-industrial-profit-growth-quickens-even-as-iran-war-heightens-risks/,2026-04-27,regular+targeted,Fed Chair Powell's term transition
1302010833,20260501,,USA,130,13,-4.4,-3.5306334371755,https://thedailyrecord.com/2026/05/01/how-maryland-campuses-handle-ai-misconduct-cases/,2026-05-01,regular+targeted,Fed Chair Powell's term transition
1302024059,20260501,USA,,180,18,-9.0,-11.4837398373984,https://www.pottsmerc.com/2026/05/01/pottstown-man-gets-prison-for-sex-assault-of-woman-during-domestic-dispute/,2026-05-01,regular+targeted,Fed Chair Powell's term transition
1301686154,20260429,USA,,172,17,-5.0,-1.66320166320166,https://nypost.com/2026/04/29/business/meta-shares-slide-as-tech-giant-hikes-ai-spending-forecast-warns-of-youth-social-media-backlash/,2026-04-29,regular+targeted,Fed Chair Powell's term transition
1302170965,20260503,RUS,,173,17,-5.0,-11.1940298507463,http://trud-ost.ru/?p=969452,2026-05-03,regular+targeted,Fed Chair Powell's term transition
1302145789,20260503,USA,CUB,180,18,-9.0,-5.07042253521127,https://ria.ru/20260503/kuba-2090239623.html,2026-05-03,regular+targeted,Fed Chair Powell's term transition
1301832559,20260430,,USA,139,13,-7.0,-1.63447251114413,https://www.pressdemocrat.com/2026/04/30/santa-rosa-sylvan-learning-franchise-bankruptcy/,2026-04-30,regular+targeted,Fed Chair Powell's term transition
1301320710,20260428,,USA,173,17,-5.0,-1.59651669085631,https://www.chicagotribune.com/2026/04/27/mayor-brandon-johnson-chicago-inspector-general/,2026-04-28,regular+targeted,Fed Chair Powell's term transition
1301546192,20260429,GBR,,182,18,-9.5,-1.11111111111111,https://www.marketscreener.com/news/spain-s-aena-posts-9-quarterly-profit-rise-on-higher-airport-traffic-ce7f59d3dd81f221,2026-04-29,regular+targeted,Fed Chair Powell's term transition
1301630940,20260429,USA,,172,17,-5.0,-6.09318996415771,https://www.yahoo.com/news/articles/dna-cracks-35-cold-case-130048418.html,2026-04-29,regular+targeted,Fed Chair Powell's term transition
1302021548,20260501,USA,,172,17,-5.0,2.25375626043406,https://www.pressdemocrat.com/2026/05/01/hank-lacabanne-longtime-santa-rosa-nightclub-owner-dies-at-101/,2026-05-01,regular+targeted,Fed Chair Powell's term transition
1301668894,20260429,MLI,RUS,160,16,-4.0,-7.40740740740741,https://news.liga.net/world/news/v-mali-rossiiskih-naemnikov-obvinyayut-v-predatelstve-posle-sdachi-klyuchevogo-goroda,2026-04-29,regular+targeted,Fed Chair Powell's term transition
1301619121,20260429,ZAF,EUR,138,13,-7.0,-8.07692307692308,https://www.modernghana.com/news/1489538/anti-western-activist-kemi-seba-to-remain-in-deten.html,2026-04-29,regular+targeted,Fed Chair Powell's term transition
1301840790,20260430,RUS,,173,17,-5.0,-6.21761658031088,https://vz.ru/news/2026/4/30/1415179.html,2026-04-30,regular+targeted,Fed Chair Powell's term transition
1301214469,20260427,EUR,RUS,180,18,-9.0,-6.9848661233993,https://www.bankingnews.gr/diethni/articles/871230/tromokratei-dixos-oikto-o-tusk-vlepei-eisvoli-tis-rosias-stin-evropi-kai-pyriniki-klimakosi%20title=,2026-04-27,regular+targeted,Fed Chair Powell's term transition
1302061213,20260502,USA,IRN,173,17,-5.0,-7.30769230769231,https://www.actualno.com/america/kato-pirati-sme-no-ne-si-igraem-trymp-s-priznanie-za-konfiskuvanija-iranski-petrol-news_2589034.html,2026-05-02,regular+targeted,Fed Chair Powell's term transition
1302212254,20260503,,USA,174,17,-5.0,3.30578512396694,https://www.eenadu.net/telugu-news/world/israel-approves-purchase-of-2-squadrons-of-f35i-and-f15ia-fighter-jets-from-us/0801/126077558,2026-05-03,regular+targeted,Fed Chair Powell's term transition
1302015653,20260501,GBR,,172,17,-5.0,2.02429149797571,https://www.winnipegfreepress.com/arts-and-life/life/greenpage/2026/05/01/owner-of-gary-the-african-serval-says-animal-will-suffer-under-b-c-exotic-cat-ban,2026-05-01,regular+targeted,Fed Chair Powell's term transition
1301514707,20260429,USA,,130,13,-4.4,-3.02816901408451,https://www.pilotonline.com/2026/04/28/virginia-supreme-court-reinstates-hampton-murder-conviction-after-court-of-appeals-reversal/,2026-04-29,regular+targeted,Fed Chair Powell's term transition
1301818655,20260430,,GBR,173,17,-5.0,-4.76190476190476,https://www.brixtonbuzz.com/2026/04/breaking-news-two-lambeth-green-party-candidates-arrested-over-alleged-anti-semitic-posts/,2026-04-30,regular+targeted,Fed Chair Powell's term transition
1301919702,20260501,,USA,100,10,-5.0,0.0,https://www.thefamuanonline.com/2026/04/30/breeze-airways-to-launch-tallahassee-flights-offering-relief-for-students-facing-limited-travel-options/,2026-05-01,regular+targeted,Fed Chair Powell's term transition
1301191982,20260427,USA,,170,17,-7.0,-3.64934549781833,https://www.streetroots.org/news-stories/2025/10/29/armed-troops-against-unarmed-protesters-these-soldiers-say-they-didn-t-sign/,2026-04-27,regular+targeted,Fed Chair Powell's term transition
1301712788,20260430,USA,,173,17,-5.0,-7.32758620689656,https://www.columbian.com/news/2026/apr/29/judge-sentences-vancouver-man-to-13-months-for-drunken-driving-crash-that-severely-injured-pedestrian/,2026-04-30,regular+targeted,Fed Chair Powell's term transition
1301836623,20260430,,USA,130,13,-4.4,-1.94357366771159,https://www.inquirer.com/opinion/supreme-court-voting-rights-act-20260430.html,2026-04-30,regular+targeted,Fed Chair Powell's term transition
1301174167,20260427,,GBR,130,13,-4.4,-6.4128256513026,https://www.oxfordmail.co.uk/news/26052086.housing-company-warning-death-oxfordshire-pensioner/,2026-04-27,regular+targeted,Fed Chair Powell's term transition
1301287770,20260427,USA,USA,1712,17,-9.2,-8.65921787709497,https://thefrontierpost.com/us-press-gala-shooting-suspect-charged-with-attempting-to-kill-trump/,2026-04-27,regular+targeted,Fed Chair Powell's term transition
1302028903,20260502,FRA,,141,14,-6.5,-2.7027027027027,http://www.parisguardian.com/news/279024605/france-lille-international-workers-day-walk,2026-05-02,regular+targeted,Fed Chair Powell's term transition
1301300688,20260427,ITA,CHN,173,17,-5.0,-6.66666666666667,https://redstate.com/bobhoge/2026/04/27/arrivederci-european-ally-extradites-ccp-controlled-super-hacker-to-us-to-face-the-long-arm-of-the-law-n2201754,2026-04-27,regular+targeted,Fed Chair Powell's term transition
1301495116,20260428,,USA,173,17,-5.0,2.06896551724138,https://www.polkio.com/obituaries/darlene-fitzgerald/article_42d3d167-dde1-4707-b16e-5ec09280881b.html,2026-04-28,regular+targeted,Fed Chair Powell's term transition
1301727003,20260430,USA,,180,18,-9.0,-6.99152542372881,https://twitchy.com/brettt/2026/04/29/two-people-federally-indicted-for-assault-on-tpusa-reporter-at-anti-ice-demonstration-n2427670,2026-04-30,regular+targeted,Fed Chair Powell's term transition
1301384758,20260428,,EUR,130,13,-4.4,-1.86480186480187,https://www.kathimerini.gr/economy/international/564197713/o-polemos-frenarei-ton-pagkosmio-toyrismo/,2026-04-28,regular+targeted,Fed Chair Powell's term transition
1302218018,20260503,,USA,100,10,-5.0,-3.20796460176991,https://us.cnn.com/2026/05/03/politics/mallory-mcmorrow-tweets-senate-democratic-michigan-primary,2026-05-03,regular+targeted,Fed Chair Powell's term transition
1302140883,20260502,USA,,172,17,-5.0,-0.49668874172185,https://timesofsandiego.com/politics/2026/05/02/agencies-cut-35b-deficit/,2026-05-02,regular+targeted,Fed Chair Powell's term transition
1301816952,20260430,IRL,GBR,154,15,-7.2,2.76497695852535,https://www.derrynow.com/news/business/2073543/derrys-gerard-carlin-named-new-translink-group-chief-executive.html,2026-04-30,regular+targeted,Fed Chair Powell's term transition
1301150880,20260427,GBR,NGA,182,18,-9.5,-3.4416826003824,https://punchng.com/another-uk-based-nigerian-found-dead-at-workplace/,2026-04-27,regular+targeted,Fed Chair Powell's term transition
1301928968,20260501,GBR,ISR,133,13,-5.8,-6.26151012891345,https://www.thenational.scot/news/26069466.met-police-review-pro-palestine-marches-amid-zack-polanski-clash/,2026-05-01,regular+targeted,Fed Chair Powell's term transition
1301504043,20260429,,USA,100,10,-5.0,0.57636887608069,https://wyofile.com/energy-industry-presses-wyoming-lawmakers-to-better-meet-trumps-energy-dominance-agenda/,2026-04-29,regular+targeted,Fed Chair Powell's term transition
1301516273,20260429,,USA,173,17,-5.0,-9.07172995780591,https://ianslive.in/comey-indicted-over-alleged-threat-to-trump--20260429041503,2026-04-29,regular+targeted,Fed Chair Powell's term transition
1301473948,20260428,,USA,173,17,-5.0,0.92879256965944,https://www.postandcourier.com/columbia/news/doug-polen-blythewood-sc-town-manager/article_900a28e8-31fe-4189-ab1e-62a1d478ee58.html,2026-04-28,regular+targeted,Fed Chair Powell's term transition
1301520363,20260429,USA,USA,173,17,-5.0,-0.99502487562189,https://screenrant.com/daredevil-born-again-season-2-episode-7-easter-eggs-and-references/,2026-04-29,regular+targeted,Fed Chair Powell's term transition
1301970794,20260501,PRK,RUS,154,15,-7.2,-7.77310924369748,https://www.foxnews.com/world/north-koreas-extreme-battlefield-doctrine-revealed-kim-jong-un-during-speech,2026-05-01,regular+targeted,Fed Chair Powell's term transition
1301582119,20260429,GBR,,172,17,-5.0,-9.18727915194346,https://www.dailyrecord.co.uk/news/scottish-news/brute-locked-up-cumbernauld-attack-37084622,2026-04-29,regular+targeted,Fed Chair Powell's term transition
1301751793,20260430,USA,IRN,130,13,-4.4,-3.42245989304813,https://www.agronews.gr/oikonomia-kai-politiki/228847/parateinei-to-nautiko-apokleismo-ton-iranikon-limanion-o-trab/,2026-04-30,regular+targeted,Fed Chair Powell's term transition
1308221131,20260602,USA,,140,14,-6.5,-6.04929051530993,https://grist.org/sponsored/the-quiet-push-to-shield-pesticide-makers-from-lawsuits/,2026-06-02,regular,
1307794785,20260606,USA,,180,18,-9.0,-8.01963993453351,https://eastoregonian.com/2026/06/05/izek-cleveland-pleads-guilty-in-2024-duii-crash-to-be-sentenced-june-22/,2026-06-06,regular,
1307924550,20260607,,USA,173,17,-5.0,-7.25490196078431,https://www.wpbf.com/article/florida-leonard-pick-pleads-not-guilty-federal-charges-hawaii/71515908,2026-06-07,regular,
1307470296,20260604,FRA,RUS,154,15,-7.2,-1.42857142857143,https://www.dnews.gr/eidhseis/kosmos/592218/gallika-maxitika-tou-nato-anaxaitisan-rosika-aeroskafi-11-fores-pano-apo-ti-valtiki,2026-06-04,regular,
1307613708,20260605,RUS,UKR,100,10,-5.0,2.51889168765743,https://www.moneycontrol.com/world/putin-says-russia-ready-for-ukraine-peace-deal-cites-trump-led-talks-in-anchorage-article-13942285.html,2026-06-05,regular,
1307637039,20260605,USA,UKR,138,13,-7.0,-5.18234165067179,https://www.almasryalyoum.com/news/details/4285839,2026-06-05,regular,
1307623414,20260605,RUS,,1712,17,-9.2,-5.49450549450549,https://aif.ru/society/okruzheny-golodayut-i-goryat-boeviki-pod-sumami-popali-v-adskiy-kotel,2026-06-05,regular,
1307873643,20260607,,RUS,130,13,-4.4,-5.93607305936073,https://www.dw.com/sw/starmer-akutana-na-zelenskiy-macron-na-merz-kuhusu-ukraine/a-77449414,2026-06-07,regular,
1307528024,20260604,RUS,,1384,13,-7.0,1.61943319838057,https://gazeta.kg/exclusive/199842-deputat-prosit-reshit-zemelnye-problemy-prigranichnyh-sel-lejlekskogo-rajona.html,2026-06-04,regular,
1307359342,20260604,USA,,180,18,-9.0,-7.45542949756888,https://www.dailymail.com/news/article-15871723/georgia-teacher-roswell-high-school-amanda-katz-arrested-sexual-assault.html,2026-06-04,regular,
1307738584,20260606,USA,,100,10,-5.0,-1.34228187919463,https://indianexpress.com/article/cities/delhi/cjp-protest-cockroach-janta-party-delhi-police-parliament-street-neet-dharmendra-pradhan-10726617/,2026-06-06,regular,
1306950118,20260601,USA,,1014,10,-5.0,-2.89219982471516,https://keyt.com/news/california/2026/06/01/democratic-senate-judiciary-committee-members-demand-immediate-investigation-into-1-8-billion-trump-administration-settlement-fund/,2026-06-01,regular,
1307842363,20260607,EUR,,180,18,-9.0,-5.61330561330561,https://www.stiripesurse.ro/seful-pentagonului-critica-dur-europa-chiar-la-comemorarea-a-82-de-ani-de-la-debarcarea-in-normandia_3892731,2026-06-07,regular,
1307679652,20260605,MLI,FRA,173,17,-5.0,-5.7915057915058,https://www.straitstimes.com/world/europe/french-national-gets-20-years-in-mali-over-alleged-destabilisation-plot,2026-06-05,regular,
1307739175,20260606,,USA,173,17,-5.0,-17.2222222222222,https://www.kentuckynewera.com/news/local/article_16230d7c-0ab7-5b81-846a-9d29a5e3261a.html,2026-06-06,regular,
1306918203,20260601,USA,,1721,17,-5.0,-0.41899441340782,https://www.denverpost.com/2026/06/01/colorado-school-superintendent-travel/,2026-06-01,regular,
1306901444,20260601,CHN,,1822,18,-9.0,-0.79051383399209,https://www.technologyreview.com/2026/06/01/1138133/china-world-first-brain-chip/,2026-06-01,regular,
1307796136,20260606,NGA,JPN,173,17,-5.0,-9.80392156862741,https://dailypost.ng/2026/06/06/police-arrest-five-suspects-over-railway-infrastructure-vandalisation-in-yobe/,2026-06-06,regular,
1307161200,20260603,,USA,141,14,-6.5,-4.88145048814505,https://foxwilmington.com/inspection-of-delaney-hall-ice-facility-contradicts-claims-in-new-jersey-attorney-generals-lawsuit/,2026-06-03,regular,
1307832575,20260607,RUS,WST,138,13,-7.0,-8.06451612903225,https://www.derwesten.de/politik/putin-raketen-angriff-drohung-ukraine-nato-regime-id302071668.html,2026-06-07,regular,
1307509395,20260604,USA,GHA,173,17,-5.0,-5.81534772182254,https://highlandcountypress.com/news/doj-fraud-division-announces-federal-state-partnership-ohio-prosecute-fraud,2026-06-04,regular,
1307312351,20260603,EUR,,130,13,-4.4,2.30496453900709,https://www.chronicle.lu/category/luxembourg/61565-grand-duke-guillaume-visits-kalborn-mill-pearl-mussel-breeding-station-in-our-valley,2026-06-03,regular,
1306963851,20260601,CHN,CAN,100,10,-5.0,0.0,https://www.cbc.ca/news/politics/chinese-made-evs-arrive-canada-9.7219356,2026-06-01,regular,
1307752968,20260606,GBR,,180,18,-9.0,-5.99520383693046,https://www.dailystar.co.uk/news/latest-news/brit-spiked-robbed-1800-woman-37256886,2026-06-06,regular,
1307707884,20260605,ISR,USA,173,17,-5.0,-8.03571428571424,https://www.chicagotribune.com/2026/06/05/hebron-police-arrest-illinois-after-previous-arrest/,2026-06-05,regular,
1307399997,20260604,GBR,,144,14,-7.5,-6.50406504065041,https://www.glasgowtimes.co.uk/news/scottish-news/26164677.clydeside-expressway-crash-causes-lane-closure-near-kingston-bridge/,2026-06-04,regular,
1307906705,20260607,USA,USA,186,18,-10.0,-3.42465753424657,https://www.nbcnews.com/news/us-news/scott-pelley-cbs-new-york-times-interview-rcna348850,2026-06-07,regular,
1307148931,20260602,USA,,173,17,-5.0,-8.8952654232425,https://www.kcentv.com/article/news/local/anthony-odiong-sentenced-life-prison-sexual-assault/500-b4d7fb1c-3e17-4105-8b83-30c873037a38,2026-06-02,regular,
1307761520,20260606,USA,,130,13,-4.4,1.07719928186714,https://www.dailypolitical.com/2026/06/06/idt-q3-earnings-call-highlights.html,2026-06-06,regular,
1306842965,20260601,,GBR,172,17,-5.0,0.64935064935065,https://www.irishnews.com/entertainment/how-belfast-charitable-society-brought-piped-water-and-street-lighting-to-belfast-YM7JU36CUNBNDF2PEL2DPO7FOU/,2026-06-01,regular,
1307625616,20260605,RUS,RUS,130,13,-4.4,-6.30914826498423,https://hotnews.ro/explozie-in-portul-constanta-ambasada-rusa-intervine-si-numeste-ucraina-drept-responsabil-critici-si-pentru-autoritatile-romane-2265048,2026-06-05,regular,
1307367417,20260604,RUS,,138,13,-7.0,-1.38592750533049,https://www.bbc.com/russian/articles/cq8plgl7z4zo,2026-06-04,regular,
1307543244,20260605,,USA,180,18,-9.0,-5.82226762002043,https://dailycaller.com/2026/06/04/new-york-times-graham-platner-lyndsey-fifield-catch-and-kill-domestic-abuse/,2026-06-05,regular,
1307598994,20260605,USA,,1384,13,-7.0,-2.78004905968929,https://www.military.com/army-national-guard-sergeant-spends-over-3k-to-bring-back-deported-husband,2026-06-05,regular,
1307318870,20260603,EUR,,154,15,-7.2,4.76190476190476,https://finance.yahoo.com/sectors/technology/articles/stellantis-commits-over-1-billion-102305350.html,2026-06-03,regular,
1307663632,20260605,DEU,RUS,172,17,-5.0,-4.43482963764197,https://www.dw.com/ru/nuzno-li-rasskazyvat-o-prestupleniah-stalina-v-treptovparke-cto-dumaut-nemeckie-istoriki/a-77424906,2026-06-05,regular,
1307357012,20260604,USA,USA,173,17,-5.0,-1.5625,https://myb106.com/ixp/812/p/50-cent-response-diddy-sex-tape-daphne-joy/,2026-06-04,regular,
1306978333,20260602,USA,,173,17,-5.0,-11.0749185667752,https://krforadio.com/ixp/1172/p/minnesota-woman-sentenced-childs-death/,2026-06-02,regular,
1307227120,20260603,GBR,,145,14,-7.5,-6.65188470066519,https://www.thenational.scot/news/26161107.labour-msp-court-for-drink-driving-bail-child-sex-images/,2026-06-03,regular,
1307668814,20260605,,USA,180,18,-9.0,-11.9318181818182,https://92q.com/5905258/maryland-man-charged-assault-tsa-officers-bwi-airport/,2026-06-05,regular,
1307626691,20260605,,GBR,100,10,-5.0,-6.30081300813008,https://londonlovesbusiness.com/defence-chief-warns-uk-has-entered-its-most-dangerous-period-in-decades/,2026-06-05,regular,
1311679886,20260601,USA,,173,17,-5.0,-2.71844660194175,https://freebeacon.com/israel/i-am-honored-abdul-el-sayed-accepts-endorsement-from-arab-american-pac-led-by-hamas-cheerleader-whos-called-for-israeli-jews-to-be-sent-back-to-poland/,2026-06-01,regular,
1307573250,20260605,USA,USA,173,17,-5.0,-4.33070866141732,https://www.ksat.com/news/local/2026/06/05/family-of-stabbing-victim-creates-marcus-feeds-100-effort-to-honor-sons-memory/,2026-06-05,regular,
1306960579,20260601,USA,USA,173,17,-5.0,-8.26666666666667,https://www.fox19.com/2026/06/01/forest-park-father-who-blindly-shot-18-year-old-through-front-door-sentenced/,2026-06-01,regular,
1307839132,20260607,USA,,172,17,-5.0,-0.95890410958904,https://www.dailymail.com/news/article-15875143/trump-house-redistricting-supreme-court-alabama.html,2026-06-07,regular,
1307920722,20260607,DEU,,160,16,-4.0,-5.42824894348636,https://www.blic.rs/vesti/svet/drama-na-aerodromu-u-nemackoj-obustavljeni-letovi-evakuisan-kontrolni-toranj/jfgje7m,2026-06-07,regular,
1307096499,20260602,,RUS,173,17,-5.0,-7.80487804878049,https://www.eng.kavkaz-uzel.eu/articles/75794,2026-06-02,regular,
1307153377,20260602,USA,,173,17,-5.0,-2.10643015521064,https://www.vanguardia.com/mundo/2026/06/02/marco-rubio-califica-a-gustavo-petro-de-problematico-en-plenas-elecciones/,2026-06-02,regular,
1306869667,20260601,USA,ISR,180,18,-9.0,-4.71311475409836,https://www.bd-pratidin.com/international-news/2026/06/01/1257231,2026-06-01,regular,
1307831899,20260607,,USA,130,13,-4.4,-8.57843137254902,https://www.tribuneindia.com/news/world/us-iran-exchange-fire-in-latest-blow-to-ceasefire/,2026-06-07,regular,
1307809290,20260606,,GBR,173,17,-5.0,4.26356589147287,https://www.inverness-courier.co.uk/news/highland-pride-2026-in-pictures-436994/,2026-06-06,regular,
1307885582,20260607,USA,PSE,1053,10,-5.0,-6.66666666666666,http://www.thecollegefix.com/cu-boulder-pro-palestinian-group-defends-antisemitic-firebombing-demands-release-of-culprit/,2026-06-07,regular,
1306972940,20260601,USA,,173,17,-5.0,-4.59770114942529,https://www.citizensvoice.com/2026/06/01/upcoming-book-on-scher-dillon-murder-case-will-include-revelation-author-says/,2026-06-01,regular,
1307116880,20260602,USA,,180,18,-9.0,-11.6182572614108,https://midmichigannow.com/news/local/east-lansing-shooting-marcos-pizza-abbot-road-charges-attorney-general-crime-investigation-review-use-force-ingham-county-prosecutor-michigan,2026-06-02,regular,
1307134782,20260602,NPL,GBR,100,10,-5.0,-2.58373205741627,https://kathmandupost.com/national/2026/06/03/india-rejects-third-party-involvement-in-boundary-talks-with-nepal,2026-06-02,regular,
1306860411,20260601,,FRA,174,17,-5.0,-6.62460567823344,https://mondediplo.com/2026/06/03mali-algeria,2026-06-01,regular,
1306867301,20260601,RUS,,172,17,-5.0,-0.80482897384305,https://www.eastrussia.ru/news/nds-turizm-i-svyaz-novye-zakony-dlya-zhiteley-dfo-s-1-iyunya/,2026-06-01,regular,
1307901201,20260607,EUR,,154,15,-7.2,5.96330275229357,https://www.boerse-social.com/page/newsflow/21st_austria_weekly_-_novomatic_04062026,2026-06-07,regular,
1307486208,20260604,USA,,180,18,-9.0,-9.78260869565219,https://local12.com/news/nation-world/oklahoma-city-man-dies-after-shooting-during-property-dispute-justin-king-timothy-smith-charges-upgraded-homicide-investigation-sw-44th-street-may-2026-police-say,2026-06-04,regular,
1307823352,20260606,NLD,GBR,100,10,-5.0,1.80412371134021,https://thehardtackle.com/transfer-news/2026/06/07/tottenham-eyeing-cody-gakpo-transfer-in-e85-million-deal/,2026-06-06,regular,
1307816723,20260606,POL,EUR,203,20,-10.0,-1.89800742992232,http://www.europesun.com/news/279106343/zelensky-doesnt-deserve-eu-highest-award-meps,2026-06-06,regular,
1307662536,20260605,IRL,GBR,172,17,-5.0,3.53741496598639,https://www.cityam.com/inside-citys-latest-irish-pub-londons-poshest-guinness-served-here/,2026-06-05,regular,
1306978513,20260602,USA,USA,173,17,-5.0,-5.51378446115288,https://www.whmi.com/news/fox/alex-murdaugh-murder-saga-lands-right-back-started-next-lowcountry-courtroom-battle,2026-06-02,regular,
1307568728,20260605,USA,,130,13,-4.4,-7.39299610894941,https://siouxlandnews.com/news/nation-world/trump-urges-roy-moore-not-to-run-for-us-senate-in-alabama,2026-06-05,regular,
1307429254,20260604,USA,,143,14,-6.5,0.0,https://www.clickorlando.com/news/local/2026/06/04/couples-brevard-county-dream-home-sits-without-power-water-after-5-years/,2026-06-04,regular,
1306910650,20260601,GBR,,173,17,-5.0,-3.46820809248555,https://www.abc.net.au/news/2026-06-02/uk-releases-more-documents-on-peter-mandelson-appointment/106747780,2026-06-01,regular,
1307343190,20260603,USA,,130,13,-4.4,-0.361445783132529,https://www.slugmag.com/music/interviews/localized/localized-die-shiny/,2026-06-03,regular,
1307327961,20260603,DEU,ISR,172,17,-5.0,-3.3167495854063,http://www.jpost.com/diaspora/antisemitism/article-898295,2026-06-03,regular,
1307766485,20260606,RUS,EUR,138,13,-7.0,-5.15759312320917,https://actualidad.rt.com/actualidad/609366-kiev-pide-disculpas-pais-otan,2026-06-06,regular,
1307092724,20260602,,RUS,100,10,-5.0,-5.66371681415929,https://frognews.bg/novini/zashto-putin-eskalira-voinata-tochno-sega.html,2026-06-02,regular,
1306989561,20260602,CHN,FRA,100,10,-5.0,-6.93481276005548,https://peakoil.com/publicpolicy/french-navy-seizes-russia-linked-oil-tanker-in-atlantic,2026-06-02,regular,
1307098348,20260602,GBR,,130,13,-4.4,-1.59235668789809,https://www.express.co.uk/travel/articles/2212592/jet2-issues-urgent-flights-warning,2026-06-02,regular,
1307850305,20260607,GBR,GBR,172,17,-5.0,-3.88349514563106,https://www.westerntelegraph.co.uk/news/26172143.court-haverfordwest-milford-haven-pembroke-dock/,2026-06-07,regular,
1307120282,20260602,CAN,USA,100,10,-5.0,-3.06513409961685,https://medicinehatnews.com/news/national-news/2026/06/02/quebec-researchers-identify-mechanism-that-could-halt-the-progression-of-als/,2026-06-02,regular,
1307407875,20260604,USA,,173,17,-5.0,-4.96,https://www.dailystar.co.uk/news/weird-news/smiling-female-teacher-groomed-pupil-37245993,2026-06-04,regular,
1307062088,20260602,RUS,,130,13,-4.4,-7.9059829059829,https://www.eldiariodelapampa.com.ar/mundo/75037/rusia-lanzo-misiles-sobre-kiev--hay-al-menos-13-muertos-y-mas-de-100-heridos,2026-06-02,regular,
1307574402,20260605,USA,,173,17,-5.0,2.5,https://www.bendigoadvertiser.com.au/story/9286440/catherine-mcauley-college-bendigo-delivers-80s-rock-of-ages/,2026-06-05,regular,
1307509311,20260604,USA,,172,17,-5.0,-7.41279069767445,https://mynewsla.com/crime/2026/06/04/ca-supreme-court-wont-review-ruling-in-hate-crime-case/,2026-06-04,regular,
1308606596,20260604,,USA,130,13,-4.4,-2.3489932885906,https://sonomasun.com/2026/06/11/november-ballot-initiative-would-reduce-local-government-revenues-by-billions/,2026-06-04,regular,
1306873811,20260601,AFR,GBR,173,17,-5.0,-2.45022970903522,https://www.express.co.uk/news/politics/2211878/bombshell-update-uk-rwanda,2026-06-01,regular,
1307087112,20260602,USA,,180,18,-9.0,-7.87401574803149,https://www.floydct.com/news/ksp-prestonsburg-man-charged-in-stabbing/article_0ff655af-fa77-4198-9775-8b649131a0b3.html,2026-06-02,regular,
1307754520,20260606,USA,,172,17,-5.0,-7.07547169811321,https://www.yahoo.com/news/us/articles/woman-left-bar-man-kidnapped-080807507.html,2026-06-06,regular,
1307812177,20260606,USA,CAN,1823,18,-10.0,-7.41444866920152,https://www.lbc.co.uk/article/three-brits-canada-restaurant-owner-death-5HjdbDF_2/,2026-06-06,regular,
1307020069,20260602,USA,ISR,130,13,-4.4,-5.86011342155009,https://dialogos.com.cy/axios-epithesi-tramp-kata-netaniachoy-eisai-trelos-soy-sozo-to-tomari/,2026-06-02,regular,
1307365010,20260604,USA,,130,13,-4.4,-3.01369863013699,https://www.ksdk.com/article/news/local/wesley-bell-meets-with-maplewood-richmond-heights-janitor-facing-deportation/63-7e37c0d3-2ee1-4c32-b01b-4ccfb894c020,2026-06-04,regular,
1307328729,20260603,USA,,172,17,-5.0,0.86741016109045,https://redstate.com/wardclark/2026/06/03/unsung-heroes-of-the-revolution-ii-charles-carroll-n2202995,2026-06-03,regular,
1307680317,20260605,GBR,RUS,138,13,-7.0,-7.93650793650794,https://www.tagesspiegel.de/internationales/liveblog/russische-soldaten-verletzt-schwerer-zwischenfall-am-akw-saporischschja-4309180.html,2026-06-05,regular,
1307509310,20260604,USA,,172,17,-5.0,-7.41279069767445,https://mynewsla.com/crime/2026/06/04/ca-supreme-court-wont-review-ruling-in-hate-crime-case/,2026-06-04,regular,
1307084998,20260602,USA,,173,17,-5.0,-7.52032520325203,https://www.mainlinemedianews.com/2000/12/13/second-man-arrested-third-sought-in-sexual-assault/,2026-06-02,regular,
1307062061,20260602,RUS,,173,17,-5.0,-1.57958687727825,https://www.14ymedio.com/internacional/putin-juega-reves-geopolitico-armenia_1_1127293.html,2026-06-02,regular,
1307128285,20260602,USA,ISR,130,13,-4.4,-3.01810865191147,http://www.jpost.com/middle-east/article-898148,2026-06-02,regular,
1307341507,20260603,USA,,173,17,-5.0,-4.98220640569394,https://kfiam640.iheart.com/content/2026-06-03-companies-to-pay-4m-for-role-in-el-dorado-fire-caused-by-gender-reveal/,2026-06-03,regular,
1307816786,20260606,USA,MDV,160,16,-4.0,-5.39772727272728,https://www.yahoo.com/news/us/articles/overreaction-canada-bars-texas-livestock-204743572.html,2026-06-06,regular,
1307998432,20260601,USA,,173,17,-5.0,-6.2545720555962,https://www.mcall.com/2026/06/08/ice-detainee-who-spoke-out-about-conditions-in-moshannon-was-punished-transferred/,2026-06-01,regular,
1307119178,20260602,USA,USA,100,10,-5.0,-1.65198237885463,https://www.dailymail.com/news/article-15868241/Fury-Keir-Starmers-disgraced-former-spin-doctor-Lord-Doyle-spotted-Parliament-day-Mandelson-Files-publication.html,2026-06-02,regular,
1306997185,20260602,,USA,173,17,-5.0,-6.31341600901916,https://www.sandiegouniontribune.com/2026/06/01/county-health-official-charged-in-fatal-hit-and-run-cites-distress-over-mosque-killings/,2026-06-02,regular,
1307487216,20260604,,USA,130,13,-4.4,-8.23529411764706,https://www.newsghana.com.gh/ghanaian-american-jailed-17-years-in-us38-million-fraud/,2026-06-04,regular,
1307345589,20260603,CHN,NZL,172,17,-5.0,-2.2964509394572,https://www.rnz.co.nz/news/political/597212/intimidation-china-bans-four-nz-mps-after-taiwan-trip,2026-06-03,regular,
1307224275,20260603,ISR,USA,130,13,-4.4,-6.36678200692042,https://novamakedonija.com.mk/pecateno-izdanie/puknatini-vo-odnosite-megju-tramp-i-netanjahu/,2026-06-03,regular,
1307722283,20260606,UKR,RUS,141,14,-6.5,-5.87390492603762,https://www.eurasiareview.com/06062026-a-perfect-storm-russias-losses-in-ukraine-could-trigger-regime-change-analysis/,2026-06-06,regular,
1311330583,20260629,EUR,,163,16,-8.0,1.42857142857143,https://www.aurora-israel.co.il/en-bucarest-isaac-herzog-exige-el-fin-de-los-boicots-contra-israel-y-pide-apoyo-de-la-ue-para-el-pacto-con-el-libano/,2026-06-29,regular,
1311803305,20260702,USA,,130,13,-4.4,2.76381909547738,https://www.wpr.org/news/federal-financial-aid-career-training-wisconsin,2026-07-02,regular,
1311785194,20260702,FRA,FRA,160,16,-4.0,-7.5135553834237,https://www.forbes.com/sites/maryroeloffs/2026/07/02/hantavirus-cruise-ship-outbreak-officially-over-after-13-infected-3-dead/,2026-07-02,regular,
1311585109,20260701,USA,VNM,173,17,-5.0,-2.47908273938643,https://www.minnpost.com/metro/2026/07/south-st-paul-family-deportation-zong-linda-yang-hmong-laos-minnesota-sahan-journal/,2026-07-01,regular,
1312143586,20260705,USA,,173,17,-5.0,-1.36986301369863,https://anbaaonline.com/news/334015,2026-07-05,regular,
1311473720,20260630,BLR,EUR,138,13,-7.0,-1.45228215767635,https://24tv.ua/ru/lukashenko-otpravilsja-v-kitaj-kakova-cel-ego-vizita-o-chem-govorili_n3097421,2026-06-30,regular,
1312031731,20260704,DEU,,141,14,-6.5,0.39860488290981,https://www.news.de/politik/859715628/anti-afd-demos-gegen-rechtsextremismus-heute-samstag-4-juli-2026-demonstrationen-erfurt-muenchen-oldenburg-luetjenburg-hungen-husum/1/,2026-07-04,regular,
1311457670,20260630,,USA,180,18,-9.0,-9.93788819875776,https://www.bangordailynews.com/2026/06/30/central-maine/central-maine-police-courts/rumford-maine-virgin-street-stabbing-clarixsa-velez/,2026-06-30,regular,
1311407978,20260630,DEU,ESP,173,17,-5.0,-4.58015267175572,https://whbl.com/2026/06/30/manhunt-launched-after-monaco-blast-that-media-say-targeted-ukrainian-born-oligarch/,2026-06-30,regular,
1311199786,20260629,USA,IRN,160,16,-4.0,-1.29310344827586,https://www.indiatvnews.com/news/world/us-iran-agree-to-halt-strikes-hold-talks-this-week-in-doha-to-solve-strait-of-hormuz-dispute-report-latest-updates-2026-06-29-1046459,2026-06-29,regular,
1312200074,20260705,UKR,RUS,173,17,-5.0,-5.82822085889571,https://www.azernews.az/region/260673.html,2026-07-05,regular,
1311846228,20260702,USA,,173,17,-5.0,-3.62047440699126,https://www.nbcsandiego.com/news/national-international/hamden-ohio-squalor-children/4044278/,2026-07-02,regular,
1311717302,20260702,DEU,RWA,173,17,-5.0,-13.6054421768708,https://allafrica.com/stories/202607020101.html,2026-07-02,regular,
1311956953,20260703,FRA,,100,10,-5.0,-1.36518771331058,https://www.lifo.gr/now/entertainment/o-kamy-i-kasares-kai-o-erotas-prin-ginei-minyma-sto-kinito,2026-07-03,regular,
1311505540,20260630,,EUR,100,10,-5.0,-1.07758620689655,https://www.eubusiness.com/environment/weakening-eu-carbon-removal-targets-could-breach-international-law/,2026-06-30,regular,
1311824988,20260702,USA,,160,16,-4.0,-7.54716981132075,https://www.ktre.com/2026/07/02/water-boil-notice-rescinded-cushing-residents/,2026-07-02,regular,
1311379136,20260630,RUS,,160,16,-4.0,-0.8130081300813,https://news.mail.ru/politics/71456278/,2026-06-30,regular,
1312066804,20260704,USA,,1712,17,-9.2,2.68817204301076,https://www.foxnews.com/politics/burgum-says-trumps-washington-makeover-proof-america-rejecting-decline-by-choice,2026-07-04,regular,
1311945626,20260703,RUS,,172,17,-5.0,-5.55555555555556,https://www.12onyourside.com/2026/07/03/fireworks-rules-vary-across-localities-central-virginia/,2026-07-03,regular,
1311516367,20260701,USA,,100,10,-5.0,-5.46967895362663,https://www.lafm.com.co/politica/ivan-cepeda-desobediencia-civil-pacifica-analisis-abelardo-de-la-espriella-403684,2026-07-01,regular,
1315987746,20260630,USA,,1822,18,-9.0,-1.91570881226054,https://www.edaily.co.kr/News/Read?newsId=04487046645519768&mediaCodeNo=257,2026-06-30,regular,
1311840253,20260702,CAN,USA,172,17,-5.0,-0.52356020942408,https://nationalpost.com/news/canada/canada-paying-to-construct-gordie-howe-bridge-is-big-myth-according-to-ambassador-pete-hoekstra,2026-07-02,regular,
1312140228,20260705,RUS,EGY,173,17,-5.0,-4.67091295116773,https://www.evening-kazan.ru/proisshestviya/articles/kazanskomu-turagentu-zabronirovali-putevku-v-koloniyu,2026-07-05,regular,
1311524126,20260701,FRA,,173,17,-5.0,-5.62770562770563,https://www.theguardian.com/world/2026/jul/01/ukraine-war-briefing-swedish-defence-maker-saab-signs-deal-to-deliver-16-fighter-jets-to-kyiv,2026-07-01,regular,
1311324189,20260629,RUS,UKR,182,18,-9.5,-6.47058823529412,https://iz.ru/2124220/2026-06-29/tri-cheloveka-pogibli-i-13-postradali-iz-za-atak-bespilotnikov-v-dnr,2026-06-29,regular,
1311591652,20260701,USA,,173,17,-5.0,-6.93146417445483,https://country1029wkik.com/local-news/245c0399252aa19777cac12846f6b7ca,2026-07-01,regular,
1311809688,20260702,USA,ITA,172,17,-5.0,3.21316614420063,https://nypost.com/2026/07/02/lifestyle/where-to-play-and-party-like-its-1776-this-weekend/,2026-07-02,regular,
1311638596,20260701,FRA,,173,17,-5.0,-3.125,https://www.laprovence.com/article/faits-divers-justice/24112764200475/6-kg-de-drogues-de-synthese-saisis-dans-lhypercentre-de-marseille,2026-07-01,regular,
1311549778,20260701,EUR,AFR,141,14,-6.5,-11.9402985074627,https://www.abc.net.au/listen/programs/worldtoday/anti-migrant-protesters-march-in-south-africa-/106865388,2026-07-01,regular,
1312211128,20260629,FIN,USA,173,17,-5.0,-8.04020100502508,https://townhall.com/tipsheet/scott-mcclallen/2026/07/05/scattered-spider-suspect-extradited-from-finland-over-100-million-hacking-scheme-n2678833,2026-06-29,regular,
1311636837,20260701,,RUS,186,18,-10.0,-4.16666666666667,https://www.foxnews.com/world/russian-generals-assassinations-expose-growing-rift-inside-putins-security-apparatus,2026-07-01,regular,
1316292874,20260701,,USA,173,17,-5.0,-1.25786163522013,https://www.sevendaysvt.com/news/crime-news/driver-cited-for-negligent-operation-in-crash-that-killed-16-year-old-cyclist-shiloh-skalka/,2026-07-01,regular,
1311743014,20260702,,USA,173,17,-5.0,-3.82978723404256,https://www.samaa.tv/2087352914-niger-arrests-at-least-16-for-same-sex-sexual-acts,2026-07-02,regular,
1311753792,20260702,USA,,173,17,-5.0,-3.3167495854063,https://www.fairfieldsuntimes.com/news/state/dozens-detained-as-ice-operations-continue-in-gallatin-county/article_f83b007c-44a2-53a6-a92b-ca262f75fb65.html,2026-07-02,regular,
1312005903,20260703,FRA,,180,18,-9.0,-14.4230769230769,https://www.youralaskalink.com/news/crime/wasilla-woman-arrested-after-alleged-hatchet-assault-at-soldotna-campground/article_f10cf80a-5815-4de4-83fc-6442b5f7259c.html,2026-07-03,regular,
1311502190,20260630,RUS,,160,16,-4.0,-5.30612244897959,https://www.sdpnoticias.com/negocios/ricardo-salinas-pliego-busca-una-victoria-judicial-en-londres-por-fraude-millonario/,2026-06-30,regular,
1311560592,20260701,,USA,173,17,-5.0,-9.28761651131822,https://www.morningjournalnews.com/news/court-news/2026/07/the-courts-617/,2026-07-01,regular,
1311398597,20260630,DNK,RUS,100,10,-5.0,-0.323755564548771,https://www.counterpunch.org/2026/06/30/how-russia-is-upending-the-wests-attempt-to-control-technology-with-intellectual-property/,2026-06-30,regular,
1311670975,20260701,,USA,101,10,-5.0,-5.47619047619047,https://www.ibtimes.co.uk/nun-arrest-texas-immigration-debate-1806319,2026-07-01,regular,
1311645530,20260701,,USA,173,17,-5.0,-8.84146341463415,https://www.taipeitimes.com/News/taiwan/archives/2026/07/02/2003860105,2026-07-01,regular,
1311831728,20260702,USA,USA,100,10,-5.0,-3.69003690036901,https://chicago.suntimes.com/springfield/2026/07/02/illinois-house-speaker-chris-welch-harry-benton-resign-misconduct-report,2026-07-02,regular,
1311925789,20260703,POL,RUS,130,13,-4.4,-6.01202404809619,https://www.digi24.ro/stiri/externe/rusia-pregateste-un-atac-asupra-poloniei-avertismentul-sua-soldatii-moscovei-ar-putea-traversa-granita-si-patrunde-pe-teritoriul-nato-3846449,2026-07-03,regular,
1311576012,20260701,USA,,173,17,-5.0,-7.23192019950125,https://www.thenation.com/article/society/prairieland-defendants-texas/,2026-07-01,regular,
1311987951,20260703,CHN,CHN,150,15,-7.2,-2.02140309155767,https://www.radiosvoboda.org/a/viyskovi-navchannya-kytay-rosiya/33795679.html,2026-07-03,regular,
1311544438,20260701,UKR,RUS,130,13,-4.4,-5.99700149925037,https://www.kyivpost.com/post/79314,2026-07-01,regular,
1311770787,20260702,CHN,BEL,100,10,-5.0,2.25563909774436,https://finance.yahoo.com/economy/policy/articles/china-urges-germany-back-free-120430753.html,2026-07-02,regular,
1311753725,20260702,USA,,173,17,-5.0,-3.3167495854063,https://www.fairfieldsuntimes.com/news/state/dozens-detained-as-ice-operations-continue-in-gallatin-county/article_f83b007c-44a2-53a6-a92b-ca262f75fb65.html,2026-07-02,regular,
1311672404,20260701,USA,,130,13,-4.4,-2.05479452054795,https://www.kmuw.org/podcast/past-and-present/2026-07-01/before-july-4-there-was-a-quieter-more-uncertain-turning-point-in-americas-independence,2026-07-01,regular,
1311696600,20260702,USA,,1712,17,-9.2,-5.25059665871121,https://www.sun-sentinel.com/2026/07/01/with-no-fanfare-stoneman-douglas-public-safety-commission-ends-its-mandated-run/,2026-07-02,regular,
1311831275,20260702,GBR,,160,16,-4.0,-1.93905817174515,https://www.cruisehive.com/another-setback-for-tui-as-air-conditioning-failure-cancels-cruise/212390,2026-07-02,regular,
1311185328,20260629,UKR,RUS,180,18,-9.0,-4.76190476190477,https://www.sloughobserver.co.uk/news/national/26234693.ukraine-sets-another-russian-oil-refinery-ablaze-putin-admits-fuel-shortages/,2026-06-29,regular,
1312047507,20260704,,RUS,141,14,-6.5,-5.33333333333333,https://ampravda.ru/2026/07/04/elektrosamokaty-vernutsia-na-ulicy-blagoveshhenska-apelliacionnyi-sud-v-novosibirske-otmenil-zapret,2026-07-04,regular,
1311686944,20260702,USA,,160,16,-4.0,-7.23684210526316,https://www.mediaite.com/media/news/u-s-air-force-officer-arrested-on-capitol-steps-for-call-to-impeach-trump-the-bill-must-come-due/,2026-07-02,regular,
1311361427,20260630,FRA,,130,13,-4.4,-4.67479674796748,https://www.wvgazettemail.com/ap/international/france-records-around-1-000-additional-deaths-as-extreme-heat-breaks-european-records/article_990ca705-e967-5044-914d-ee9f20e86fc9.html,2026-06-30,regular,
1311769176,20260702,PER,USA,182,18,-9.5,0.49751243781095,https://www.dailymail.com/vertical-galleries/article-15947191/Missing-Virginia-teacher-confirmed-dead-Peru-hiking-trip.html,2026-07-02,regular,
1311823149,20260702,USA,,173,17,-5.0,-5.22727272727273,https://927thedrive.net/news/breaking-national-news/4b3de7014ee60e181ea6a062810a7ec1,2026-07-02,regular,
1311412297,20260630,USA,,1721,17,-5.0,-4.63414634146342,https://nypost.com/2026/06/30/media/fcc-should-scrap-abcs-tv-licenses-media-watchdog-says-alleging-partisan-bias/,2026-06-30,regular,
1311447622,20260630,USA,,1712,17,-9.2,1.0,https://ktvz.com/news/national-world/cnn-national/2026/06/30/george-washington-was-a-dancer-and-3-other-things-you-didnt-know-about-our-first-president/,2026-06-30,regular,
1311455083,20260630,UKR,RUS,163,16,-8.0,-11.1428571428572,https://www.se.pl/wiadomosci/swiat/wybuch-w-monako-prokuratura-aa-2PcY-bdzB-SQdW.html,2026-06-30,regular,
1312016745,20260704,USA,,172,17,-5.0,3.19148936170212,https://obrag.org/2026/07/san-diego-community-coalition-summer-2026-update/,2026-07-04,regular,
1311987304,20260703,,USA,100,10,-5.0,-4.0650406504065,https://www.zerohedge.com/political/you-cannot-kill-beast-until-you-name-it-democratic-politician-denounces-declaration,2026-07-03,regular,
1311835351,20260702,USA,,130,13,-4.4,-3.32906530089629,https://www.newsbeast.gr/world/arthro/13208890/synodos-nato-agkyra-trump-erntogan-f35-tourkia,2026-07-02,regular,
1311509897,20260630,USA,MEX,173,17,-5.0,-8.13008130081301,https://www.komu.com/news/midmissourinews/man-arrested-and-charged-after-monday-stabbing-in-mexico-mo/article_f4e9fd0c-f8da-4e4e-aeea-7b399b610618.html,2026-06-30,regular,
1311187227,20260629,,USA,173,17,-5.0,-2.45014245014245,https://www.presstelegram.com/2026/06/28/america-split-from-monarchy-250-years-ago-trumps-presidency-is-testing-how-far-its-come/,2026-06-29,regular,
1311902968,20260703,,USA,150,15,-7.2,0.80971659919028,https://www.newkerala.com/news/a/indian-navys-p-8i-aircraft-arrives-joint-base-pearl-349.htm,2026-07-03,regular,
1311528627,20260701,USA,,182,18,-9.5,-2.22222222222222,https://www.upi.com/Top_News/US/2026/06/30/Florida-child-hot-car-death/6321782867312/,2026-07-01,regular,
1311707095,20260702,USA,,172,17,-5.0,-1.43266475644699,https://www.winknews.com/news/charlotte/dry-conditions-spark-debate-over-southwest-florida-july-4th-fireworks-rules/article_b611a242-8029-425c-a576-f8f036100510.html,2026-07-02,regular,
1311224969,20260629,RUS,UKR,138,13,-7.0,-1.4760147601476,https://nuclear-news.net/2026/06/29/2-a-uk-tests-long-range-missile-for-ukraine/,2026-06-29,regular,
1311831608,20260702,USA,,172,17,-5.0,0.05592841163311,https://newsregister.com/article?articleTitle=vintage-n-r/-memory-lane-july-2-2026--1783019439--55775--1home-news,2026-07-02,regular,
1313234651,20260705,TUR,USA,1712,17,-9.2,-1.05985037406484,https://www.turkiyegazetesi.com.tr/dunya/ankaradan-kieve-uzanan-son-72-saat-dunya-4-ihtimali-konusuyor-graham-neden-oldu-1802788,2026-07-05,regular,
1311772072,20260702,DEU,DEU,173,17,-5.0,-4.96794871794872,https://www.nrk.no/urix/ukrainer-tiltalt-for-nord-stream-eksplosjonen-1.17944789,2026-07-02,regular,
1311686769,20260702,RUS,,141,14,-6.5,-4.31841831425599,https://english.elpais.com/international/2026-07-01/sevastopol-under-a-21st-century-siege-the-way-putin-is-waging-this-war-it-will-never-end.html,2026-07-02,regular,
1311231717,20260629,,USA,163,16,-8.0,-2.1978021978022,https://www.panarmenian.net/eng/news/334608/,2026-06-29,regular,
1311779207,20260702,,USA,100,10,-5.0,-4.87329434697855,https://jonathanturley.org/2026/07/02/you-cannot-kill-the-beast-until-you-name-it-democratic-politicians-denounces-the-declaration-of-independence/comment-page-1/,2026-07-02,regular,
1311321476,20260629,,USA,182,18,-9.5,7.69230769230769,https://www.northwestsignal.net/news/article_a5020b7e-4cfa-4c98-b76e-0d7bcae8c5c0.html,2026-06-29,regular,
1311338825,20260629,USA,,100,10,-5.0,1.5625,https://www.amny.com/law/manhattan-da-3d-printer-ghost-guns/,2026-06-29,regular,
1311392540,20260630,,USA,173,17,-5.0,-2.32558139534884,https://www.upi.com/Top_News/US/2026/06/30/Massachusetts-Rhode-Island-lawsuits-in-state-tuition/5921782800035/,2026-06-30,regular,
1311729781,20260702,RUS,,180,18,-9.0,-0.86206896551724,https://russian.rt.com/ussr/news/1651569-kiev-aviapredpriyatie-antonov-radiozavod,2026-07-02,regular,
1311308805,20260629,,USA,173,17,-5.0,-7.07269155206287,https://www.41nbc.com/warner-robins-man-sentenced-to-10-years-in-prison-for-hotel-burglary/,2026-06-29,regular,
1311767728,20260702,FRA,,173,17,-5.0,-2.90322580645162,https://www.closermag.fr/people/karine-le-marchand-en-roue-libre-un-agriculteur-de-lamour-est-dans-le-pre-perplexe-on-ne-la-reconnait-plus-3645563,2026-07-02,regular,
1311555912,20260701,,CHN,130,13,-4.4,-6.26118067978534,https://www.perthnow.com.au/news/politics/federal-politics/chinese-ambassador-takes-aim-at-asio-over-foreign-interference-claim-c-22513199,2026-07-01,regular,
1312106245,20260704,EUR,,100,10,-5.0,-3.14371257485029,https://truthout.org/articles/us-leaders-know-uae-backs-massacres-in-sudan-stopping-them-would-be-too-costly/,2026-07-04,regular,
1311341285,20260629,USA,,172,17,-5.0,-1.6260162601626,https://www.kwch.com/2026/06/29/meade-school-district-implementing-locked-cell-phone-bags-comply-with-new-state-ban/,2026-06-29,regular,
1311786652,20260702,USA,,1712,17,-9.2,-4.57317073170731,https://stirileprotv.ro/stiri/international/un-hot-si-a-uitat-telefonul-intr-o-casa-pe-care-o-jefuise-si-a-sunat-pentru-a-l-recupera-ce-a-urmat.html,2026-07-02,regular,
1311427485,20260630,USA,,154,15,-7.2,2.87206266318538,https://cdispatch.com/news/new-mhp-troop-g-station-opens-on-hwy-25/,2026-06-30,regular,
1311568847,20260701,,EUR,130,13,-4.4,-1.52671755725191,https://www.thelocal.it/20260701/turning-point-italys-heatwave-set-to-break-as-14-regions-under-storm-alerts,2026-07-01,regular,
1311498996,20260630,USA,,172,17,-5.0,-5.1792828685259,https://www.ajot.com/news/exclusive-us-is-working-on-ban-targeting-chinese-energy-inverters-sources-say,2026-06-30,regular,
1312049974,20260704,USA,POL,130,13,-4.4,-4.87804878048781,https://www.cei.int/ansa/177351,2026-07-04,regular,
1311944050,20260703,FRA,,180,18,-9.0,-1.55316606929511,https://www.europapress.es/navarra/noticia-plaza-castillo-acogera-punto-informacion-agresiones-sexistas-14-julio-20260703130127.html,2026-07-03,regular,
1312015371,20260704,,USA,130,13,-4.4,-6.13668061366806,https://norfolkdailynews.com/agriculture/a-grand-jury-indicts-louisianas-attorney-general-in-a-fight-over-changes-to-new-orleans/article_71e64547-a0e7-4b1b-9bdf-b4702e3e3f71.html,2026-07-04,regular,
1311830102,20260702,USA,,141,14,-6.5,-3.02491103202847,https://www.sacurrent.com/news/san-antonio-news/ice-delays-opening-san-antonio-warehouse-detention-facility-yet-again/,2026-07-02,regular,
1311887542,20260703,GBR,,173,17,-5.0,-6.70995670995671,https://www.manchestereveningnews.co.uk/news/greater-manchester-news/pressure-mounts-government-change-law-34228512,2026-07-03,regular,
1311846822,20260702,,USA,164,16,-7.0,-6.60592255125285,https://www.deadlinedetroit.com/articles/34769/detroit_tv_and_radio_stations_have_expressed_interest_in_fired_fox_2_anchor_taryn_asher_her_agent_says,2026-07-02,regular,
1311503882,20260630,,USA,173,17,-5.0,4.61242793081358,https://pcusa.org/news-storytelling/news/2026/6/30/three-honored-with-women-faith-awards,2026-06-30,regular,
1311923991,20260703,POL,USA,130,13,-4.4,-7.88177339901477,https://www.dialog.ua/world/uzhe-v-blizhayshie-mesyatsy-ssha-predupredili-polshu-o-gryadushchem-napadenii.html,2026-07-03,regular,
1311346036,20260630,USA,,173,17,-5.0,-10.2803738317757,https://www.kcbd.com/2026/06/29/former-new-deal-preacher-arrested-accused-child-sexual-abuse/,2026-06-30,regular,
1311544491,20260701,USA,,141,14,-6.5,-2.61348005502064,https://www.mainlinemedianews.com/2026/06/30/trump-voting-midterm-elections/,2026-07-01,regular,
1311968186,20260703,USA,,130,13,-4.4,-2.51572327044025,https://fox11online.com/good-day-wi/fourth-of-july-weekend-goes-wild-at-new-zoo-with-america-250-wildlife-spotlight-suamcio-red-wolf-pups-endangered-conservation-aza-green-bay-wisconsin-sandhill-crane-trumpeter-swan-bald-eagle,2026-07-03,regular,
1312626603,20260701,USA,USA,173,17,-5.0,-6.37681159420289,https://www.wokv.com/news/trending/andrew-gillum-florida-gubernatorial-candidate-2018-arrested-drug-charges-alabama/HMRUNQQKVJBAVFOXGEMFPKYOQQ/,2026-07-01,regular,
1311411856,20260630,,USA,173,17,-5.0,2.7027027027027,https://www.wfmj.com/news/local-news/sharon/job-fair-to-be-held-in-sharon-to-find-correction-officers/article_eefb6f9a-e5e2-4581-bf2a-e6715dce732d.html,2026-06-30,regular,
1316058780,20260730,,USA,173,17,-5.0,-6.94864048338367,https://www.yourdailyjournal.com/news/265431/richmond-county-man-sentenced-in-child-sexual-assault-case,2026-07-30,regular,
1315437583,20260727,PRK,USA,164,16,-7.0,-1.1070110701107,https://www.koreaherald.com/article/10820975,2026-07-27,regular,
1315467890,20260727,USA,,180,18,-9.0,-0.80482897384306,https://www.magnoliareporter.com/news_and_business/regional_news/article_4e2fcd55-a643-40d0-b307-266e6002335c.html,2026-07-27,regular,
1316352613,20260801,USA,,130,13,-4.4,-3.70994940978077,https://metro.co.uk/2026/08/01/zelensky-says-lack-us-patriot-missiles-left-kyiv-wide-open-russian-blitz-29273673/,2026-08-01,regular,
1315957501,20260729,USA,USA,134,13,-5.8,-8.68263473053892,https://www.sandiegouniontribune.com/2026/07/29/man-who-fatally-stabbed-his-mother-in-clairemont-sentenced-to-prison/,2026-07-29,regular,
1316505210,20260802,USA,,172,17,-5.0,-6.46203554119548,https://www.thedailybeast.com/republican-lawmaker-outs-trumps-reflecting-pool-lies/,2026-08-02,regular,
1315669395,20260728,USA,IRN,180,18,-9.0,0.0,https://www.cnnturk.com/dunya/iran-suudi-arabistan-ve-umman-arasinda-hurmuz-gorusmesi-3447519,2026-07-28,regular,
1316501257,20260802,USA,,130,13,-4.4,-6.20567375886524,https://www.yahoo.com/news/politics/articles/rubio-warns-cuba-infiltrated-us-142710297.html,2026-08-02,regular,
1315832372,20260729,FRA,,173,17,-5.0,-6.25978090766823,https://www.kathimerini.gr/world/564372355/machi-me-tis-floges-sti-gallia-eno-erchetai-neo-kyma-kaysona/,2026-07-29,regular,
1315997471,20260730,USA,,143,14,-6.5,-8.37696335078534,https://wjla.com/news/local/arrest-warrant-man-accused-killing-girlfriend-columbia-maryland,2026-07-30,regular,
1315726961,20260728,CHN,,141,14,-6.5,3.03030303030303,https://english.pravda.ru/news/science/167540-china-fusion-reactor/,2026-07-28,regular,
1315538294,20260727,USA,GBR,140,14,-6.5,-7.48407643312106,https://www.lbc.co.uk/article/robert-bush-decaying-bodies-found-funeral-home-horror-scene-as-boss-is-sentenced-5HjdfCf_2/,2026-07-27,regular,
1315964280,20260730,USA,IRN,1711,17,-9.2,0.9367681498829,https://www.internazionale.it/ultime-notizie-reuters/2026/07/30/us-strikes-58-6-billion-patriot-missile-deal-amid-rising-stockpile-concerns,2026-07-30,regular,
1315557027,20260727,,RUS,160,16,-4.0,-2.04081632653061,https://argumenti.ru/society/moldavskaya-diaspora-v-rossii-mozhet-silno-pohudet-1004588,2026-07-27,regular,
1316189233,20260731,USA,,173,17,-5.0,-5.40540540540541,https://www.nbcphiladelphia.com/news/national-international/men-detained-guthrie-investigation-file-notice-of-claim-against-pima-county-sheriff/4441581/,2026-07-31,regular,
1316483138,20260802,,USA,160,16,-4.0,-7.30337078651685,https://www.express.co.uk/news/world/2235273/washington-wildfires-emergency-declared-12,2026-08-02,regular,
1316087005,20260730,USA,BOL,130,13,-4.4,0.32,https://www.ems1.com/rescue/trump-plans-white-house-honor-for-lifeguard-who-rescued-boy-from-rough-surf,2026-07-30,regular,
1315608907,20260728,USA,,130,13,-4.4,-9.43708609271519,https://nypost.com/2026/07/27/us-news/las-vegas-city-worker-wrote-im-afraid-for-my-life-before-coworker-allegedly-murdered-him/,2026-07-28,regular,
1315991311,20260730,,USA,173,17,-5.0,-6.03248259860789,https://www.hindustantimes.com/cities/mumbai-news/threat-calls-voice-note-addressed-to-aamir-khan-traced-to-sweden-and-canada-101785351663619.html,2026-07-30,regular,
1315484819,20260727,,RUS,141,14,-6.5,0.92807424593968,https://www.stiripesurse.ro/romania-transmite-un-mesaj-fara-echivoc-inaintea-convocarii-ambasadorului-rusiei-la-mae_3906930,2026-07-27,regular,
1316104655,20260730,USA,,182,18,-9.5,-9.52380952380952,https://myfox28columbus.com/news/local/grandmother-dies-after-out-of-control-driver-crashes-into-parked-car-marilyn-patterson-shiloh-crossings-cleveland-avenue-oakland-park-rollover-riverside-methodist-hospital-franklin-county-coroners-office,2026-07-30,regular,
1316339724,20260801,,USA,166,16,-7.0,2.91060291060291,https://standardbredcanada.ca/news/8-1-26/new-jersey-sire-stakes-prelims-continue-big-m.html,2026-08-01,regular,
1315810406,20260729,,USA,100,10,-5.0,-1.67810831426392,https://www.news4jax.com/news/politics/2026/07/29/a-new-media-ecosystem-is-taking-root-on-the-left-reshaping-democratic-politics/,2026-07-29,regular,
1315951054,20260729,USA,IND,100,10,-5.0,-2.64150943396227,https://indianexpress.com/article/india/amid-opposition-protest-rajya-sabha-passes-bill-criminalising-insult-to-vande-mataram-10809694/,2026-07-29,regular,
1316226106,20260731,GBR,,172,17,-5.0,-5.67951318458418,https://www.eveshamjournal.co.uk/news/26426839.richard-hammond-given-driving-ban-speeding/,2026-07-31,regular,
1316293555,20260731,USA,,174,17,-5.0,-5.51181102362205,https://theindianawaaz.com/new-delhi-slams-islamabad-over-crackdown-against-protesters-in-pojk/,2026-07-31,regular,
1316443515,20260802,USA,,180,18,-9.0,-9.28853754940716,https://www.lowellsun.com/2026/08/01/arrest-log-774/,2026-08-02,regular,
1315835845,20260729,,FRA,180,18,-9.0,-3.65853658536585,https://www.newsbomb.gr/kosmos/story/1753036/gallia-pyrosvestis-katagrafei-tin-pyrini-lailapa-sti-gallia-mesa-apo-ta-eksypna-gyalia-meta,2026-07-29,regular,
1316180559,20260731,,RUS,130,13,-4.4,-4.41767068273092,https://www.romaniatv.net/mihailo-podoliak-consilierul-lui-zelenski-avertisment-pentru-romania-rusia-va-mai-trimite-drone-multe-si-intentionat_9729472.html,2026-07-31,regular,
1315751646,20260728,USA,,130,13,-4.4,-0.321027287319424,http://www.memphissun.com/news/279213943/john-cornish-reports-that-taos-stands-apart-from-western-mountain-markets,2026-07-28,regular,
1316147519,20260731,USA,,173,17,-5.0,-7.9646017699115,https://www.kptv.com/2026/07/30/oregon-prison-officer-indicted-harassing-cyberstalking-ex-girlfriend-facebook/,2026-07-31,regular,
1316053135,20260730,USA,,173,17,-5.0,-9.75889781859929,https://www.yahoo.com/news/us/articles/swindler-homebuilder-apologizes-st-johns-123640680.html,2026-07-30,regular,
1315546615,20260727,GBR,,154,15,-7.2,-1.28644939965695,https://www.manchestereveningnews.co.uk/news/greater-manchester-news/alan-turings-saucy-unpublished-short-34357604,2026-07-27,regular,
1316435403,20260802,GBR,,1821,18,-9.0,-2.59740259740259,https://www.rawstory.com/trump-tate-brothers-2677646665/,2026-08-02,regular,
1316035795,20260730,USA,,173,17,-5.0,-10.759493670886,https://1019therock.com/charged-arson-house-fire-maine/,2026-07-30,regular,
1316136550,20260731,DJI,USA,130,13,-4.4,-2.36559139784946,http://www.newzealandstar.com/news/279215329/brent-tops-usd90-as-renewed-strikes-rattle-oil-markets,2026-07-31,regular,
1315737502,20260728,USA,EUR,1053,10,-5.0,-4.87804878048781,https://www.cnbc.com/2026/07/28/us-strategic-petroleum-reserve-spr-iran-oil-strait-hormuz.html,2026-07-28,regular,
1315634285,20260728,USA,,141,14,-6.5,1.47058823529412,https://www.inewsgr.com/184/i-proti-mera-tou-antetokounbo-sto-maiami-i-ypodochi-apotheosi-kai-oi-antidraseis-tou--deite-vinteo.htm,2026-07-28,regular,
1316470933,20260802,IRN,USA,138,13,-7.0,-4.59183673469387,https://www.ynetnews.com/article/hj5ivv2hfl,2026-08-02,regular,
1315756136,20260728,,USA,100,10,-5.0,-6.66666666666667,https://www.wcbi.com/georgia-man-who-ran-toward-capitol-with-shotgun-pleads-guilty/,2026-07-28,regular,
1316025423,20260730,RUS,WST,150,15,-7.2,-6.21501037255961,https://metro.co.uk/2026/07/30/russian-missile-leaves-33ft-crater-nato-territory-hitting-polish-field-29258077/,2026-07-30,regular,
1316005991,20260730,,USA,130,13,-4.4,-4.93601462522852,https://www.tvguide.co.uk/articles/ben-needhams-mum-kerry-dismisses-claim-son-is-dead-disney-crime-documentary/,2026-07-30,regular,
1315816699,20260729,USA,,173,17,-5.0,-11.094674556213,https://www.usmagazine.com/celebrity-news/news/man-accused-of-killing-hannah-rapp-has-bonds-over-1-million/,2026-07-29,regular,
1316492196,20260802,USA,ISR,138,13,-7.0,-3.47826086956522,https://theindianawaaz.com/trump-puts-on-hold-planned-military-attack-on-iran/,2026-08-02,regular,
1315502373,20260727,,USA,173,17,-5.0,-10.1633393829401,https://rtcg.me/vijesti/bbc/867894/netanjahu-dolazi-u-sad-gradonacelnik-njujorka-bi-da-ga-uhapsi.html,2026-07-27,regular,
1315606193,20260728,,FRA,164,16,-7.0,-5.21172638436482,https://grenadachronicle.com/us-diplomats-walk-out-as-france-addresses-un-security-council/,2026-07-28,regular,
1316055395,20260730,USA,,1712,17,-9.2,-3.36134453781513,https://www.firerescue1.com/wildfire-and-wildland-urban-interface/ore-wildfires-top-1-million-acres-as-crews-battle-states-largest-blazes,2026-07-30,regular,
1315573796,20260727,BEL,DEU,153,15,-7.2,-2.79329608938547,https://www.dhnet.be/actu/belgique/2026/07/27/malgre-lepuisement-des-pompiers-francais-aucun-pompier-belge-nest-appele-en-renfort-on-attend-le-feu-vert-des-autorites-locales-43OHWT7UDZFXRD7R6WRWN6MJTQ/,2026-07-27,regular,
1316292673,20260731,USA,,130,13,-4.4,-2.71966527196653,http://www.idahostatejournal.com/news/local/authorities-issue-urgent-warning-for-fremont-county-residents-to-be-on-lookout-for-bear-thats/article_16f1a1fb-f604-4a96-b64c-2c60ef7efed0.html,2026-07-31,regular,
1316098270,20260730,USA,,173,17,-5.0,-16.4502164502165,https://foxsanantonio.com/newsletter-daily/former-stockdale-isd-teacher-sentenced-to-13-years-for-improper-relationship-with-student-wilson-county-jail-investigation-sheriff-testimony-victim-plea-agreement,2026-07-30,regular,
1316334059,20260801,DEU,RUS,131,13,-5.8,-10.8391608391608,https://24tv.ua/history/ru/germanija-objavila-vojnu-rossii-1-avgusta-1914-goda-prichiny_n3114367,2026-08-01,regular,
1315842262,20260729,,USA,172,17,-5.0,-6.83111954459203,https://www.geo.tv/latest/675229-law-enforcers-continue-operations-against-armed-groups-in-rawalakot-ajk-police,2026-07-29,regular,
1315821979,20260729,USA,,173,17,-5.0,-6.07734806629834,https://www.dailymail.com/news/article-16010971/Twisted-Apalachee-High-School-shooter-mom-laugh-jail.html,2026-07-29,regular,
1315808086,20260729,UKR,RUS,163,16,-8.0,2.31362467866324,https://www.obozrevatel.com/politics-news/antiballisticheskaya-zaschita-i-sanktsii-protiv-rf-zelenskij-vstretilsya-s-amerikanskimi-senatorami-foto.htm,2026-07-29,regular,
1315546342,20260727,CHN,,138,13,-7.0,-1.158940397351,https://www.taipeitimes.com/News/front/archives/2026/07/28/2003861493,2026-07-27,regular,
1315599231,20260728,,USA,173,17,-5.0,-8.22510822510822,https://www.myspiritfm.com/News?view=post&blogid=Catholic%2DNews&articleid=301838,2026-07-28,regular,
1315782865,20260729,,USA,173,17,-5.0,-7.18954248366013,https://www.ksat.com/news/local/2026/07/28/man-sentenced-to-35-years-in-prison-for-fatal-2020-shooting-on-northwest-side/,2026-07-29,regular,
1316005196,20260730,ESP,EUR,138,13,-7.0,-2.79232111692845,https://www.diariodeibiza.es/sociedad/2026/07/30/ultima-hora-incendios-espana-directo-132759058.html,2026-07-30,regular,
1315451651,20260727,USA,,173,17,-5.0,-5.51248923341946,https://www.newsweek.com/corey-ruizs-sister-says-criminal-record-does-not-define-him-12243914,2026-07-27,regular,
1316246406,20260731,GBR,,173,17,-5.0,-10.2844638949671,https://www.manchestereveningnews.co.uk/news/uk-news/teen-killer-appears-boast-murder-34385330,2026-07-31,regular,
1315619056,20260728,IRN,USA,106,10,-5.0,-3.69718309859155,https://en.tempo.co/read/2115729/iran-rejects-us-talks-as-hormuz-strait-remains-closed,2026-07-28,regular,
1315496786,20260727,JPN,,171,17,-9.2,-6.75039246467818,https://www.asahi.com/ajw/articles/16758965,2026-07-27,regular,
1315774184,20260728,USA,,173,17,-5.0,-12.8686327077748,https://www.kcci.com/article/central-iowa-us-marshals-fugitive-operation/73287225,2026-07-28,regular,
1315552334,20260727,USA,USA,173,17,-5.0,-8.93854748603352,https://www.wfmz.com/news/area/lehighvalley/northampton-county/nazareth-northampton-area/off-duty-philly-cop-claims-self-defense-in-fatal-shooting-of-uncle-in-northampton-co/article_857dfb82-78a9-4dd7-8d50-23d0e1f6c723.html,2026-07-27,regular,
1316326817,20260801,GBR,,170,17,-7.0,-8.00970873786409,https://www.equaltimes.org/will-the-uk-government-sentence-15,2026-08-01,regular,
1315532794,20260727,,GBR,130,13,-4.4,2.29885057471264,https://www.irvinetimes.com/news/26411901.business-rates-reductions-urged-central-ayrshire-mp/,2026-07-27,regular,
1316309784,20260801,USA,,173,17,-5.0,-2.95420974889217,https://radaronline.com/p/luigi-mangione-judge-overflow-room-fans-courtroom-murder-trial/,2026-08-01,regular,
1315445586,20260727,USA,USA,130,13,-4.4,-2.55754475703325,https://www.bostonherald.com/2026/07/26/doj-not-targeting-mass-with-voting-monitors-says-u-s-attorney/,2026-07-27,regular,
1315667153,20260728,EUR,,172,17,-5.0,-5.95238095238096,https://ura.news/news/1053113490,2026-07-28,regular,
1316495410,20260802,USA,,173,17,-5.0,-1.18110236220472,https://www.thehindu.com/news/national/maharashtra/congress-workers-detained-in-pune-ahead-of-shah-doval-visit/article71295270.ece,2026-08-02,regular,
1316119442,20260730,USA,,173,17,-5.0,-8.9058524173028,https://keyt.com/news/national-world/cnn-national/2026/07/30/father-of-georgia-school-shooter-sentenced-to-15-years-in-prison-in-landmark-murder-case/,2026-07-30,regular,
1316159361,20260731,,USA,173,17,-5.0,-6.25,https://cbs12.com/news/crime/man-sentenced-to-life-in-prison-for-selling-fentanyl-that-killed-vero-beach-man-in-2023-indian-river-county-sheriffs-office-irsco-dea-miami-divison-florida-news,2026-07-31,regular,
1315946369,20260729,USA,USA,172,17,-5.0,-8.63874345549739,https://foxbaltimore.com/news/local/baltimore-man-sentenced-20-years-armed-carjacking-fells-point-gas-station,2026-07-29,regular,
1316340298,20260801,CHN,CHN,160,16,-4.0,-2.38095238095238,https://www.abc.com.py/internacionales/2026/08/01/china-acusa-a-eeuu-de-apartarse-del-consenso-con-sanciones-por-supuesto-trabajo-forzoso/,2026-08-01,regular,
1316264922,20260731,USA,,180,18,-9.0,-1.67130919220055,https://www.kibrispostasi.com/c37-DUNYA/n609665-pentagonun-gorunmeyen-krizi,2026-07-31,regular,
1315782635,20260729,,USA,173,17,-5.0,-6.7524115755627,https://www.nbcconnecticut.com/news/local/judge-sentences-hartford-man-who-strangled-the-mother-of-his-son-3-years-ago/3759472/,2026-07-29,regular,
1315809470,20260729,RUS,,164,16,-7.0,-0.50062578222779,https://news.mail.ru/politics/71798797/,2026-07-29,regular,
1315720066,20260728,,GBR,173,17,-5.0,-6.29139072847682,https://www.glasgowtimes.co.uk/news/26416699.govan-gangster-anthony-connell-faces-proceeds-crime-action/,2026-07-28,regular,
1316236745,20260731,RUS,UKR,174,17,-5.0,-1.3215859030837,https://www.bagnet.org/news/society/1401691/ukrainskie-spasateli-i-spetstehnika-napravleny-dlya-tusheniya-lesnyh-pozharov-vo-frantsii-mvd,2026-07-31,regular,
1316017983,20260730,RUS,,180,18,-9.0,-6.10561056105611,https://www.sofokleousin.gr/epikairotita/diethni/oukrania-13-apo-ti-rosiki-epithesi-me-70-pyraylous-kai-280-drones,2026-07-30,regular,
1315799055,20260729,,USA,173,17,-5.0,-7.12742980561556,https://www.ksbw.com/article/monterey-county-flock-cameras-vandalized-amid/73289765,2026-07-29,regular,
1315875569,20260729,UKR,RUS,180,18,-9.0,-9.86301369863009,https://www.tribunnews.com/internasional/7861117/rusia-dakwa-pendiri-telegram-pavel-durov-dituduh-dukung-terorisme-dan-terancam-penjara-seumur-hidup,2026-07-29,regular,
1316446898,20260802,VEN,EUR,130,13,-4.4,-2.93342122610416,https://www.lahaine.org/mundo.php/venezuela-lldesde-las-comunas-no-hay-capitulacion,2026-08-02,regular,
1316377799,20260801,RUS,UKR,182,18,-9.5,-3.97022332506203,https://sana.sy/en/international/2333485/,2026-08-01,regular,
1316115007,20260730,RUS,UKR,138,13,-7.0,-5.0,https://unn.ua/news/kazakhstan-vtretie-za-misiats-pryzupynyv-postachannia-nafty-do-terminalu-na-chornomu-mori-cherez-ataky-na-tankery-zmi,2026-07-30,regular,
1316472073,20260802,,USA,186,18,-10.0,0.72886297376093,https://www.freemalaysiatoday.com/category/leisure/2026/08/02/gus-van-sant-in-six-films,2026-08-02,regular,
1316415206,20260801,CHN,MNG,141,14,-6.5,-3.03430079155673,https://www.abc.net.au/news/2026-08-02/china-ethnic-unity-law-attempts-to-erase-minorities/106889152,2026-08-01,regular,
1315967595,20260730,GBR,SSD,173,17,-5.0,-5.95611285266457,https://www.amren.com/news/2026/07/sudanese-asylum-seeker-jailed-after-taking-axe-petrol-to-uk-school/,2026-07-30,regular,
1315759072,20260728,USA,,173,17,-5.0,-8.25688073394495,https://www.readingeagle.com/2026/07/28/berks-man-sentenced-for-buying-selling-stolen-human-remains/,2026-07-28,regular,
1315485020,20260727,,RUS,138,13,-7.0,-17.1428571428571,https://www.tatar-inform.ru/news/rezim-bespilotnoi-opasnosti-v-tatarstane-otmenen676778673-6035508,2026-07-27,regular,
1315669622,20260728,CHN,,150,15,-7.2,-4.06504065040651,http://www.econotimes.com/Taiwan-to-Test-Wartime-Weapons-Production-in-Han-Kuang-Military-Drills-1747913,2026-07-28,regular,
1315580204,20260727,USA,,1712,17,-9.2,-3.31325301204819,https://www.israelnationalnews.com/news/430851,2026-07-27,regular,
1315659990,20260728,AUS,GBR,180,18,-9.0,-6.94686020083851,https://www.hepburnadvocate.com.au/story/9319331/rappers-alleged-rape-victim-enthusiastic-and-willing/,2026-07-28,regular,
1316275797,20260731,RUS,,141,14,-6.5,2.36051502145923,https://sitv.ru/arhiv/news/volontery-surgutskogo-rayona-pomogli-94-letnemu-veteranu-priobresti-mebel/,2026-07-31,regular,
1315578584,20260727,USA,,130,13,-4.4,-1.69491525423729,https://nypost.com/2026/07/27/us-news/oakland-official-remained-on-payroll-after-resigning-over-raunchy-texts/,2026-07-27,regular,
1315889177,20260729,FRA,RUS,1721,17,-5.0,-7.12830957230142,https://acento.com.do/rfi/rusia-justicia-pide-busqueda-internacional-del-fundador-de-telegram-por-terrorismo-9727742.html,2026-07-29,regular,
1315605845,20260728,,USA,173,17,-5.0,-7.27272727272727,https://www.unionleader.com/news/courts/lance-goodrich-of-lyme-sentenced-35-years-to-life-for-2021-shooting-of-his-cousin/article_18cea133-5cd1-4046-b47a-38a5d2f6c562.html,2026-07-28,regular,
1315611543,20260728,IRN,RUS,163,16,-8.0,-1.9723865877712,https://www.foxbusiness.com/politics/treasury-removes-more-80-people-companies-sanctions-list-part-review,2026-07-28,regular,
1316290891,20260731,USA,MEX,173,17,-5.0,-16.7164179104478,https://townhall.com/news/cameron-arcand/2026/07/31/two-convicted-murderers-arrested-in-latest-ice-roundups-n2680472,2026-07-31,regular,
1315954014,20260729,GBR,USA,173,17,-5.0,-2.87292817679558,https://dailyridge.com/2024/07/05/florida-man-goes-on-alleged-methamphetamine-crime-spree-in-lake-wales-2/,2026-07-29,regular,
1321435868,20260904,ARG,GBR,130,13,-4.4,1.44927536231884,https://www.politika.rs/scc/clanak/783030/havijer-milei-preti-velikoj-britaniji-zbog-foklandskih-ostrva,2026-09-04,regular,
1320761720,20260831,USA,,100,10,-5.0,-5.83333333333333,https://sana.sy/fr/international/2327110/,2026-08-31,regular,
1321671873,20260906,,USA,172,17,-5.0,-3.47107438016529,https://tribuneonlineng.com/tinubu-family-cant-be-arrested-in-the-us-during-unga-envoy-ibrahim/,2026-09-06,regular,
1321246750,20260903,USA,USA,173,17,-5.0,-6.8,https://nypost.com/2026/09/03/us-news/serial-squatter-heather-ruybal-sentenced-to-20-years-for-fraud-after-nearly-three-dozen-evictions-under-multiple-aliases/,2026-09-03,regular,
1321073157,20260902,USA,,173,17,-5.0,-4.11663807890223,https://www.postandcourier.com/opinion/editorials/sheriff-chuck-wright-nepotism-son-sc-ethics-law/article_65063a97-24ae-420a-9077-8e299df1f315.html,2026-09-02,regular,
1320947537,20260901,DEU,,138,13,-7.0,-4.63709677419354,https://www.irishtimes.com/world/europe/2026/09/01/germany-says-russia-was-behind-last-months-attempted-drone-attack-at-leipzig-airport/,2026-09-01,regular,
1321383774,20260904,USA,,173,17,-5.0,-16.0714285714286,https://www.whsv.com/2026/09/03/nexus-executives-ask-merge-charges-augusta-county-circuit-court/,2026-09-04,regular,
1320720973,20260831,RUS,IRN,1384,13,-7.0,-2.99823633156966,https://www.albiladpress.com/news/2026/6531/arab-and-world/1017069.html,2026-08-31,regular,
1321135521,20260902,RUS,IRN,138,13,-7.0,-0.63291139240506,https://laverdadnoticias.com/ultimas-noticias/mundo/rusia-misiles-supersonicos,2026-09-02,regular,
1320872423,20260901,RUS,FIN,100,10,-5.0,-2.09637046307885,https://161.ru/text/gorod/2026/09/01/76616898/,2026-09-01,regular,
1320898691,20260901,,RUS,172,17,-5.0,-1.96078431372549,https://mkd.mk/svet/g20-ruski-minister-megju-uchesnicite-evropa-negoduva/,2026-09-01,regular,
1321193726,20260902,USA,,130,13,-4.4,-1.20192307692308,https://www.nbcdfw.com/news/local/karmelo-anthonys-attorneys-outline-appeal-timeline-new-250k-fundraising-effort/4071909/,2026-09-02,regular,
1321587054,20260905,RUS,,141,14,-6.5,-1.80750112968821,https://www.ilpost.it/2026/07/01/vannacci-uranio-iraq-mosca-russia-carriera/?homepagePosition=15.1&referrerPost=3670822,2026-09-05,regular,
1321466458,20260904,ARG,GBR,138,13,-7.0,-1.35593220338983,https://cyprus-mail.com/2026/09/04/argentinas-milei-steps-up-falklands-sovereignty-claims-with-oil-sanctions,2026-09-04,regular,
1321113438,20260902,USA,,130,13,-4.4,-5.15063168124392,https://www.inquirer.com/weather/philadelphia-flood-warnings-data-2026-20260902.html,2026-09-02,regular,
1321456470,20260904,RUS,,160,16,-4.0,-1.52284263959391,https://www.km.ru/turizm/2026/09/04/zarubezhnye-aviakompanii/924630-air-tanzania-priostanovila-reisy-v-moskvu,2026-09-04,regular,
1321370228,20260903,RUS,UKR,138,13,-7.0,-5.61056105610561,https://www.danas.rs/svet/ukrajina-iran-kristofer-s-civis/,2026-09-03,regular,
1321340496,20260903,RUS,,181,18,-9.0,-10.0,https://lenta.ru/news/2026/09/03/rossiyskogo-vracha-vzyali-v-zalozhniki/,2026-09-03,regular,
1321272834,20260903,,GBR,130,13,-4.4,-3.70370370370371,https://organiser.org/2026/09/03/378480/bharat/13-year-old-kumari-maina-faced-the-british-empire-without-fear-the-forgotten-child-martyr-of-1857/,2026-09-03,regular,
1321656746,20260905,USA,,100,10,-5.0,-0.61728395061728,https://www.texarkanagazette.com/news/2026/sep/05/some-states-raise-pay-for-home-caregivers-as/,2026-09-05,regular,
1321766515,20260906,,USA,173,17,-5.0,-2.37467018469657,https://allhiphop.com/news/lil-waynes-handwritten-lyrics-found-in-trash-can-valued-at-5m/,2026-09-06,regular,
1321675406,20260906,RUS,RUS,164,16,-7.0,-1.25944584382871,https://www.alanba.com.kw/BBCNews/19224/,2026-09-06,regular,
1321157180,20260902,USA,,186,18,-10.0,1.9211324570273,https://anchoragepress.com/chatanaltsegh-a-weird-and-wonderful-parade-marks-return-of-a-denaina-place-name-in-anchorage/,2026-09-02,regular,
1320801925,20260831,IRN,USA,130,13,-4.4,-4.2528735632184,https://www.sbs.com.au/news/article/trump-vows-to-hit-iran-hard-after-first-exchange-of-fire-in-weeks/zphcz24e9,2026-08-31,regular,
1321646314,20260905,EUR,FRA,164,16,-7.0,-1.09034267912773,https://thefrontierpost.com/us-envoys-meet-putin-in-moscow-for-ukraine-talks/,2026-09-05,regular,
1320756758,20260831,JOR,USA,180,18,-9.0,-3.79746835443038,https://dailyinqilab.com/international/news/934588,2026-08-31,regular,
1321401252,20260904,USA,,173,17,-5.0,-12.5179856115108,https://abcnews.com/GMA/News/lindsay-clancy-trial-guilty-lack-responsibility/story?id=136187449,2026-09-04,regular,
1321255279,20260903,GBR,,174,17,-5.0,-3.88513513513513,https://www.ibtimes.co.uk/british-man-deported-sweden-brexit-fallout-john-sellers-1817623,2026-09-03,regular,
1321309839,20260903,USA,,180,18,-9.0,3.55504587155964,https://www.lbc.co.uk/article/disney-channel-star-carla-jeffrey-dies-5Hjdgw2_2/,2026-09-03,regular,
1320990902,20260901,RUS,RUS,100,10,-5.0,-7.76942355889724,https://naslovi.net/tema/2562738,2026-09-01,regular,
1321625921,20260905,RUS,,138,13,-7.0,-1.0752688172043,https://www.infobae.com/america/mundo/2026/09/05/vladimir-putin-ordeno-suspender-por-tres-dias-los-ataques-contra-kiev-en-medio-de-la-visita-de-los-enviados-de-donald-trump/,2026-09-05,regular,
1320776904,20260831,USA,IRN,141,14,-6.5,-4.67312348668281,https://kar-online.com/119044/,2026-08-31,regular,
1320767531,20260831,BEL,USA,130,13,-4.4,-5.66037735849057,https://nos.nl/artikel/2629150-belgie-waarschuwt-voor-escalatie-na-beledigende-post-van-ambassadeur-vs,2026-08-31,regular,
1320706146,20260831,USA,,138,13,-7.0,-2.85285285285285,https://arabic.euronews.com/next/2026/08/31/lake-ontario-or-lake-america-google-maps-results-differ-in-canada-the-us-and-across-the-wo,2026-08-31,regular,
1321300665,20260903,RUS,,1384,13,-7.0,0.0,https://news.am/en/video/1059367,2026-09-03,regular,
1321329328,20260903,RUS,,138,13,-7.0,-8.10126582278481,https://www.ilpost.it/2026/09/03/tentato-omicidio-nikolai-varpakhovich-russia/,2026-09-03,regular,
1321378799,20260903,USA,,162,16,-5.6,-7.49625187406299,https://www.elcorreo.com/opinion/tribunas/daniel-reboredo-afganistan-quinquenio-tenebroso-20260904235226-nt.html,2026-09-03,regular,
1321062900,20260902,DEU,,180,18,-9.0,-7.35294117647059,https://plusinfo.mk/nova-sabotazha-vrz-germanskata-elektrichna-mrezha-polici-ata-istrazhuva-napad-vrz-trafostanica/,2026-09-02,regular,
1320748745,20260831,,USA,100,10,-5.0,1.30293159609121,https://abc6onyourside.com/news/back-to-school/students-turning-to-mental-health-services-for-support-in-central-ohio-anxiety-depression-back-to-school-issues-crisis-therapy-counseling,2026-08-31,regular,
1321499134,20260904,,USA,100,10,-5.0,-1.33239831697054,https://www.keranews.org/texas-news/2026-09-04/after-abbotts-order-limiting-flock-cameras-dps-to-continue-using-its-vast-surveillance-network,2026-09-04,regular,
1321229583,20260903,IRN,USA,138,13,-7.0,-3.6015325670498,https://athina984.gr/2026/09/03/deltio-eidiseon-stis-06-00-512/,2026-09-03,regular,
1321543709,20260904,,USA,130,13,-4.4,-6.08108108108109,https://whp580.iheart.com/content/2026-09-04-trump-labels-iran-conflict-as-military-conflict-not-war/,2026-09-04,regular,
1321312252,20260903,RUS,ARM,173,17,-5.0,-8.22784810126583,https://www.eng.kavkaz-uzel.eu/articles/78258,2026-09-03,regular,
1321417109,20260904,,USA,173,17,-5.0,-3.75,https://www.fox13now.com/news/fox-13-investigates/magna-mayor-accused-of-unprofessional-improper-conduct-toward-police,2026-09-04,regular,
1320958270,20260901,RUS,,160,16,-4.0,-2.38095238095238,https://www.interfax.ru/russia/1112517,2026-09-01,regular,
1320794910,20260831,USA,,173,17,-5.0,-8.24088748019021,https://scallywagandvagabond.com/2026/08/freehold-school-nj-teacher-sentenced-12-years-ordered-never-to-contact-student-victim-ever-again/,2026-08-31,regular,
1321308538,20260903,RUS,DEU,163,16,-8.0,-3.57142857142857,https://unternehmen-heute.de/news.php?newsid=6710123,2026-09-03,regular,
1321053391,20260902,RUS,RUS,130,13,-4.4,-5.22388059701492,https://dailypost.ng/2026/09/02/uk-slams-russian-drone-attack-in-germany-putin-reacts/,2026-09-02,regular,
1321744569,20260906,,USA,100,10,-5.0,-2.16450216450217,https://dailycaller.com/2026/09/06/climate-litigation-advocates-suncor-battle-plan-supreme-court/,2026-09-06,regular,
1321056291,20260902,GBR,,180,18,-9.0,-4.56273764258555,https://www.barandbench.com/news/vinayak-savarkar-did-not-hate-muslims-wanted-their-progress-savarkar-kin-to-pune-court,2026-09-02,regular,
1320997329,20260901,EUR,,100,10,-5.0,-3.08924485125858,https://www.tercerainformacion.es/opinion/01/09/2026/se-puede-derrotar-a-la-union-de-la-derecha-y-la-ultraderecha-pero-no-con-esta-izquierda/,2026-09-01,regular,
1320764432,20260831,GBR,,180,18,-9.0,-9.60118168389955,https://www.belfastlive.co.uk/news/owners-belfast-beauty-salon-subjected-34546302,2026-08-31,regular,
1321091046,20260902,,EUR,130,13,-4.4,-3.71428571428572,https://www.emakedonia.gr/ryanair-frenarei-tis-cheimerines-ptiseis-logo-petrelaioy-erchontai-ayxiseis-sta-aeroporika-eisitiria,2026-09-02,regular,
1320829688,20260901,,USA,180,18,-9.0,-10.5769230769231,https://coast931.com/news/074470-passenger-faces-charges-after-bangor-airport-confrontation/,2026-09-01,regular,
1321498360,20260904,,USA,172,17,-5.0,-3.97940074906367,https://www.justsecurity.org/149219/cities-nodes-resistance/,2026-09-04,regular,
1320899778,20260901,,GBR,130,13,-4.4,0.0,https://www.realitytea.com/2026/09/01/prince-harry-uk-return-royal-rivalry-prince-william/,2026-09-01,regular,
1321358912,20260903,USA,,180,18,-9.0,-10.0286532951289,https://www.rawstory.com/ice-agent-shooting-lies/,2026-09-03,regular,
1321679174,20260906,SLV,USA,173,17,-5.0,-8.93665158371041,https://redstate.com/kyle-becker/2026/09/05/ice-captures-ms-13-killer-known-as-the-witch-a-biden-judge-just-let-him-go-n2206565,2026-09-06,regular,
1321690115,20260906,USA,USA,172,17,-5.0,-8.3720930232558,https://www.nhgazette.com/2026/09/06/sun-sept-6-2/,2026-09-06,regular,
1320688115,20260831,GBR,,180,18,-9.0,-9.7609561752988,https://www.shetlandtimes.co.uk/news/in-court-this-week-sentencing-of-walls-man-found-guilty-of-443710/,2026-08-31,regular,
1321758958,20260906,,USA,173,17,-5.0,-17.7215189873418,https://www.kob.com/new-mexico/albuquerque-metro/police-arrest-22-year-old-suspect-for-killing-elderly-albuquerque-man/,2026-09-06,regular,
1321226105,20260903,USA,,130,13,-4.4,-3.13971742543171,https://www.michigandaily.com/news/student-government/csg-kicks-off-the-fall-semester-with-judicial-appointments/,2026-09-03,regular,
1321337503,20260903,USA,,180,18,-9.0,-12.0535714285714,https://katv.com/news/local/former-tims-tavern-owner-found-dead-in-benton-no-foul-play-suspected,2026-09-03,regular,
1321256889,20260903,USA,,130,13,-4.4,-7.77027027027027,https://www.rethemnosnews.gr/kosmos/726264_nea-proeidopoiisi-tramp-se-iran-eimaste-proetoimasmenoi-gia-alli-mia-epithesi-opote,2026-09-03,regular,
1320777423,20260831,GBR,,172,17,-5.0,-4.28571428571428,https://www.manchestereveningnews.co.uk/news/greater-manchester-news/rain-gushes-through-roof-freight-34547215,2026-08-31,regular,
1321214302,20260903,,USA,173,17,-5.0,-7.54716981132076,https://www.koaa.com/news/local-news/murder-suspect-barry-morphew-confined-to-home-after-alleged-hit-and-run,2026-09-03,regular,
1321546355,20260904,USA,USA,180,18,-9.0,-9.0047393364929,https://kelo.com/2026/09/04/explainer-whats-next-for-lindsay-clancy-after-mistrial/,2026-09-04,regular,
1321264791,20260903,RUS,,161,16,-4.0,-3.96039603960396,https://informer.rs/planeta/vesti/1147291/rusija-gete-institut-ruski-dom-berlin,2026-09-03,regular,
1321731456,20260906,EUR,,100,10,-5.0,-0.37641154328733,https://www.espressonews.gr/politiki/509634/notis-mitarakis-eimai-edo-etoimos-gia-kathe-proklisi/,2026-09-06,regular,
1321387910,20260904,USA,,173,17,-5.0,-5.6,https://www.cbsnews.com/news/fbi-ai-identify-threats-faster-christopher-raia/,2026-09-04,regular,
1321369726,20260903,USA,,160,16,-4.0,-10.5809128630705,https://jewishpress.com/mamdanis-toxic-anti-establishment-ideology/,2026-09-03,regular,
1321245060,20260903,USA,,173,17,-5.0,-10.5206073752712,https://www.heraldstaronline.com/news/local-news/2026/09/grand-jury-indicts-13-in-jefferson-county/,2026-09-03,regular,
1321594289,20260905,,DEU,100,10,-5.0,0.0,https://www.actualno.com/society/ilin-dimitrov-s-razbor-za-letnija-sezon-za-germanskite-turisti-spekulata-i-danycite-news_2636230.html,2026-09-05,regular,
1321348592,20260903,RUS,NOR,1053,10,-5.0,-4.04709345106696,https://www.newsinenglish.no/2026/09/03/russian-tensions-build-after-ship-seizure-at-barentsburg-on-svalbard/,2026-09-03,regular,
1321521363,20260904,TWN,CHN,150,15,-7.2,-5.45050055617353,https://www.theepochtimes.com/china/pla-purge-may-be-driving-china-to-rely-more-on-military-pressure-against-taiwan-analysts-6083302,2026-09-04,regular,
1321026201,20260902,,USA,100,10,-5.0,-2.51968503937008,https://www.greenleft.org.au/2026/1461/world/us-democratic-socialist-defeating-trumps-war-machine-key,2026-09-02,regular,
1320852047,20260901,EUR,,1312,13,-5.8,-0.41322314049587,https://espreso.tv/svit-khochemo-laditi-z-usima-tramp-poyasniv-prisutnist-predstavnika-rf-na-g20,2026-09-01,regular,
1321666259,20260905,UKR,RUS,161,16,-4.0,1.66666666666667,https://kuruc.info/r/3/306843/,2026-09-05,regular,
1321605936,20260905,USA,IRL,182,18,-9.5,-7.38095238095238,https://www.dailymail.com/news/article-16107249/How-Lindsay-Clancy-murder-trial-eerie-similarities-haunting-Irish-case.html,2026-09-05,regular,
1321491534,20260904,RUS,DEU,172,17,-5.0,-4.48717948717949,https://www.abc.com.py/internacionales/2026/09/04/el-kremlin-tacha-de-vacias-las-acusaciones-alemanas-sobre-dron-en-liepzig/,2026-09-04,regular,
1320814231,20260831,USA,,160,16,-4.0,-2.49307479224376,https://thedailycougar.com/2026/08/31/weather-alert-uh-monitors-heavy-rainfall-here-is-how-to-prepare/,2026-08-31,regular,
1321708827,20260906,CHN,,130,13,-4.4,-9.16149068322981,https://www.dailyexcelsior.com/first-images-show-devastation-from-flash-floods-at-tibet-nepal-border-2/,2026-09-06,regular,
1320965238,20260901,RUS,RUS,161,16,-4.0,-4.26008968609865,https://formiche.net/2026/09/germania-guerra-ibrida-russia-lipsia/,2026-09-01,regular,
1321336169,20260903,,USA,130,13,-4.4,-6.41148325358851,https://www.independent.co.uk/news/world/americas/us-politics/ice-whistleblower-officer-training-background-checks-b3044214.html,2026-09-03,regular,
1321347504,20260903,,USA,130,13,-4.4,-3.18979266347687,https://nypost.com/2026/09/03/science/the-gateway-arch-monument-shuts-off-lights-to-save-bird-lives/,2026-09-03,regular,
1321604995,20260905,UKR,RUS,100,10,-5.0,-2.86458333333333,https://www.bgonair.bg/a/4-world/429508-4-zhertvi-pri-ruski-ataki-v-ukrayna-predi-vizitata-na-pratenitsite-na-tramp,2026-09-05,regular,
1321625365,20260905,UKR,JPN,1041,10,-5.0,-5.44069640914037,https://nuclear-news.net/2026/09/05/3-b1-the-historical-fascists-are-preparing-to-take-their-revenge/,2026-09-05,regular,
1320854195,20260901,CHN,USA,100,10,-5.0,-2.96108291032149,https://us.cnn.com/2026/08/31/business/shein-hong-kong-ipo-intl-hnk,2026-09-01,regular,
1321154658,20260902,,USA,130,13,-4.4,-9.16030534351145,https://cbs12.com/news/nation-world/monterey-county-california-police-search-for-father-sergio-galvez-perez-accused-of-incest-after-daughters-newborn-baby-angelita-angel-spanish-found-dead-on-roadside-traumatic-injury-murder,2026-09-02,regular,
1321247150,20260903,IRN,RUS,180,18,-9.0,0.91284503368832,https://www.ynet.co.il/economy/article/s1zibqlogg,2026-09-03,regular,
1320899635,20260901,EGY,GBR,173,17,-5.0,-6.35451505016723,https://www.mirror.co.uk/news/uk-news/eman-el-shazly-egypt-prison-37613594,2026-09-01,regular,
1321037497,20260902,USA,,182,18,-9.5,-1.42348754448398,https://www.abccolumbia.com/2026/09/01/police-arrest-parents-of-5-year-old-girl-found-dead-in-georgetown-county/,2026-09-02,regular,
1321392210,20260904,USA,IRN,130,13,-4.4,-6.86149936467599,https://www.internazionale.it/ultime-notizie-reuters/2026/09/04/us-probes-iran-wedding-strike-that-analysis-shows-was-likely-direct-hit-by-us-munition,2026-09-04,regular,
1320677751,20260831,GBR,,172,17,-5.0,-7.66283524904214,https://www.dailyrecord.co.uk/news/scottish-news/nazi-sympathiser-unmasked-key-player-37609357,2026-08-31,regular,
1321058584,20260902,RUS,GBR,130,13,-4.4,-6.21074668527564,https://www.dailymail.com/news/article-16098149/Its-military-secret-Putin-taunts-Britain-possible-plan-target-UK-defence-plants-support-Ukraine.html,2026-09-02,regular,
1321106468,20260902,CAN,USA,173,17,-5.0,-5.94549958711808,https://www.cbc.ca/news/canada/edmonton/edmonton-orthodox-sex-assault-charge-9.7327807,2026-09-02,regular,
1321588637,20260905,SLV,USA,172,17,-5.0,-8.19672131147541,https://kesq.com/news/california/2026/09/04/five-arrested-in-crackdown-on-catalytic-converter-theft-ring/,2026-09-05,regular,
1321553470,20260904,,USA,173,17,-5.0,-4.7191011235955,https://www.fox10phoenix.com/news/arizona-man-nabbed-south-dakota-after-abducting-missing-wyoming-teen-he-groomed-online-cops,2026-09-04,regular,
1321214774,20260903,,USA,138,13,-7.0,-5.01212611156023,https://www.rte.ie/news/middle-east/2026/0902/1590107-trump-aides/,2026-09-03,regular,
1321473503,20260904,,EUR,130,13,-4.4,-0.46082949308756,https://www.jagran.com/news/national-belgian-pm-europe-ignored-indias-warning-on-trade-dependency-40362312.html,2026-09-04,regular,
