GLOBALEVENTID,SQLDATE,Actor1CountryCode,Actor2CountryCode,EventCode,EventRootCode,GoldsteinScale,AvgTone,SOURCEURL,date,sample_type,event_label
1026362304,20220203,USA,,130,13,-4.4,-2.65625,https://www.azcentral.com/story/news/politics/2022/01/10/tennessee-republicans-plan-split-nashville-5th-congressional-district/9160519002/,2022-02-03,regular,
1026480491,20220203,USA,,1712,17,-9.2,-2.9011786038078,https://www.msn.com/en-us/weather/topstories/growers-across-central-florida-still-assessing-damage-to-crops-from-weekend-freeze/ar-AATrvfM,2022-02-03,regular,
1082677303,20220131,,GBR,173,17,-5.0,-5.5944055944056,https://www.newsandstar.co.uk/news/23285538.carlisle-sex-offender-bought-teens-booze-made-sexual-suggestions/,2022-01-31,regular,
1026410027,20220203,GBR,,1821,18,-9.0,-5.91446769790719,https://www.dailymail.co.uk/news/article-10471697/Ex-Met-Police-chief-superintendent-says-Cressida-Dick-deserved-public-dressing-down.html,2022-02-03,regular,
1025981594,20220201,GBR,GBR,163,16,-8.0,-1.55038759689923,https://www.20minutes.fr/monde/3226907-20220201-conflit-ukraine-russie-visite-kiev-mardi-premier-ministre-britannique-boris-johnson,2022-02-01,regular,
1026225980,20220202,USA,,173,17,-5.0,-1.57551204141346,https://news.yahoo.com/pennsylvania-doctor-leg-amputated-sues-083411697.html,2022-02-02,regular,
1026156689,20220202,USA,,173,17,-5.0,-5.54899645808736,https://www.voanews.com/a/police-arrest-man-in-colorado-over-alleged-threats-to-ucla-/6422816.html,2022-02-02,regular,
1026023008,20220201,RUS,UKR,160,16,-4.0,-5.04,https://www.kurir.rs/planeta/3862093/burna-sednica-saveta-bezbednosti-o-ukrajini,2022-02-01,regular,
1026898013,20220206,BWA,USA,100,10,-5.0,-1.29032258064516,https://news.thevoicebw.com/has-sugar-tax-led-to-sweet-success-2/,2022-02-06,regular,
1026725589,20220205,USA,POL,154,15,-7.2,3.0,https://www.msn.com/en-us/news/us/250-iowa-national-guard-soldiers-part-of-routine-deployment-in-europe-amid-russian-tensions/ar-AATtFxD,2022-02-05,regular,
1026198339,20220202,GBR,UKR,138,13,-7.0,1.06761565836299,https://www.cotidianul.ro/blinken-lavrov-consecinte-severe/,2022-02-02,regular,
1026109895,20220201,RUS,,138,13,-7.0,-0.81466395112016,https://www.romaniatv.net/klaus-iohannis-a-discutat-cu-presedintele-ucrainei-despre-criza-din-regiune-sunt-inacceptabile-incercarile-de-recreare-a-unor-sfere-de-influenta_6198703.html,2022-02-01,regular,
1026864855,20220206,RUS,UKR,172,17,-5.0,-1.70940170940171,https://www.tvp.info/58356967/zagrozenie-na-wschodzie-niemcy-rozwazaja-wyslanie-dodatkowych-wojsk-na-litwe,2022-02-06,regular,
1026555334,20220204,CHN,,160,16,-4.0,-8.41750841750842,https://www.smh.com.au/business/markets/wall-street-s-big-bet-on-china-is-going-all-wrong-20220131-p59sg3.html,2022-02-04,regular,
1025921816,20220131,KOR,JPN,141,14,-6.5,-2.74725274725275,https://www.senenews.com/actualites/international/les-mines-de-sado-ravivent-les-tensions-entre-le-japon-et-la-coree-du-sud_384672.html,2022-01-31,regular,
1026904058,20220206,USA,,180,18,-9.0,3.79746835443038,https://www.greekherald.com/news/272272279/electromagnetic-aircraft-launch-system-to-bolster-us-allies-global-deterrence-posture-report,2022-02-06,regular,
1026728690,20220205,USA,,180,18,-9.0,-8.70279146141215,https://www.nvdaily.com/nvdaily/evidence-called-into-question-in-warren-county-sexual-assault-case/article_8987d799-f5cc-5eef-8d39-70b7402d5815.html,2022-02-05,regular,
1025807712,20220131,USA,,141,14,-6.5,-2.86320254506893,https://www.msn.com/en-us/news/crime/ganim-suspends-officers-investigating-lauren-smith-fields-brenda-lee-rawls-deaths/ar-AATjb3Z,2022-01-31,regular,
1026330581,20220202,MEX,USA,161,16,-4.0,-3.27102803738318,https://www.telemundodenver.com/tag/consulado-de-mexico-en-denver/,2022-02-02,regular,
1026147512,20220201,USA,,160,16,-4.0,-9.48905109489051,https://www.gwinnettdailypost.com/news/chicago-police-announce-hate-crime-charges-filed-in-weekend-synagogue-vandalism/article_d3c3f224-bd92-5462-8814-dc7566f2869c.html,2022-02-01,regular,
1025931780,20220131,,USA,173,17,-5.0,-7.56756756756757,https://www.fox13news.com/news/florida-department-of-law-enforcement-makes-arrest-in-temple-terrace,2022-01-31,regular,
1025809632,20220131,RUS,,154,15,-7.2,-1.82291666666666,https://www.rferl.org/a/canada-ukraine-russia-border/31679010.html,2022-01-31,regular,
1025992160,20220201,USA,,182,18,-9.5,-10.9677419354839,http://www.msn.com/en-us/news/crime/federal-prisons-on-lockdown-nationwide-after-two-inmates-in-texas-killed/ar-AATllDw,2022-02-01,regular,
1026171645,20220202,,USA,173,17,-5.0,-7.28682170542636,https://www.thehour.com/news/article/Louisiana-governor-denies-he-delayed-probe-in-16823775.php,2022-02-02,regular,
1026889319,20220206,RUS,UKR,172,17,-5.0,-2.21789883268482,https://www.bankingnews.gr/index.php?id=609769,2022-02-06,regular,
1026144514,20220201,USA,USA,100,10,-5.0,-7.72727272727272,https://www.sfgate.com/news/article/Judge-rejects-blocking-Indiana-online-school-16823360.php,2022-02-01,regular,
1025981734,20220201,KOR,USA,130,13,-4.4,0.47846889952153,https://zonapriangan.pikiran-rakyat.com/internasional/pr-463618574/korea-utara-meningkatkan-kemampuan-militer-tes-rudal-terbesar-terkonfirmasi-akurasinya,2022-02-01,regular,
1026522570,20220203,,CHN,180,18,-9.0,-2.27057710501419,https://www.bizpacreview.com/2022/02/03/reporter-puts-psaki-on-the-spot-about-optics-of-sending-americans-covid-tests-labeled-made-in-china-1196529/,2022-02-03,regular,
1031432107,20220131,,USA,173,17,-5.0,-4.28497302730431,https://news.yahoo.com/analysts-navy-bribery-trial-expose-163337681.html,2022-01-31,regular,
1026460731,20220203,DEU,,172,17,-5.0,-2.710027100271,https://24tv.ua/ru/zakrojut-korpunkt-deutsche-welle-rossii-hotjat-novosti-rossii_n1858770,2022-02-03,regular,
1026709935,20220205,,FRA,173,17,-5.0,-4.76190476190476,https://www.nola.com/news/crime_police/article_b6822d86-85fe-11ec-ab7f-13c17c649030.html,2022-02-05,regular,
1026141083,20220201,USA,BLR,100,10,-5.0,-5.09828788839568,https://www.dailymail.co.uk/news/article-10465611/Boris-mocked-East-West-Bidens-spokeswoman-makes-ambushed-cake-gag.html,2022-02-01,regular,
1026722053,20220205,USA,,1053,10,-5.0,-2.60416666666667,https://www.ruidosonews.com/story/news/local/2022/02/03/new-mexico-groups-pressure-biden-administration-crack-down-oil-and-gas-pollution/9241253002/,2022-02-05,regular,
1026433924,20220203,USA,,180,18,-9.0,-0.42662116040956,https://www.msn.com/en-us/news/us/dean-left-missouri-school-investigated-for-abuse-now-he-s-at-another-unlicensed-school/ar-AATqGA4,2022-02-03,regular,
1026271853,20220202,USA,,130,13,-4.4,-4.3859649122807,https://indiancountrytoday.com/the-press-pool/dropout-rates-for-montana-native-and-rural-schools-rose-in-2021,2022-02-02,regular,
1026180308,20220202,,USA,100,10,-5.0,-1.15874855156431,https://www.techdirt.com/articles/20190203/11584641518/federal-court-approves-reforms-targeting-chicago-police-department.shtml,2022-02-02,regular,
1025800758,20220131,USA,,180,18,-9.0,-4.33333333333333,https://www.digitalspy.com/tv/a38913891/trigger-point-episode-2-spoilers/,2022-01-31,regular,
1026352499,20220203,RUS,,130,13,-4.4,-1.28755364806867,https://www.producer.com/market_update/north-american-grain-oilseed-review-canola-mostly-higher-after-early-losses/,2022-02-03,regular,
1026350259,20220203,RUS,POL,100,10,-5.0,-2.93103448275862,https://diariodeavisos.elespanol.com/2022/02/guerra-y-paz/,2022-02-03,regular,
1026654407,20220204,USA,,173,17,-5.0,-6.63998231957371,https://www.sandiegouniontribune.com/news/nation-world/story/2022-02-04/2-miami-men-get-prison-time-for-stealing-medical-ventilators,2022-02-04,regular,
1026695138,20220204,USA,,173,17,-5.0,-5.2863436123348,https://www.wdef.com/nashville-d-a-issues-statement-on-pinkston-vs-wamp-accusations/,2022-02-04,regular,
1026560870,20220204,USA,,141,14,-6.5,-3.39425587467363,https://www.idsnews.com/article/2022/02/bloomington-climate-groups-pressure-iu-to-divest-from-fossil-fuels-create-action-plan,2022-02-04,regular,
1026665705,20220204,UKR,RUS,164,16,-7.0,-3.85470719051149,https://www.businessinsider.com/russias-strategy-of-disruption-is-much-bigger-than-ukraine-2022-2,2022-02-04,regular,
1026885337,20220206,RUS,,164,16,-7.0,-2.79329608938547,https://www.ksta.de/politik/newsblog-lambrecht-lehnt-waffenlieferung-an-ukraine-weiter-ab--39404154,2022-02-06,regular,
1026615066,20220204,,USA,173,17,-5.0,-5.08474576271186,https://www.jhnewsandguide.com/news/cops_courts/local/meth-production-case-heads-to-trial/article_2fb9d008-d396-5517-85b7-b29c201bcb72.html,2022-02-04,regular,
1026140844,20220201,USA,,172,17,-5.0,0.5599104143337,https://keyw.com/cant-get-pregnant-emotions-affirmations/,2022-02-01,regular,
1026543124,20220204,USA,USA,202,20,-10.0,-6.74157303370787,https://www.latimes.com/california/story/2022-02-03/federal-authoritie-charge-former-ucla-lecturer-with-threats,2022-02-04,regular,
1026276008,20220202,GBR,CHN,163,16,-8.0,-2.95081967213115,https://www.ittefaq.com.bd/488592/%E0%A6%AA%E0%A7%81%E0%A6%A4%E0%A6%BF%E0%A6%A8-%E0%A6%B6%E0%A6%BF-%E0%A6%B8%E0%A6%AE%E0%A7%8D%E0%A6%AA%E0%A6%B0%E0%A7%8D%E0%A6%95-%E0%A6%95%E0%A7%8B%E0%A6%A8-%E0%A6%A6%E0%A6%BF%E0%A6%95%E0%A7%87%C2%A0,2022-02-02,regular,
1026754897,20220205,PHL,RUS,182,18,-9.5,-1.67141236659954,https://www.chron.com/news/article/Fire-hits-Russian-Embassy-in-Manila-employees-16833805.php,2022-02-05,regular,
1026112589,20220201,,RUS,160,16,-4.0,-2.3993144815767,https://www.15min.lt/verslas/naujiena/finansai/belaruskalij-trasu-tranzitas-nutruko-kiek-praras-lietuva-ir-baltarusija-662-1636256,2022-02-01,regular,
1026370171,20220203,RUS,,1822,18,-9.0,-4.41176470588235,http://idrw.org/western-narrative-on-subhas-chandra-bose-suffers-from-poor-scholarship-revisionist-history-and-rank-hypocrisy/,2022-02-03,regular,
1025890131,20220131,USA,,171,17,-9.2,-0.18587360594795,https://www.cheatsheet.com/entertainment/elizabeth-taylor-learned-value-hollywood-telling-abusive-studio-head-hell.html,2022-01-31,regular,
1026245078,20220202,IRN,USA,173,17,-5.0,-3.9647577092511,https://www.washingtonpost.com/world/2022/02/02/iran-nuclear-deal-american-prisoners/,2022-02-02,regular,
1026748261,20220205,FRA,AFR,100,10,-5.0,-4.56140350877193,https://apnews.com/article/europe-africa-france-paris-mali-efe5ccf4a83f39ccb9e5298fb5a6564a,2022-02-05,regular,
1026645845,20220204,RUS,USA,138,13,-7.0,2.6369168356998,https://www.dn.se/sport/uigurisk-skidakare-tande-den-olympiska-elden/,2022-02-04,regular,
1025919887,20220131,USA,USA,173,17,-5.0,-4.9079754601227,https://abcnews.go.com/US/wireStory/death-row-inmate-now-parole-eligible-years-82583363,2022-01-31,regular,
1026774504,20220205,GBR,RUS,130,13,-4.4,-2.53903327181125,https://www.t-online.de/nachrichten/ausland/krisen/id_91521760/ukraine-krise-russland-verlegt-kampfjets-an-polnische-grenze.html,2022-02-05,regular,
1026610192,20220204,USA,,100,10,-5.0,-2.25118483412323,https://www.arkansasonline.com/news/2022/feb/04/us-hospitals-look-for-nurses-abroad-to-relieve/,2022-02-04,regular,
1026474288,20220203,GBR,RUS,173,17,-5.0,-2.6406429391504,https://financialpost.com/pmn/business-pmn/u-s-gas-diplomacy-wont-avert-price-spike-if-russian-supplies-interrupted-kemp,2022-02-03,regular,
1026275528,20220202,USA,USA,173,17,-5.0,-10.8009708737864,https://www.kpcnews.com/newssun/article_c07b9351-b905-5f49-a575-668d009af8b8.html,2022-02-02,regular,
1026481838,20220203,,USA,173,17,-5.0,-4.51436388508892,https://abovethelaw.com/2022/02/trumps-lolsuits-to-get-back-on-social-media-take-yet-another-hit/,2022-02-03,regular,
1027045637,20220131,,USA,173,17,-5.0,-8.89929742388757,https://www.dailyherald.com/news/20220207/brother-of-north-chicago-boy-found-dead-in-gary-last-month-seeks-to-defend-himself,2022-01-31,regular,
1025977736,20220201,USA,,138,13,-7.0,-4.26540284360189,http://www.capitalgazette.com/politics/bs-md-pol-men-charged-with-threatening-to-kill-biden-20220131-zz5jwjckbjdhpn26b4dcakzuh4-story.html,2022-02-01,regular,
1026891251,20220206,RUS,UKR,154,15,-7.2,-4.80549199084668,https://www.bignewsnetwork.com/news/272271984/ben--jerrys-tell-biden-to-put-russia-conflict-on-ice,2022-02-06,regular,
1026507648,20220203,USA,,172,17,-5.0,-4.34782608695652,https://www.nbcnews.com/nbc-out/out-news/lgbtq-book-ban-advocate-faces-felony-child-molestation-charge-missouri-rcna14763,2022-02-03,regular,
1025800429,20220131,WST,RUS,100,10,-5.0,-2.86738351254481,http://jordantimes.com/news/world/russia-says-it-wants-respectful-ties-us,2022-01-31,regular,
1026524659,20220203,USA,,141,14,-6.5,5.3781512605042,https://coloradonewsline.com/briefs/some-colorado-teens-can-participate-in-county-caucuses-and-assemblies-this-year/,2022-02-03,regular,
1025873910,20220131,HND,USA,130,13,-4.4,-2.65888456549936,https://www.msn.com/en-us/news/world/split-up-at-the-us-mexico-border-family-finally-reunites/ar-AATk5pD,2022-01-31,regular,
1026470750,20220203,DEU,DEU,172,17,-5.0,-1.88679245283019,https://www.noticiasaominuto.com/mundo/1925832/rssia-fecha-deutsche-welle-em-represlia-a-proibio-do-rt-na-alemanha,2022-02-03,regular,
1026585853,20220204,UKR,RUS,154,15,-7.2,-3.58974358974359,https://www.france24.com/en/europe/20220204-france-s-macron-to-meet-putin-and-zelensky-in-separate-talks-next-week,2022-02-04,regular,
1026736640,20220205,,USA,173,17,-5.0,-10.8695652173913,https://patriotla.iheart.com/content/2022-02-04-judge-refuses-to-release-alleged-quadruple-killer-on-his-own-recognizance/,2022-02-05,regular,
1026199905,20220202,USA,,130,13,-4.4,-10.6334841628959,https://www.williamsondailynews.com/news/drugs-money-and-an-intoxicated-teenager-found-during-traffic-stop/article_4643e88e-2b7e-5e2a-9912-d4b3f6583147.html,2022-02-02,regular,
1026260239,20220202,USA,,182,18,-9.5,0.27472527472528,https://www.news-daily.com/features/simon-cowell-rushed-to-hospital-after-another-bike-crash/article_758df558-8389-5ffd-8e0e-c5d754e95089.html,2022-02-02,regular,
1026138648,20220201,,USA,130,13,-4.4,-1.75913396481732,https://www.hawkcentral.com/story/news/health/2022/02/01/covid-cases-vaccines-mandates-winter-olympics-beijing/9292387002/,2022-02-01,regular,
1026776531,20220205,GBR,,181,18,-9.0,-5.46423811639271,https://listverse.com/2022/02/05/10-people-connected-to-ufos-who-met-very-suspicious-ends/,2022-02-05,regular,
1026558420,20220204,DEU,RUS,186,18,-10.0,-2.02247191011236,https://siouxcityjournal.com/opinion/columnists/pat-buchanan-nato----strategic-asset-or-liability/article_c40cb1af-a245-5786-a365-85742ef6bea9.html,2022-02-04,regular,
1026830088,20220206,,USA,141,14,-6.5,-0.73206442166911,https://www.wyomingpublicmedia.org/2022-02-05/missouris-health-director-resigns-after-protests-against-covid-19-restrictions,2022-02-06,regular,
1026722010,20220205,USA,USA,181,18,-9.0,-4.20841683366733,https://www.indystar.com/story/news/nation/2022/01/16/texas-synagogue-hostage-taker-british-citizen/6548680001/,2022-02-05,regular,
1026672254,20220204,RUS,UKR,150,15,-7.2,-2.38784370477569,https://talkingpointsmemo.com/muckraker/ukraine-minsk-agreements-maidan,2022-02-04,regular,
1025903437,20220131,USA,,143,14,-6.5,-3.47985347985348,https://www.clinicalleader.com/doc/realizing-the-promise-of-data-sharing-a-multi-stakeholder-collaboration-0003,2022-01-31,regular,
1025850983,20220131,RUS,,100,10,-5.0,-1.69491525423728,https://24tv.ua/ru/ssha-gotovy-davit-rossiju-sovbeze-oon-novosti-rossii-i-ukrainy_n1855138,2022-01-31,regular,
1026604786,20220204,GBR,AUS,180,18,-9.0,0.40871934604904,https://www.theguardian.com/australia-news/2022/feb/04/government-poised-to-act-on-findings-of-landmark-jenkins-review,2022-02-04,regular,
1026334352,20220202,UKR,RUS,141,14,-6.5,-2.34375,https://rs.n1info.com/svet/raste-strah-od-rata-u-evropi-bajden-salje-jos-vojnika-putin-kritikuje-sad/,2022-02-02,regular,
1025810315,20220131,RUS,,172,17,-5.0,-4.49544992735179,https://iz.ru/1284412/2022-01-31/rossiiane-otcenili-opasnost-volny-omikrona,2022-01-31,regular,
1026893157,20220206,USA,,180,18,-9.0,1.53284671532847,https://www.nbcbayarea.com/news/national-international/jackson-in-high-court-mix-traces-law-interest-to-preschool/2802572/,2022-02-06,regular,
1025956737,20220131,USA,,172,17,-5.0,-1.71149144254279,https://www.thestranger.com/slog/2022/01/31/65685422/washington-lawmakers-find-momentum-in-push-to-end-the-apartment-ban-and-build-more-homes,2022-01-31,regular,
1025927335,20220131,RUS,UKR,172,17,-5.0,-5.49828178694158,https://tvn24.pl/swiat/konflikt-rosja-ukraina-bialy-dom-rosja-wyslala-na-bialorus-5-tysiecy-zolnierzy-i-planuje-wiecej-5580930,2022-01-31,regular,
1026140010,20220201,RUS,RUS,154,15,-7.2,1.1461318051576,"https://wydarzenia.interia.pl/kraj/news-szef-polskiego-msz-rozmawial-z-blinkenem-stoltenbergiem-i-bo,nId,5806446",2022-02-01,regular,
1026069699,20220201,,USA,130,13,-4.4,-7.94930875576037,https://www.americanthinker.com/blog/2022/02/homeland_securitys_mayorkas_tells_foreign_nationals_its_ok_to_ignore_the_state_department.html,2022-02-01,regular,
1026849749,20220206,GBR,,152,15,-7.2,2.47933884297521,http://elsiglo.com.pa/espectaculos/republicanos-ponen-alerta-ocaso-reinado/24193455,2022-02-06,regular,
1025892294,20220131,USA,,153,15,-7.2,-3.35570469798658,https://hotair.com/headlines/2022/01/31/seattle-officials-drafted-plan-to-give-police-station-to-blm-group-n445207,2022-01-31,regular,
1026289570,20220202,RUS,RUS,150,15,-7.2,-0.54945054945055,https://www.washingtontimes.com/news/2022/feb/2/russia-troops-belarus-exercises-stay-until-least-f/,2022-02-02,regular,
1025929215,20220131,,USA,172,17,-5.0,-4.59770114942529,https://www.thecharlottepost.com/news/2022/01/31/local-state/rep.-alma-adams-calls-for-us-response-to-hbcu-bomb-threats/,2022-01-31,regular,
1026707552,20220204,USA,RUS,150,15,-7.2,-5.1912568306011,https://www.tvazteca.com/aztecanoticias/rusia-ucrania-chernobyl-zpm,2022-02-04,regular,
1026737868,20220205,RUS,UKR,138,13,-7.0,-7.89473684210528,https://www.scmp.com/news/world/europe/article/3165920/under-threat-russian-invasion-ukraine-forces-train-urban-warfare,2022-02-05,regular,
1026592611,20220204,EUR,RUS,130,13,-4.4,-1.9271948608137,https://www.eureporter.co/world/russia/2022/02/04/russia-and-hungary-stick-together-against-all-odds/,2022-02-04,regular,
1026809981,20220205,USA,,180,18,-9.0,-13.1782945736434,https://www.theadvocate.com/baton_rouge/news/crime_police/article_2c59b8ae-86b2-11ec-b5e4-1bf75fb25e0e.html,2022-02-05,regular,
1026470164,20220203,RUS,,172,17,-5.0,-4.88888888888889,https://www.dw.com/bs/rusija-zabranila-emitovanje-programa-deutsche-welle-a/a-60649497,2022-02-03,regular,
1026241406,20220202,,RUS,130,13,-4.4,-3.68098159509202,http://focus-news.net/news/2022/02/02/2932257/harvatskiyat-prezident-bez-rusiya-nyama-evropeyska-stabilnost.html,2022-02-02,regular,
1026597488,20220204,USA,SYR,1831,18,-10.0,-3.48837209302326,https://www.aljazeera.com/news/2022/2/4/abu-ibrahim-al-qurayshi-who-was-isil-killed-in-us-raid,2022-02-04,regular,
1030045241,20220224,RUS,USA,166,16,-7.0,-3.51328191945158,http://jyllands-posten.dk/international/europa/ECE13765456/praesident-vladimir-putin-har-sat-en-militaer-operation-i-gang-i-ukraine/,2022-02-24,targeted,Russia invades Ukraine
1029548820,20220222,RUS,,130,13,-4.4,-3.14666666666667,https://www.mdzol.com/mundo/2022/2/21/que-busca-putin-en-ucrania-otras-preguntas-sobre-la-crisis-con-rusia-223478.html,2022-02-22,targeted,Russia invades Ukraine
1029478733,20220221,USA,USA,182,18,-9.5,-8.7378640776699,https://www.cincinnati.com/story/news/crime/2022/02/21/cincinnati-police-investigate-death-man-found-shot-hawaiian-terrace/6877491001/,2022-02-21,targeted,Russia invades Ukraine
1030342296,20220225,GBR,RUS,130,13,-4.4,-5.76923076923077,https://www.msn.com/en-us/news/world/britain-s-spy-chief-claims-intelligence-win-on-putin-s-invasion-of-ukraine/ar-AAUi73G,2022-02-25,targeted,Russia invades Ukraine
1030542839,20220226,USA,UKR,163,16,-8.0,-9.27272727272728,https://www.humanrightsfirst.org/blog/targeted-sanctions-corrupt-and-abusive-russian-officials-what-civil-society-calling,2022-02-26,targeted,Russia invades Ukraine
1030108415,20220224,DEU,UKR,173,17,-5.0,-6.18301731244847,https://www.iodonna.it/news-eventi/2022/02/24/la-guerra-in-ucraina-e-iniziata-draghi-e-il-resto-del-mondo-attacco-ingiustificabile/,2022-02-24,targeted,Russia invades Ukraine
1029535947,20220222,USA,USA,173,17,-5.0,-8.91364902506966,https://www.shelbynews.com/news/state/indiana-appeals-court-affirms-convictions-in-schererville-child-s-murder/article_601fa114-48c4-578a-a0df-803d02493217.html,2022-02-22,targeted,Russia invades Ukraine
1029876410,20220223,USA,,1721,17,-5.0,-0.80160320641282,https://hitek.fr/actualite/the-batman-pingouin-sans-cigare_33420,2022-02-23,targeted,Russia invades Ukraine
1029691514,20220222,GBR,USA,180,18,-9.0,0.68965517241379,https://www.marieclaire.co.uk/royal-news/prince-andrew-move-to-america-766975,2022-02-22,targeted,Russia invades Ukraine
1030405118,20220225,RUS,GBR,163,16,-8.0,-2.39043824701196,https://www.thenational.scot/news/19952363.labour-youth-silenced-party-chiefs-ukraine-peace-calls/,2022-02-25,targeted,Russia invades Ukraine
1029703535,20220222,EUR,UKR,172,17,-5.0,-2.7972027972028,https://24tv.ua/yes-vvodit-sanktsiyi-proti-351-deputata-derzhdumi-shhe-27-osib_n1874734,2022-02-22,targeted,Russia invades Ukraine
1029708150,20220222,USA,CAN,173,17,-5.0,-9.9891422366992,https://www.castanet.net/news/World/360751/All-three-found-guilty-in-hate-crimes-trial-over-Arbery-murder,2022-02-22,targeted,Russia invades Ukraine
1029511324,20220221,RUS,,160,16,-4.0,-6.28571428571428,"https://wydarzenia.interia.pl/raporty/raport-ukraina-rosja/aktualnosci/news-usa-rosja-ma-liste-osob-do-zabicia,nId,5846478",2022-02-21,targeted,Russia invades Ukraine
1029575170,20220222,RUS,,163,16,-8.0,-2.10084033613445,https://bdnews24.com/world/2022/02/22/us-to-announce-sanctions-against-russia-tuesday-in-coordination-with-allies,2022-02-22,targeted,Russia invades Ukraine
1029753862,20220223,UKR,RUS,173,17,-5.0,-5.55555555555556,https://www.wsws.org/en/articles/2022/02/22/bols-f22.html,2022-02-23,targeted,Russia invades Ukraine
1029647744,20220222,RUS,,161,16,-4.0,-3.8023598820059,http://bwabtk.com/783273.html,2022-02-22,targeted,Russia invades Ukraine
1029664904,20220222,RUS,USA,163,16,-8.0,-2.77777777777778,https://tsn.ua/politika/ce-buv-lishe-pershiy-krok-ssha-rozshiryat-sankciyi-u-vidpovid-na-viznannya-rosiyeyu-ldnr-1984168.html,2022-02-22,targeted,Russia invades Ukraine
1030187275,20220224,CHN,RUS,138,13,-7.0,-5.79268292682927,https://oglobo.globo.com/mundo/biden-anuncia-sancoes-que-atingem-um-terco-dos-bancos-russos-diz-que-putin-sera-paria-internacional-25408445,2022-02-24,targeted,Russia invades Ukraine
1029820080,20220223,AUS,RUS,163,16,-8.0,-2.65567765567765,https://e24.no/internasjonal-oekonomi/i/7dM1dw/ukraina-krisen?pinnedEntry=581,2022-02-23,targeted,Russia invades Ukraine
1029380177,20220221,DEU,,160,16,-4.0,-4.62911321807027,https://www.azcentral.com/story/news/politics/2022/02/20/ukraine-russia-nato-crisis/6870850001/,2022-02-21,targeted,Russia invades Ukraine
1029905174,20220223,,USA,173,17,-5.0,-9.22330097087381,http://www.sun-sentinel.com/news/florida/fl-ne-serial-killings-conviction-florida-20220223-irosms4p6bftdepee2dovqeaje-story.html,2022-02-23,targeted,Russia invades Ukraine
1030755672,20220227,RUS,UKR,172,17,-5.0,-2.59617301176002,https://ria.ru/20220227/ukraina-1775408761.html,2022-02-27,targeted,Russia invades Ukraine
1030675542,20220227,RUS,UKR,180,18,-9.0,-6.13496932515337,https://www.tribunnews.com/internasional/2022/02/27/pejabat-ukraina-sebut-sekitar-3500-tentara-rusia-tewas-dan-terluka,2022-02-27,targeted,Russia invades Ukraine
1085902606,20220221,USA,,172,17,-5.0,-0.70422535211267,https://www.bnnbloomberg.ca/the-cheap-powerful-climate-fix-energy-companies-are-ignoring-1.1886150,2022-02-21,targeted,Russia invades Ukraine
1029701230,20220222,,RUS,163,16,-8.0,-6.41025641025641,https://russian.rt.com/world/news/966494-ek-pervyi-paket-sankcii,2022-02-22,targeted,Russia invades Ukraine
1030627571,20220226,,USA,182,18,-9.5,0.45638945233266,https://www.ketchikandailynews.com/news/waterfront/organizers-give-r2ak-update/article_62f95300-9734-11ec-944a-23c8742bfa4c.html,2022-02-26,targeted,Russia invades Ukraine
1030076800,20220224,LTU,RUS,154,15,-7.2,-4.54545454545455,https://news.err.ee/1608511004/lrt-lithuania-to-declare-state-of-emergency,2022-02-24,targeted,Russia invades Ukraine
1030927577,20220221,USA,UKR,161,16,-4.0,-6.26398210290828,https://www.bnnbloomberg.ca/law-firm-cuts-ties-with-russian-clients-as-sanctions-bite-1.1729914,2022-02-21,targeted,Russia invades Ukraine
1029979939,20220224,CHN,USA,130,13,-4.4,-4.82352941176471,https://www.msn.com/en-us/news/politics/justice-department-ends-trump-era-china-initiative-following-bias-concerns/ar-AAUdwaw,2022-02-24,targeted,Russia invades Ukraine
1030257947,20220225,USA,USA,130,13,-4.4,-3.74149659863945,https://www.wkms.org/government-politics/2022-02-24/breonna-taylors-family-members-say-they-were-kicked-out-of-hankison-trial-for-clothing-featuring,2022-02-25,targeted,Russia invades Ukraine
1030142084,20220224,USA,,163,16,-8.0,-3.33333333333333,https://www.offshore-technology.com/news/us-sanctions-nord-pipeline/,2022-02-24,targeted,Russia invades Ukraine
1029811064,20220223,,USA,173,17,-5.0,-7.40740740740741,https://www.abqjournal.com/2472813/raton-man-61-charged-with-sexual-assault-ex-alleged-incidents-star.html,2022-02-23,targeted,Russia invades Ukraine
1029472732,20220221,USA,RUS,130,13,-4.4,-6.53804930332262,https://www.rferl.org/a/ukraine-russia-evacuation-donbas-tensions/31714585.html,2022-02-21,targeted,Russia invades Ukraine
1030542590,20220226,RUS,UKR,141,14,-6.5,-4.95049504950495,https://www.cbsnews.com/newyork/news/times-square-russia-ukraine-protest/,2022-02-26,targeted,Russia invades Ukraine
1029394937,20220221,USA,,180,18,-9.0,-9.15032679738564,https://www.newstracklive.com/news/uttar-pradesh-muslim-mob-attacked-peoples-talking-on-hijab-in-kanpur-sc103-nu764-ta764-1493659-1.html,2022-02-21,targeted,Russia invades Ukraine
1030053623,20220224,UKR,USA,180,18,-9.0,-8.42105263157896,https://www.bns.lt/topic/1912/news/65772761/,2022-02-24,targeted,Russia invades Ukraine
1030307409,20220225,RUS,UKR,1712,17,-9.2,-5.20547945205479,http://www.kashmirtimes.com/newsdet.aspx?q=114064,2022-02-25,targeted,Russia invades Ukraine
1029984156,20220224,UKR,RUS,130,13,-4.4,-0.56818181818182,https://www.dailystar.co.uk/news/world-news/russian-soldiers-charm-offensive-flirty-26314775,2022-02-24,targeted,Russia invades Ukraine
1030354342,20220225,GBR,TWN,130,13,-4.4,-4.50450450450451,https://www.theguardian.com/world/2022/feb/25/of-course-i-worry-shockwaves-from-ukraine-reach-taiwan,2022-02-25,targeted,Russia invades Ukraine
1030321470,20220225,,RUS,1712,17,-9.2,-4.28571428571428,http://www.koreatimes.co.kr/www/tech/2022/02/779_324550.html,2022-02-25,targeted,Russia invades Ukraine
1030522258,20220226,RUS,,172,17,-5.0,-2.91909924937448,https://www.thehindu.com/news/national/worldview-with-suhasini-haidar-ukraine-crisis-can-india-keep-walking-the-balance/article65086588.ece,2022-02-26,targeted,Russia invades Ukraine
1030367189,20220225,GBR,GBR,160,16,-4.0,-1.03806228373703,https://www.marketwatch.com/story/uk-airlines-banned-from-using-russian-airspace-271645794971,2022-02-25,targeted,Russia invades Ukraine
1029729085,20220221,,RUS,163,16,-8.0,-3.1941031941032,https://www.eenews.net/articles/ukraine-invasion-germany-halts-nord-stream-energy-prices-up/,2022-02-21,targeted,Russia invades Ukraine
1030712901,20220227,RUS,RUS,154,15,-7.2,-0.54694621695534,https://www.ilgazzettino.it/mondo/ucraina_resistenza_guerra_russia_missili_javelin_quanti_soldati-6529319.html,2022-02-27,targeted,Russia invades Ukraine
1029851827,20220223,UKR,RUS,163,16,-8.0,-5.04807692307692,https://www.bbc.co.uk/news/world-europe-60490199,2022-02-23,targeted,Russia invades Ukraine
1030772338,20220227,UKR,RUS,141,14,-6.5,-9.55056179775281,https://telegrafi.com/qindra-mijera-njerez-ne-rruge-dhe-sheshe-protestat-sot-neper-kryeqytetet-e-evropes-kunder-agresionit-rus-ne-ukraine/,2022-02-27,targeted,Russia invades Ukraine
1030035300,20220224,UKR,RUS,130,13,-4.4,-5.05450941526263,https://www.dailymail.co.uk/news/article-10546015/Putin-wears-suit-tie-wore-two-days-ago-announcing-war-Ukraine.html,2022-02-24,targeted,Russia invades Ukraine
1029504734,20220221,FRA,,100,10,-5.0,-1.96721311475409,https://tsn.ua/ru/svit/putin-v-razgovore-s-makronom-i-sholcem-zayavil-o-namerenii-priznat-ldnr-1983205.html,2022-02-21,targeted,Russia invades Ukraine
1029640938,20220222,RUS,RUS,1312,13,-5.8,-4.81651376146789,https://www.oxfordmail.co.uk/news/national/uk-today/19942727.russia-ukraine-crisi-will-sanctions-russia-impact-uk/,2022-02-22,targeted,Russia invades Ukraine
1029982793,20220224,UKR,RUS,130,13,-4.4,-3.87858347386172,https://www.alayam.com/alayam/world/949008/News.html,2022-02-24,targeted,Russia invades Ukraine
1030483302,20220226,USA,,172,17,-5.0,0.53691275167785,https://www.azcentral.com/story/entertainment/life/2022/02/25/cdc-new-mask-guidance-arizona/6940146001/,2022-02-26,targeted,Russia invades Ukraine
1030252977,20220225,JPN,RUS,163,16,-8.0,-8.02469135802469,https://tsn.ua/ru/svit/yaponiya-prisoedinilas-k-sankciyam-protiv-rossii-za-voynu-v-ukraine-detali-1987513.html,2022-02-25,targeted,Russia invades Ukraine
1030464005,20220225,RUS,UKR,172,17,-5.0,-3.66953669536696,https://faktor.ba/vijest/zelenski-pristao-na-razgovore-s-putinom-napadi-na-kijev-sad-sankcionise-putina-i-lavrova/154824,2022-02-25,targeted,Russia invades Ukraine
1029658586,20220222,RUS,TUR,130,13,-4.4,-1.3215859030837,https://www.middleeastmonitor.com/20220222-erdogan-russias-recognition-is-clear-violation/,2022-02-22,targeted,Russia invades Ukraine
1030760573,20220227,USA,,173,17,-5.0,-5.92255125284738,https://www.stamfordadvocate.com/news/article/Louisiana-man-blows-kisses-at-sentencing-gets-16951070.php,2022-02-27,targeted,Russia invades Ukraine
1029450372,20220221,GBR,,172,17,-5.0,3.92390011890607,https://www.dailymail.co.uk/tvshowbiz/article-10535095/Coronation-Streets-Alexandra-Mardell-throws-star-studded-goodbye-party.html,2022-02-21,targeted,Russia invades Ukraine
1030614985,20220226,DEU,,173,17,-5.0,-8.91472868217056,http://www.msn.com/en-us/news/world/german-priest-sentenced-to-12-years-in-prison-for-sexually-abusing-children/ar-AAUlutl,2022-02-26,targeted,Russia invades Ukraine
1030223296,20220224,USA,,173,17,-5.0,-11.71875,https://www.kshb.com/news/crime/leavenworth-man-receives-sentence-for-killing-pedestrian-while-drag-racing-stolen-motorcycle,2022-02-24,targeted,Russia invades Ukraine
1029522133,20220221,RUS,,100,10,-5.0,-0.24875621890547,https://podrobnosti.ua/2439992-putin-posle-priznanija-ldnr-vvodit-vojska-na-okkupirovannyj-donbass.html,2022-02-21,targeted,Russia invades Ukraine
1029921296,20220223,RUS,UKR,1384,13,-7.0,-1.9047619047619,https://www.dagospia.com/rubrica-3/politica/trattato-come-cremlino-ministero-esteri-russo-trolla-luigino-300754.htm,2022-02-23,targeted,Russia invades Ukraine
1030050957,20220224,RUS,UKR,100,10,-5.0,-6.01503759398496,https://tayga.info/176224,2022-02-24,targeted,Russia invades Ukraine
1030725708,20220227,DNK,RUS,172,17,-5.0,-3.69230769230769,https://www.noticiasaominuto.com/mundo/1942519/zelensky-pede-intervencao-do-tribunal-penal-internacional-contra-moscovo,2022-02-27,targeted,Russia invades Ukraine
1030666056,20220227,UKR,RUS,160,16,-4.0,0.1841620626151,https://www.cbc.ca/news/canada/newfoundland-labrador/ukraine-rally-st-johns-nl-1.6366061,2022-02-27,targeted,Russia invades Ukraine
1030452863,20220225,USA,RUS,131,13,-5.8,-3.41296928327645,https://es.investing.com/news/economy/de-coalicion-contra-la-guerra-hablo-presidente-de-ucrania-con-joe-biden-2219607,2022-02-25,targeted,Russia invades Ukraine
1029466638,20220221,FRA,USA,173,17,-5.0,-8.86075949367089,https://www.kcci.com/article/police-say-ames-man-suffered-life-threatening-injuries-after-roommate-stabs-him/39145120,2022-02-21,targeted,Russia invades Ukraine
1029461830,20220221,,RUS,173,17,-5.0,-7.71028037383176,http://rapsinews.ru/judicial_news/20220221/307738338.html,2022-02-21,targeted,Russia invades Ukraine
1030479818,20220226,,RUS,163,16,-8.0,-2.39852398523985,https://www.diarioelnorte.com.ar/tensiones-entre-ee-uu-y-rusia-llegan-al-espacio-pero-la-iss-esta-a-salvo-por-ahora/,2022-02-26,targeted,Russia invades Ukraine
1030725300,20220227,UKR,RUS,100,10,-5.0,-6.11353711790393,https://www.dailyrecord.co.uk/news/uk-world-news/ukraine-island-guards-who-told-26340484,2022-02-27,targeted,Russia invades Ukraine
1030321167,20220225,UKR,RUS,1312,13,-5.8,-8.0,https://www.latribune.fr/depeches/reuters/KBN2KU0PK/ukraine-zelenski-juge-les-sanctions-contre-la-russie-insuffisantes.html,2022-02-25,targeted,Russia invades Ukraine
1030921851,20220221,EUR,RUS,172,17,-5.0,-5.249343832021,http://www.msn.com/en-us/news/world/russian-airline-aeroflot-violated-canada-s-ban-on-entering-its-airspace-on-sunday-regulator-says/ar-AAUpGji,2022-02-21,targeted,Russia invades Ukraine
1030332591,20220225,USA,RUS,163,16,-8.0,-4.66666666666667,https://www.702.co.za/articles/439725/nato-is-not-innocent-in-russian-ukraine-conflict-aubrey-masango,2022-02-25,targeted,Russia invades Ukraine
1029625328,20220222,UKR,RUS,161,16,-4.0,-1.23022847100176,https://www.haaretz.com/israel-news/tech-news/.premium-ukrainians-in-israeli-high-tech-firms-are-staying-put-1.10627155,2022-02-22,targeted,Russia invades Ukraine
1029980194,20220224,GBR,,173,17,-5.0,-6.36604774535809,https://www.theday.com/policefirecourts/20220223/fatal-overdose-in-montville-leads-to-arrest-in-east-lyme,2022-02-24,targeted,Russia invades Ukraine
1030236237,20220225,RUS,,141,14,-6.5,-4.65116279069768,https://www.aporrea.org/internacionales/n371782.html,2022-02-25,targeted,Russia invades Ukraine
1029961043,20220223,,RUS,173,17,-5.0,-4.15122312824314,https://www.dailymail.co.uk/news/article-10544573/MEGHAN-MCCAIN-father-John-McCain-warned-Putin-listened.html,2022-02-23,targeted,Russia invades Ukraine
1030512068,20220226,UKR,USA,154,15,-7.2,-5.86011342155009,https://www.batimes.com.ar/news/world/we-cannot-lose-kyiv-ukraine-battles-russian-troops-as-west-sanctions-putin.phtml,2022-02-26,targeted,Russia invades Ukraine
1030513682,20220226,RUS,THA,172,17,-5.0,-2.88288288288288,https://www.bangkokpost.com/business/2270387/tourism-operators-eye-ukraine-conflict-warily,2022-02-26,targeted,Russia invades Ukraine
1029925646,20220223,MEX,USA,141,14,-6.5,-6.50887573964497,https://www.plenglish.com/news/2022/02/23/mexican-president-accuses-us-of-acting-in-bad-faith/,2022-02-23,targeted,Russia invades Ukraine
1030727705,20220227,DEU,,172,17,-5.0,-2.3696682464455,https://www.dnoticias.pt/2022/2/27/298793-alemanha-fecha-hoje-espaco-aereo-a-avioes-russos/,2022-02-27,targeted,Russia invades Ukraine
1029915023,20220223,RUS,EUR,163,16,-8.0,-3.23886639676113,https://thetablet.org/pope-francis-calls-for-day-of-prayer-fasting-for-peace-in-ukraine/,2022-02-23,targeted,Russia invades Ukraine
1029913939,20220222,UKR,RUS,141,14,-6.5,-2.13068181818182,https://www.taipeitimes.com/News/front/archives/2022/02/24/2003773668,2022-02-22,targeted,Russia invades Ukraine
1029881085,20220223,RUS,RUS,150,15,-7.2,-1.38888888888889,https://bnr.bg/post/101605751/katar-pochti-e-nevazmojna-zamanata-v-evropa-na-ruskia-priroden-gaz,2022-02-23,targeted,Russia invades Ukraine
1029572600,20220222,CHN,RUS,130,13,-4.4,-6.08108108108108,https://newsinfo.inquirer.net/1558082/timeline-russias-stand-off-with-ukraine,2022-02-22,targeted,Russia invades Ukraine
1030530080,20220226,GBR,IRN,160,16,-4.0,-4.13793103448276,https://www.bssnews.net/news-flash/46995,2022-02-26,targeted,Russia invades Ukraine
1030616461,20220226,USA,,182,18,-9.5,-6.70391061452514,https://www.azcentral.com/story/news/local/phoenix-breaking/2022/02/26/man-found-dead-phoenix-home-trauma/6952006001/,2022-02-26,targeted,Russia invades Ukraine
1029387862,20220221,UKR,RUS,1312,13,-5.8,-3.25047801147227,https://www.businessinsider.in/international/news/russian-commanders-have-reportedly-received-orders-to-proceed-with-ukraine-invasion-according-to-us-intelligence/articleshow/89709815.cms,2022-02-21,targeted,Russia invades Ukraine
1029828759,20220223,,DEU,172,17,-5.0,-0.483299323380947,https://news.yahoo.com/climate-activists-try-block-access-085832524.html,2022-02-23,targeted,Russia invades Ukraine
1029684622,20220222,,USA,100,10,-5.0,0.16233766233766,https://frognews.bg/novini/ukrainetsat-igor-fedik-spetsialno-frog-prizrakat-voinata-donbas-putin-pogreba-minskite-sporazumeniia.html,2022-02-22,targeted,Russia invades Ukraine
1030107586,20220224,RUS,,163,16,-8.0,-3.1027466937945,https://www.msn.com/en-gb/news/world/uk-politics-live-boris-johnson-promises-massive-sanctions-after-russian-invasion-of-ukraine/ar-AAUeLPE,2022-02-24,targeted,Russia invades Ukraine
1030456922,20220225,RUS,UKR,172,17,-5.0,5.4054054054054,https://aristeguinoticias.com/2502/mexico/amlo-dispone-vuelo-especial-de-la-fuerza-aerea-mexicana-para-retorno-de-familias-mexicanas-que-huyen-de-ucrania/,2022-02-25,targeted,Russia invades Ukraine
1030688406,20220227,RUS,,130,13,-4.4,-1.74717368961973,https://www.mskagency.ru/materials/3192373,2022-02-27,targeted,Russia invades Ukraine
1029777769,20220223,UKR,RUS,161,16,-4.0,-2.58064516129032,https://www.prokerala.com/news/articles/a1250873.html,2022-02-23,targeted,Russia invades Ukraine
1030305267,20220225,FRA,WST,154,15,-7.2,3.77358490566037,https://www.themalaysianinsight.com/s/368601,2022-02-25,targeted,Russia invades Ukraine
1030222548,20220224,EUR,ISR,1056,10,-5.0,-8.35214446952596,https://www.presstv.ir/Detail/2022/02/24/677481/Palestine-East-al-Quds-Sheikh-Jarrah--Itamar-Ben-Gvir--Israel-,2022-02-24,targeted,Russia invades Ukraine
1029774273,20220223,,USA,100,10,-5.0,5.05952380952381,https://dailynexus.com/2022-02-22/chumash-heritage-national-marine-sanctuary-garners-public-support-for-official-designation/,2022-02-23,targeted,Russia invades Ukraine
1030509690,20220226,,USA,172,17,-5.0,-5.99700149925037,https://www.palestineherald.com/news/texas-supreme-court-hears-arguments-in-state-abortion-case/article_8d122370-96a2-11ec-999c-e39bd3d7bbd7.html,2022-02-26,targeted,Russia invades Ukraine
1030411400,20220225,USA,,100,10,-5.0,-5.90809628008753,https://www.kpcnews.com/news/state/article_ab5030f8-4b3e-5e44-80d9-e9b478d95b88.html,2022-02-25,targeted,Russia invades Ukraine
1032160380,20220227,,JPN,173,17,-5.0,-4.98338870431894,https://cardealermagazine.co.uk/publish/carlos-ghosn-plans-to-clear-his-name-following-greg-kellys-guilty-verdict/256722,2022-02-27,targeted,Russia invades Ukraine
1029708897,20220222,FRA,,160,16,-4.0,-0.17667844522968,https://www.theguardian.com/world/2022/feb/22/marine-le-pen-calls-off-events-and-appeals-for-mayors-endorsements,2022-02-22,targeted,Russia invades Ukraine
1030426151,20220225,,RUS,130,13,-4.4,-2.0297699594046,https://abc17news.com/news/2022/02/25/annexations-a-rump-state-or-puppet-rulers-heres-what-putin-may-be-planning-for-ukraine/,2022-02-25,targeted,Russia invades Ukraine
1031824703,20220304,RUS,RUS,1056,10,-5.0,-7.2972972972973,https://www.econotimes.com/Russia-Ukraine-conflict-UN-General-Assembly-demands-complete-Russian-troop-withdrawal-in-resolution-1628514,2022-03-04,regular,
1031059935,20220301,DEU,UKR,138,13,-7.0,-7.67263427109974,https://www.thenews.com.pk/print/937615-after-the-invasion,2022-03-01,regular,
1031640200,20220303,RUS,,130,13,-4.4,-3.32225913621262,https://www.naveenbharat.in/nuclear-war-not-in-the-minds-of-russians-moscows-sergei-lavrov-lashes-out-at-west/,2022-03-03,regular,
1032231175,20220306,,RUS,130,13,-4.4,-2.51450676982592,https://www.newsweek.com/ukraine-war-could-increase-some-international-air-fare-over-120-1685314,2022-03-06,regular,
1031079549,20220301,,RUS,130,13,-4.4,-7.55555555555556,https://www.kompas.com/global/read/2022/03/01/110000670/tangkal-misinformasi-twitter-akan-labeli-cuitan-yang-tertaut-ke-media,2022-03-01,regular,
1030897218,20220228,KOR,JPN,160,16,-4.0,-3.09278350515464,https://www.businesstravelnewseurope.com/Air-Travel/EU-to-ban-Russian-airlines-from-its-airspace,2022-02-28,regular,
1031035202,20220301,USA,,180,18,-9.0,-8.33333333333333,https://www.wtol.com/article/news/crime/sandusky-man-arrested-assaulting-customer-with-pizza-in-face/95-cd7b4c21-0a46-4584-ab50-dbb5c22fdc6a,2022-03-01,regular,
1031276291,20220302,,RUS,1056,10,-5.0,-4.02723344387499,https://www.kommersant.ru:443/doc/5238854,2022-03-02,regular,
1032001254,20220305,USA,,100,10,-5.0,-0.77243018419489,https://www.klcc.org/2022-03-04/democratic-rep-marty-wildes-lonely-crusade-against-his-own-party,2022-03-05,regular,
1031837706,20220304,RUS,UKR,138,13,-7.0,-4.01434113083343,https://www.infranken.de/ueberregional/ausland/ukraine-krieg-selenskyj-drei-anschlaegen-entgangen-warnungen-kamen-aus-russland-art-5395708,2022-03-04,regular,
1031036447,20220301,RUS,,160,16,-4.0,-3.03937370481234,https://nordeclair.sudinfo.be/914922/article/2022-02-28/la-situation-au-cinquieme-jour-de-guerre-en-ukraine,2022-03-01,regular,
1031910621,20220304,GBR,UKR,166,16,-7.0,-2.27400336889388,https://www.dailymail.co.uk/news/article-10578635/British-veteran-sniper-tells-wife-going-birdwatching-flying-Ukraine.html,2022-03-04,regular,
1031726152,20220303,USA,,172,17,-5.0,0.0,https://www.latimes.com/business/story/2022-03-03/universal-studios-hollywood-end-covid-mask-vaccine-requirements,2022-03-03,regular,
1031941813,20220304,RUS,,172,17,-5.0,-4.96760259179266,https://www.dailymail.co.uk/news/article-10579133/Ukraine-invasion-Russia-blocks-access-Facebook-146-million-citizens.html,2022-03-04,regular,
1031566381,20220303,,USA,154,15,-7.2,-1.9774011299435,"https://www.wnp.pl/rynki-zagraniczne/usa-kongresmen-dla-pap-musimy-ustanowic-stale-bazy-w-polsce-rumunii-i-panstwach-baltyckich,549067.html",2022-03-03,regular,
1031336794,20220302,RUS,THA,161,16,-4.0,-6.01092896174863,https://economie.hotnews.ro/stiri-finante_banci-25403724-eforturile-thailandei-revigorare-turismului-anulate-sanctiunile-asupra-rusiei.htm,2022-03-02,regular,
1031104915,20220301,USA,COL,173,17,-5.0,0.25962786672436,https://www.dailymail.co.uk/news/article-10563411/Cocaine-Cassie-Sainsbury-reunites-mother-South-America-ahead-wedding.html,2022-03-01,regular,
1031417632,20220302,,RUS,141,14,-6.5,-0.43290043290043,https://eurozpravy.cz/zahranicni/evropa/ruskou-kolonu-u-jaderne-elektrarny-zastavili-civiliste-vojaky-nepustili-dal.dc1b4de9/,2022-03-02,regular,
1031192367,20220301,,CHN,130,13,-4.4,0.2994011976048,https://www.insight.co.kr/news/384478,2022-03-01,regular,
1031705336,20220303,USA,,130,13,-4.4,-4.41527446300716,https://www.greatfallstribune.com/story/news/2022/03/03/montana-governor-greg-gianforte-kills-mountain-lion-yellowstone-park/65063332007/,2022-03-03,regular,
1031040644,20220301,UKR,EUR,138,13,-7.0,-4.32389937106919,https://arabi21.com/story/1421366/NYT-%D9%83%D9%84%D9%86%D8%A7-%D9%86%D8%B9%D9%8A%D8%B4-%D9%81%D9%8A-%D8%B9%D8%A7%D9%84%D9%85-%D9%81%D9%84%D8%A7%D8%AF%D9%8A%D9%85%D9%8A%D8%B1-%D8%A8%D9%88%D8%AA%D9%8A%D9%86-%D8%A7%D9%84%D8%A2%D9%86,2022-03-01,regular,
1031809652,20220304,BLR,EUR,141,14,-6.5,-5.96491228070175,https://www.npr.org/2021/05/25/1000008124/what-the-arrest-of-a-journalist-by-belarus-might-mean-for-the-rest-of-the-world,2022-03-04,regular,
1031860511,20220304,CHN,,172,17,-5.0,-0.0907441016333901,https://www.dw.com/en/national-peoples-congress-china-leadership-gathers-amid-economic-woes-ukraine-war/a-61004984,2022-03-04,regular,
1032233827,20220306,USA,RUS,160,16,-4.0,-2.76008492569003,https://glavred.info/world/american-express-priostanavlivaet-operacii-v-rossii-i-belarusi-10350671.html,2022-03-06,regular,
1030970547,20220228,USA,,173,17,-5.0,-3.96039603960396,https://plattevalley.newschannelnebraska.com/story/45970770/man-arrested-after-nance-county-pursuit,2022-02-28,regular,
1031139925,20220301,USA,RUS,160,16,-4.0,-1.18811881188119,https://thehill.com/homenews/administration/596229-biden-adopts-play-it-cool-strategy-with-putin,2022-03-01,regular,
1030873200,20220228,CAN,RUS,160,16,-4.0,-5.23321956769055,http://www.frontpagemag.com/fpm/2022/02/putin-places-russias-nuclear-forces-high-alert-joseph-klein/,2022-02-28,regular,
1031668346,20220303,USA,USA,173,17,-5.0,-5.02645502645503,https://www.msn.com/en-us/news/crime/russian-woman-illegally-imported-administered-botox-injections-homewood-police-say/ar-AAUz4NC,2022-03-03,regular,
1031610686,20220303,RUS,RUS,172,17,-5.0,-8.4026622296173,https://www.dw.com/ru/v-frg-rossijanin-obvinen-v-podgotovke-ubijstva-po-zakazu-rukovodstva-chechni/a-60998361,2022-03-03,regular,
1031101243,20220301,,RUS,163,16,-8.0,-2.24215246636772,https://www.cnnchile.com/pais/daniel-matamala-tenso-momento-ucrania-cuartel-policial-control-militares_20220301/,2022-03-01,regular,
1030896345,20220228,RUS,RUS,130,13,-4.4,-2.9520295202952,https://www.telegraf.rs/vesti/svet/3464492-koliko-nuklearnog-oruzja-ima-rusija-u-poredjenju-sa-sad-evropom-i-ostatkom-sveta,2022-02-28,regular,
1031469223,20220302,,USA,100,10,-5.0,0.0,https://www.medscape.com/viewarticle/969509,2022-03-02,regular,
1030972689,20220228,UKR,RUS,130,13,-4.4,-4.33566433566433,https://www.startribune.com/ukraine-seeks-to-join-eu-as-round-of-talks-with-russia-ends/600151322/,2022-02-28,regular,
1030837800,20220228,CAN,GBR,160,16,-4.0,-2.71604938271605,https://economictimes.indiatimes.com/industry/banking/finance/banking/indian-banks-await-government-orders-on-dealing-with-russian-lenders/articleshow/89882187.cms,2022-02-28,regular,
1031968678,20220305,DEU,RUS,1312,13,-5.8,-9.11392405063295,https://belarusinfocus.info/belarus-west-relations/the-west-imposes-new-sanctions-against-belarus-for-aggression-against-ukraine/,2022-03-05,regular,
1031431203,20220302,BLR,RUS,172,17,-5.0,0.50761421319797,https://news.finance.ua/ru/glava-nbu-prizval-zablokirovat-dlya-rossii-i-belarusi-ispol-zovanie-special-nyh-prav-zaimstvovaniya,2022-03-02,regular,
1031494729,20220302,CHN,,130,13,-4.4,-4.2489527229204,https://www.theepochtimes.com/with-ukraine-war-us-is-thrust-into-unprecedented-superpower-battle-with-china-and-russia_4312648.html,2022-03-02,regular,
1031816272,20220304,UKR,RUS,130,13,-4.4,-4.07407407407408,https://news.yahoo.com/ukraine-president-zelenskyy-survived-three-assassination-attempts-in-past-week-085255366.html,2022-03-04,regular,
1031186425,20220301,EUR,,161,16,-4.0,-2.37037037037037,https://www.dw.com/uk/na-sumshchyni-vidbuvsia-obmin-polonenymy/a-60959403,2022-03-01,regular,
1032150662,20220306,RUS,UKR,130,13,-4.4,-5.57491289198607,https://www.npr.org/2022/03/06/1084794295/putin-says-ukraines-future-is-in-doubt-as-cease-fires-collapse,2022-03-06,regular,
1031654976,20220303,JPN,RUS,160,16,-4.0,-4.90566037735849,https://www.europesun.com/news/272354843/japan-to-freeze-assets-of-russian-businessmen,2022-03-03,regular,
1031050961,20220301,RUS,,154,15,-7.2,-5.6420233463035,https://www.afr.com/world/europe/impatient-putin-may-demand-blitzkrieg-western-officials-fear-20220301-p5a0ka,2022-03-01,regular,
1031749791,20220304,RUS,,130,13,-4.4,0.15797788309636,https://www.ilmessaggero.it/italia/ucraina_italia_armi_ferme_razioni_k_cosa_succede_guerra-6540626.html,2022-03-04,regular,
1032869560,20220302,RUS,EUR,173,17,-5.0,-3.54638756223961,https://www.msn.com/en-gb/news/world/russia-ukraine-war-zelenskiy-warns-of-mass-humanitarian-catastrophe-without-no-fly-zone-%e2%80%93-live/ar-AAUONNV,2022-03-02,regular,
1031994657,20220305,RUS,,163,16,-8.0,-2.02702702702703,https://www.t-online.de/region/hamburg/news/id_91758246/hamburger-hafen-schiffe-von-russischen-oligarchen-sorgen-fuer-spekulationen.html,2022-03-05,regular,
1031235356,20220301,,USA,173,17,-5.0,-6.63900414937759,https://www.centralmaine.com/2022/03/01/man-identified-as-suspect-in-massachusetts-shooting-taken-into-custody-in-embden/,2022-03-01,regular,
1030928368,20220228,EUR,FRA,163,16,-8.0,-3.00480769230769,https://www.lawgazette.co.uk/commentary-and-opinion/russias-invasion-blaming-lawyer-enablers/5111666.article,2022-02-28,regular,
1030926624,20220228,FRA,,1383,13,-7.0,-1.47058823529411,https://www.ledauphine.com/societe/2022/02/28/nord-isere-ce-qu-il-faut-retenir-de-l-actualite-a-la-mi-journee-ce-lundi-28-fevrier,2022-02-28,regular,
1031683339,20220303,,USA,173,17,-5.0,-7.17131474103586,https://patch.com/new-york/merrick/man-arrested-elder-scam-claimed-victim-won-lottery-police,2022-03-03,regular,
1032132480,20220306,UKR,RUS,180,18,-9.0,-2.47116968698517,https://www.businessinsider.in/politics/world/news/gop-sens-rubio-daines-face-backlash-for-sharing-photos-of-zelensky-on-social-media-after-being-asked-to-protect-his-safety/articleshow/90022227.cms,2022-03-06,regular,
1031035249,20220301,USA,,180,18,-9.0,-11.5151515151515,https://www.wpsdlocal6.com/news/police-arrest-man-accused-of-murdering-former-kentucky-lawmakers-daughter/article_81a7e934-98a5-11ec-9d2c-ff1a7acdab8d.html,2022-03-01,regular,
1031369445,20220302,RUS,,161,16,-4.0,-3.84132563394427,https://www.ksta.de/politik/newsblog-kreml-will-atomkraftwerk-erobert-haben---nawalny-fordert-zum-widerstand-auf-39404154,2022-03-02,regular,
1031979723,20220305,UKR,CHN,100,10,-5.0,-3.72670807453416,https://www.newdelhitimes.com/chinas-legislature-to-meet-with-economy-ukraine-backdrop/,2022-03-05,regular,
1031164006,20220301,EUR,RUS,163,16,-8.0,-4.8582995951417,https://www.pinknews.co.uk/2022/03/01/ukraine-russia-war-lgbt-human-rights-nah-mir-center/,2022-03-01,regular,
1032061997,20220305,CHE,RUS,160,16,-4.0,-2.15827338129496,https://news.finance.ua/ru/shveycariya-zamorozila-kriptovalyutnye-aktivy-podsankcionnyh-oligarhov-priblizhennyh-k-putinu,2022-03-05,regular,
1031078902,20220301,NGA,USA,173,17,-5.0,-3.49483717235901,https://guardian.ng/opinion/that-tragic-abba-kyari-case/,2022-03-01,regular,
1030884814,20220228,UKR,RUS,100,10,-5.0,-3.72578241430701,https://noticias.uol.com.br/colunas/ronilso-pacheco/2022/02/28/os-vestigios-de-raca-e-extrema-direita-religiosa-de-uma-guerra.htm,2022-02-28,regular,
1031260499,20220301,,USA,160,16,-4.0,-2.11640211640212,https://noticiassin.com/mundo/aeroflot-anuncia-vuelos-a-mexico-y-republica-dominicana-para-repatriar-rusos-1238056,2022-03-01,regular,
1031575116,20220303,,RUS,160,16,-4.0,-5.96498571850684,http://www.1prime.biz/news/_US_slaps_full_blocking_sanctions_against_Russian_defense_complex/0/%7BA310066D-AA2A-4BA4-8BDF-795D8B129285%7D.uif,2022-03-03,regular,
1031524465,20220303,BLR,FRA,173,17,-5.0,-3.04878048780487,https://www.zazoom.it/2022-03-02/negoziati-ucraina-russia-su-cosa-si-tratta-cosa-chiedono-le-parti-e-quali-condizioni-per-il-cessate-il-fuoco/10449051/,2022-03-03,regular,
1031754829,20220304,USA,,172,17,-5.0,-5.03978779840849,https://www.kake.com/story/45999887/harvey-county-issues-burn-ban-seeing-an-increase-in-fires-this-year,2022-03-04,regular,
1030869933,20220228,USA,,100,10,-5.0,-7.24999999999997,https://www.kokomotribune.com/news/hoosiers-rally-against-bill-targeting-charitable-bail-organizations/article_e37b3b50-9677-11ec-876a-bbbdb86ef2f2.html,2022-02-28,regular,
1031774234,20220304,USA,RUS,163,16,-8.0,-5.42168674698795,https://www.oann.com/europes-largest-nuclear-power-plant-on-fire-after-russian-attack-says-local-mayor/,2022-03-04,regular,
1030991874,20220228,,RUS,163,16,-8.0,-2.22929936305733,https://abcnews.go.com/Business/wireStory/shell-pull-energy-investments-russia-war-83162404,2022-02-28,regular,
1030816753,20220228,RUS,UKR,141,14,-6.5,-10.1818181818182,https://www.nvdaily.com/associated_press_national/russians-hold-anti-war-rallies-amid-ominous-threats-by-putin/article_a1a1c294-ba2c-5467-8d6a-d18ac80d7b9a.html,2022-02-28,regular,
1031311835,20220302,,RUS,163,16,-8.0,-3.52941176470588,https://www.cbc.ca/news/canada/british-columbia/sanctions-russian-student-bc-university-financial-bind-1.6369364,2022-03-02,regular,
1031362862,20220302,,RUS,173,17,-5.0,-4.13793103448276,https://www.ross-shirejournal.co.uk/news/national/putin-has-no-limit-in-the-violence-he-will-use-defence-secretary-warns-42239/,2022-03-02,regular,
1087768181,20220304,GBR,,1821,18,-9.0,-8.75514813338647,https://www.liverpoolecho.co.uk/news/liverpool-news/87-paedophiles-rapists-perverts-parents-26183434,2022-03-04,regular,
1031498642,20220302,,USA,100,10,-5.0,-4.10065237651444,https://www.insideedition.com/charion-lockett-case-body-camera-footage-released-in-houston-police-shooting-of-27-year-old-black,2022-03-02,regular,
1031649834,20220303,RUS,UKR,163,16,-8.0,-3.48837209302325,https://www.rigzone.com/news/wire/opec_faces_reckoning_on_russia-03-mar-2022-168126-article/,2022-03-03,regular,
1032065343,20220305,RUS,GBR,172,17,-5.0,-4.05727923627685,https://www.prokerala.com/news/articles/a1254825.html,2022-03-05,regular,
1032029709,20220305,RUS,,154,15,-7.2,-3.87596899224806,https://www.businessinsider.com/ukraines-punisher-drones-hit-russian-troops-multiple-times-reports-2022-3,2022-03-05,regular,
1030836458,20220228,,RUS,130,13,-4.4,-2.88582183186951,https://www.dailymail.co.uk/news/article-10558499/US-Army-extending-deployment-4-000-troops-Europe-Putins-Ukraine-invasion.html,2022-02-28,regular,
1031266831,20220302,CAN,RUS,172,17,-5.0,-2.84360189573459,https://www.country1053.ca/2022/03/01/feds-announce-100m-in-humanitarian-aid-for-ukraine/,2022-03-02,regular,
1031975997,20220305,USA,,100,10,-5.0,-4.86486486486487,https://www.wtxl.com/news/florida-news/gov-desantis-issues-executive-order-to-combat-wildfires-in-bay-county,2022-03-05,regular,
1030916647,20220228,RUS,,1822,18,-9.0,-4.43037974683545,https://regnum.ru/news/3519614.html,2022-02-28,regular,
1031406030,20220302,DEU,,130,13,-4.4,-5.06566604127579,https://www.esquerda.net/artigo/combater-desinformacao-com-censura-e-um-erro-respondem-jornalistas/79672,2022-03-02,regular,
1031937880,20220304,TCD,USA,182,18,-9.5,-8.50722311396469,https://www.msn.com/en-us/news/crime/mcao-not-charging-chad-daybell-in-gilbert-shooting-charges-for-lori-vallow-daybell-still-under-review/ar-AAUCSD5,2022-03-04,regular,
1031476455,20220302,UKR,RUS,100,10,-5.0,-9.27152317880799,https://ua.korrespondent.net/ukraine/4453467-arestovych-zaklykav-cholovikiv-do-totalnoho-oporu-proty-zaharbnykiv,2022-03-02,regular,
1031064707,20220301,FRA,,160,16,-4.0,-7.5801749271137,https://www.phnompenhpost.com/international/putin-lays-out-conditions-russians-shell-ukrainian-city,2022-03-01,regular,
1031062257,20220301,,USA,173,17,-5.0,-5.47045951859957,https://www.argusleader.com/story/news/2022/02/28/south-dakota-senate-counties-kills-sales-tax-bill-fund-money-jails/9324233002/,2022-03-01,regular,
1031702931,20220303,USA,,173,17,-5.0,-12.4087591240876,https://www.2news.com/news/law-enforcement-arrest-2-convicted-sex-offenders-for-non-compliance/article_4901ce4e-9b23-11ec-915b-8306fd6643fa.html,2022-03-03,regular,
1031979959,20220305,USA,RUS,172,17,-5.0,-5.26315789473684,http://sunshinestatenews.com/florida-house-avoids-vote-ban-state-investments-russian-companies-3,2022-03-05,regular,
1031493355,20220302,RUS,,151,15,-7.2,-6.26631853785901,https://trib.com/news/national/sorting-fact-disinformation-amid-russian-war-on-ukraine/article_6d2776b6-21fb-5e41-827e-e2ece8ae75f5.html,2022-03-02,regular,
1032012326,20220305,,USA,173,17,-5.0,-7.99086757990867,https://www.fox7austin.com/news/man-accused-of-girlfriends-2017-murder-in-houston-then-fleeing-country-found-in-guatemala,2022-03-05,regular,
1031368260,20220302,NLD,RUS,161,16,-4.0,-3.84615384615385,https://sputniknews.com/20220302/kremlin-on-whether-nord-stream-2-is-dead-infrastructure-ready-to-operate-1093514525.html,2022-03-02,regular,
1031754896,20220304,USA,,173,17,-5.0,-3.76398779247202,https://sourcenm.com/2022/03/03/leaders-fighting-for-missing-or-murdered-indigenous-people-call-for-help-from-congress/,2022-03-04,regular,
1031196247,20220301,UKR,RUS,130,13,-4.4,-4.68299711815562,https://www.periodicocentral.mx/global/rusia-ataca-base-militar-en-okhtyrka-mata-a-mas-de-70-soldados-ucranianos/18797/,2022-03-01,regular,
1031597423,20220303,UKR,RUS,180,18,-9.0,-9.24092409240924,http://www.samaylive.com/international-news-in-hindi/453792/explosions-reported-in-kiev-as-russian-assault-continues.html,2022-03-03,regular,
1032030695,20220305,,GBR,173,17,-5.0,-9.04836193447737,https://www.manchestereveningnews.co.uk/news/uk-news/20-notorious-criminals-around-uk-23269571,2022-03-05,regular,
1030991781,20220228,GBR,RUS,172,17,-5.0,-2.35988200589971,https://menafn.com/1103777685/UK-to-freeze-all-Russian-banks-assets-bars-ships&source=140,2022-02-28,regular,
1031468791,20220302,RUS,MDA,138,13,-7.0,0.0,https://gazzettadelsud.it/articoli/mondo/2022/03/02/transnistria-in-moldavia-il-prossimo-obiettivo-di-putin-dopo-linvasione-dellucraina-654ecee3-0549-46b0-a3a9-da8cd93fc861/,2022-03-02,regular,
1032143915,20220306,RUS,BLR,141,14,-6.5,-2.67857142857143,https://www.defenseworld.net/news/31518,2022-03-06,regular,
1031807279,20220304,UKR,RUS,186,18,-10.0,-2.07792207792207,https://www.indiatvnews.com/news/world/russia-ukraine-war-united-states-senator-lindsey-graham-calls-for-vladimir-putin-assassination-russian-embassy-latest-international-news-updates-2022-03-04-762654,2022-03-04,regular,
1031755537,20220304,MDA,RUS,163,16,-8.0,-4.3859649122807,https://news.yam.md/ro/story/12837201,2022-03-04,regular,
1031661799,20220303,EUR,RUS,161,16,-4.0,-0.5050505050505,https://tass.ru/mezhdunarodnaya-panorama/13954469,2022-03-03,regular,
1031263826,20220301,RUS,USA,173,17,-5.0,-2.33766233766233,https://therealdeal.com/miami/2022/03/01/developer-vlad-doronin-distances-himself-from-russias-war-on-ukraine/,2022-03-01,regular,
1031619359,20220303,USA,RUS,180,18,-9.0,-3.95894428152493,https://www.itfglobal.org/en/news/itf-dockers-unite-against-putins-ukraine-invasion,2022-03-03,regular,
1032143321,20220306,UKR,RUS,180,18,-9.0,-6.0204081632653,https://www.fxempire.com/news/article/ukrainian-refugees-near-1-5-million-as-russian-assault-enters-11th-day-924600,2022-03-06,regular,
1031544065,20220303,,JPN,173,17,-5.0,-7.17131474103586,https://www.bbc.co.uk/news/business-60597994,2022-03-03,regular,
1034044321,20220315,UKR,RUS,100,10,-5.0,-1.56494522691705,https://www.stripes.com/theaters/us/2022-03-15/ukraine-russia-war-weapons-funding-biden-austin-nato-5356422.html,2022-03-15,targeted,Fed first rate hike since 2018
1034471677,20220317,AUT,RUS,141,14,-6.5,-2.88461538461538,https://www.lavozdegalicia.es/noticia/internacional/2022/03/17/arnold-schwarzeneggerrecordo-pasado-nazi-familia-dirigirse-soldados-rusos-quiero-esteis-rotos-padre-guerra-defender-rusia-guerra-ilegal/00031647536097018175175.htm,2022-03-17,targeted,Fed first rate hike since 2018
1034254097,20220316,GBR,,141,14,-6.5,-7.5187969924812,https://www.bbc.co.uk/news/uk-england-london-60766896,2022-03-16,targeted,Fed first rate hike since 2018
1034105474,20220316,,USA,173,17,-5.0,-5.60747663551402,https://www.msn.com/en-us/money/companies/californians-who-started-biopharma-firm-sentenced-for-stealing-trade-secrets/ar-AAV77mE,2022-03-16,targeted,Fed first rate hike since 2018
1034183843,20220316,,RUS,130,13,-4.4,-4.37710437710437,https://www.news247.gr/sunday-edition/o-amerikanos-poy-pisteyei-oti-i-dysi-eythynetai-gia-tin-eisvoli-stin-oykrania.9563089.html,2022-03-16,targeted,Fed first rate hike since 2018
1033961526,20220315,RUS,UKR,100,10,-5.0,-5.59701492537314,https://www.dw.com/fa-ir/%DA%A9%D8%A7%D9%87%D8%B4-%D8%AA%D9%88%D9%84%DB%8C%D8%AF-%D9%81%D9%88%D9%84%DA%A9%D8%B3-%D9%88%D8%A7%DA%AF%D9%86-%D8%AF%D8%B1-%D8%B1%D9%88%D8%B3%DB%8C%D9%87/a-61127518,2022-03-15,targeted,Fed first rate hike since 2018
1034602379,20220318,USA,,173,17,-5.0,-2.6578073089701,https://www.bizjournals.com/charlotte/news/2022/03/18/spring-lake-auditor-report.html,2022-03-18,targeted,Fed first rate hike since 2018
1033961038,20220315,GBR,,172,17,-5.0,-3.44827586206896,https://www.facenews.ua/news/2022/521965/,2022-03-15,targeted,Fed first rate hike since 2018
1033666111,20220314,,CHN,100,10,-5.0,-2.11038961038961,https://glavpost.com/v-mire/2022/03/14/rf-obratilas-k-kitau-za-voennoi-i-ekonomicheskoi-pomoshu-v-voine-protiv-ykrainy-nyt/,2022-03-14,targeted,Fed first rate hike since 2018
1034864076,20220320,GBR,GBR,130,13,-4.4,-2.01005025125628,https://www.chron.com/news/article/LO-LTIMO-Zelenksyy-suspende-partidos-17014660.php,2022-03-20,targeted,Fed first rate hike since 2018
1034329334,20220317,,USA,173,17,-5.0,-5.46282245827011,https://www.tribstar.com/news/local_news/new-incarceration-law-likely-wont-have-big-effect-in-vigo/article_2ec28568-9866-5019-88a2-d5d943388cbe.html,2022-03-17,targeted,Fed first rate hike since 2018
1034403109,20220317,MLI,FRA,172,17,-5.0,-6.66666666666667,http://mali-web.org/politique/mali-la-junte-dassimi-goita-suspend-rfi-et-france-24,2022-03-17,targeted,Fed first rate hike since 2018
1033835685,20220314,USA,,138,13,-7.0,-4.73815461346634,https://www.correio24horas.com.br/noticia/nid/iraniana-esfaqueia-americano-durante-o-sexo-em-vinganca-por-general-morto/,2022-03-14,targeted,Fed first rate hike since 2018
1033854939,20220315,RUS,UKR,1712,17,-9.2,-4.21179302045728,https://www.smh.com.au/world/europe/nowhere-to-retreat-inside-the-bunkers-on-ukraine-war-s-eastern-front-20220314-p5a4f5.html,2022-03-15,targeted,Fed first rate hike since 2018
1034241127,20220316,,USA,141,14,-6.5,-7.31707317073171,https://www.theadvertiser.com/story/news/2022/03/15/former-louisiana-state-police-head-no-coverup-ronald-greene-death/7045710001/,2022-03-16,targeted,Fed first rate hike since 2018
1034148662,20220316,USA,,101,10,-5.0,-2.97937356760886,https://www.usatoday.com/story/news/investigations/2022/03/16/facebook-marketplace-sale-recalled-items-outrage-lawmakers-rock-n-play/7038008001/,2022-03-16,targeted,Fed first rate hike since 2018
1034849416,20220320,RUS,UKR,138,13,-7.0,-1.86823992133726,https://www.sunjournal.com/2022/03/20/whats-nato-and-why-does-ukraine-want-to-join/,2022-03-20,targeted,Fed first rate hike since 2018
1034410423,20220317,ISR,GBR,173,17,-5.0,-3.16831683168316,https://www.telegraph.co.uk/news/2022/03/17/britain-paid-blood-money-secure-nazanin-zaghari-ratcliffes-release/,2022-03-17,targeted,Fed first rate hike since 2018
1034611304,20220318,EST,RUS,174,17,-5.0,-3.47222222222222,https://www.stamfordadvocate.com/business/article/Live-updates-Mayor-reports-several-missiles-hit-17010858.php,2022-03-18,targeted,Fed first rate hike since 2018
1033758928,20220314,USA,,172,17,-5.0,-7.65171503957783,https://www.unionrecorder.com/news/authorities-arrest-man-on-drug-traffic-charges/article_ddb64046-a38f-11ec-8904-1fd849d78423.html,2022-03-14,targeted,Fed first rate hike since 2018
1034535434,20220318,,USA,173,17,-5.0,-7.64331210191082,https://siouxcityjournal.com/weekender/siouxland-strange/article_aaf0d7c9-2eb0-5bc3-aa53-f64dd6e9669f.html,2022-03-18,targeted,Fed first rate hike since 2018
1034386716,20220317,RUS,JPN,172,17,-5.0,-3.2051282051282,https://www.armenpress.am/arm/news/1078140/,2022-03-17,targeted,Fed first rate hike since 2018
1034512346,20220318,WST,EUR,150,15,-7.2,-2.69058295964126,http://www.vindy.com/wire/?category=6&ID=175450,2022-03-18,targeted,Fed first rate hike since 2018
1034511182,20220318,USA,,173,17,-5.0,-11.214953271028,https://www.azcentral.com/story/news/local/arizona-breaking/2022/03/17/brian-lisanti-sentenced-thefts-recreation-lands-several-states/7081429001/,2022-03-18,targeted,Fed first rate hike since 2018
1034662229,20220318,,USA,173,17,-5.0,-5.6203605514316,https://www.ksl.com/article/50370681/agents-justified-shooting-at-fugitive-who-attempted-to-hit-them-with-car,2022-03-18,targeted,Fed first rate hike since 2018
1033830025,20220314,MEX,RUS,163,16,-8.0,-3.62903225806452,https://hoy.com.do/los-ultimos-acontecimientos-en-la-guerra-de-rusia-y-ucrania/,2022-03-14,targeted,Fed first rate hike since 2018
1034441755,20220317,ESP,RUS,174,17,-5.0,-2.94445342020945,https://www.wfmj.com/story/46088285/live-updates-us-earmarks-180m-for-baltic-nato-allies,2022-03-17,targeted,Fed first rate hike since 2018
1033987866,20220315,USA,,163,16,-8.0,-3.89221556886227,http://english.chinamil.com.cn/view/2022-03/15/content_10141079.htm,2022-03-15,targeted,Fed first rate hike since 2018
1034695504,20220318,CHN,,172,17,-5.0,-2.55591054313099,https://www.etftrends.com/emerging-markets-channel/emqqs-kevin-t-carter-on-china-there-is-no-immediate-delisting-threat/,2022-03-18,targeted,Fed first rate hike since 2018
1034223711,20220316,JPN,,172,17,-5.0,-5.76923076923077,https://www.calcalist.co.il/calcalistech/article/rkarvikzq,2022-03-16,targeted,Fed first rate hike since 2018
1034266047,20220316,USA,,173,17,-5.0,-5.71010248901904,"https://www.jamaicaobserver.com/latestnews/Jamaican_man_with_40_fake_IDs,_ganja_and_illegal_guns_gets_24_years_in_US_prison?profile=1607",2022-03-16,targeted,Fed first rate hike since 2018
1034299126,20220317,USA,CHN,172,17,-5.0,-3.41394556806978,https://www.bignewsnetwork.com/news/272396294/fcc-revokes-us-authorization-of-pacific-networks-chinese-telecom-firm,2022-03-17,targeted,Fed first rate hike since 2018
1034320478,20220317,RUS,SYR,172,17,-5.0,-4.66269841269841,https://blogs.timesofisrael.com/next-years-megillah/,2022-03-17,targeted,Fed first rate hike since 2018
1033813151,20220314,RUS,UKR,180,18,-9.0,-6.56146179401994,https://www.telegraph.co.uk/world-news/2022/03/14/ukraine-drone-strikes-russia-convoy-losing-ground-invasion/,2022-03-14,targeted,Fed first rate hike since 2018
1033646097,20220314,,USA,172,17,-5.0,-5.46021840873635,https://www.dailyrepublic.com/all-dr-news/wires/state-nation-world/missouri-anti-abortion-bill-sows-confusion-over-ectopic-pregnancies/,2022-03-14,targeted,Fed first rate hike since 2018
1034016415,20220315,USA,RUS,163,16,-8.0,-6.4406779661017,https://thehill.com/homenews/administration/598305-white-house-scoffs-at-russian-sanctions-of-us-officials,2022-03-15,targeted,Fed first rate hike since 2018
1034446588,20220317,USA,,130,13,-4.4,-11.4084507042254,https://nj1015.com/edison-child-predator-trapping/,2022-03-17,targeted,Fed first rate hike since 2018
1034304394,20220317,,RUS,183,18,-10.0,-6.82492581602374,https://primamedia.ru/news/1254332/,2022-03-17,targeted,Fed first rate hike since 2018
1033935192,20220315,,RUS,173,17,-5.0,-2.78810408921933,https://www.politico.com/newsletters/huddle/2022/03/15/fortenberry-faces-the-fire-00017258,2022-03-15,targeted,Fed first rate hike since 2018
1033798898,20220314,,GBR,1384,13,-7.0,-3.98818316100443,https://www.tnonline.com/20220314/u-s-neutrality-on-sending-planes-into-europe-mirrors-1939-40/,2022-03-14,targeted,Fed first rate hike since 2018
1034319822,20220317,,RUS,160,16,-4.0,-5.77777777777778,https://www.stuff.co.nz/world/europe/300543794/how-putins-war-on-ukraine-has-divided-russian-families,2022-03-17,targeted,Fed first rate hike since 2018
1033664700,20220314,RUS,RUS,1384,13,-7.0,-3.7,https://www.lavanguardia.com/internacional/20220314/8121972/misiles-25-kilometros-otan.html,2022-03-14,targeted,Fed first rate hike since 2018
1034058005,20220315,,USA,173,17,-5.0,-4.24028268551236,https://idahocapitalsun.com/2022/03/15/boise-hospital-lifts-lockdown-after-bundy-tells-followers-of-emergency/,2022-03-15,targeted,Fed first rate hike since 2018
1033912941,20220315,RUS,USA,172,17,-5.0,-4.31795878312071,https://alquds.com/2022/03/15/%D8%B3%D9%8A%D9%86%D8%A7%D8%B1%D9%8A%D9%88%D9%87%D8%A7%D8%AA-%D8%A7%D9%84%D8%AD%D8%B1%D8%A8-%D8%A7%D9%84%D8%A3%D9%88%D9%83%D8%B1%D8%A7%D9%86%D9%8A%D8%A9%E2%80%8E%E2%80%8E/,2022-03-15,targeted,Fed first rate hike since 2018
1034241441,20220316,UKR,USA,173,17,-5.0,-2.37483953786906,https://www.washingtonpost.com/business/2022/03/16/private-equity-regulation-gap/,2022-03-16,targeted,Fed first rate hike since 2018
1033839190,20220314,SYR,RUS,138,13,-7.0,-2.81124497991968,https://www.tribune.gr/world/news/article/807926/40-000-syroi-dilosan-ethelontes-gia-tin-oykrania-i-rosia-toys-thelei-gia-odomachies-kai-dynameis-katochis.html,2022-03-14,targeted,Fed first rate hike since 2018
1034476280,20220317,USA,,173,17,-5.0,-8.77862595419848,https://tucson.com/news/national/south-dakota-woman-gets-parole-in-1981-dead-infant-sentence/article_342f1870-235e-5780-8373-db5b87a2db05.html,2022-03-17,targeted,Fed first rate hike since 2018
1033882092,20220315,NMR,USA,100,10,-5.0,5.07518796992481,https://www.msn.com/en-us/tv/news/the-prom-musical-star-sinclair-mitchell-proposes-to-his-boyfriend-onstage-he-said-yes/ar-AAV3Iy9,2022-03-15,targeted,Fed first rate hike since 2018
1033840895,20220315,RUS,,161,16,-4.0,-2.60972716488731,https://www.msn.com/en-us/news/world/in-putins-vision-for-the-world-a-medieval-narrative-resurfaces/ar-AAV3iwn,2022-03-15,targeted,Fed first rate hike since 2018
1034816814,20220319,,RUS,163,16,-8.0,-5.82959641255605,https://www.cnnindonesia.com/internasional/20220319143949-134-773552/109-kereta-bayi-kosong-simbol-anak-anak-tewas-akibat-agresi-rusia,2022-03-19,targeted,Fed first rate hike since 2018
1034694865,20220318,USA,,180,18,-9.0,-5.97014925373134,https://www.providencejournal.com/story/news/crime/2022/03/18/providence-police-investigating-st-patricks-day-assault-outside-bar/7092756001/,2022-03-18,targeted,Fed first rate hike since 2018
1033722840,20220314,GBR,,172,17,-5.0,-8.15450643776826,https://www.coventrytelegraph.net/news/coventry-news/judge-tells-killer-anthony-russell-23365261,2022-03-14,targeted,Fed first rate hike since 2018
1033714670,20220314,GBR,UKR,163,16,-8.0,-4.10807665883353,https://lameuse.sudinfo.be/921669/article/2022-03-14/guerre-en-ukraine-toutes-les-informations-au-fil-de-la-journee-direct,2022-03-14,targeted,Fed first rate hike since 2018
1033831975,20220314,RUS,,163,16,-8.0,-4.02617010568697,https://www.blesk.cz/clanek/zpravy-valka-na-ukrajine/702030/online-rusove-pritvrzuji-ale-nepostupuji-zni-z-usa-a-slovaci-cekavaji-utok-v-uzhorodu.html,2022-03-14,targeted,Fed first rate hike since 2018
1034907842,20220320,UKR,RUS,1712,17,-9.2,-3.64963503649635,https://charter97.org/ru/news/2022/3/20/459917/,2022-03-20,targeted,Fed first rate hike since 2018
1033655023,20220314,RUS,,1712,17,-9.2,-1.91693290734824,https://www.cnn.com/europe/live-news/ukraine-russia-putin-news-03-13-22/h_025dcb1758c374a11f208c39d687f1b0,2022-03-14,targeted,Fed first rate hike since 2018
1034282879,20220316,UKR,RUS,130,13,-4.4,-5.85585585585585,https://timesofindia.indiatimes.com/world/europe/russia-ukraine-war-live-updates-16-march-2022/liveblog/90277814.cms,2022-03-16,targeted,Fed first rate hike since 2018
1034495348,20220317,UKR,USA,1044,10,-5.0,-3.94557823129252,https://menafn.com/1103870459/A-short-history-of-Ukrainian-nationalism-and-its-tumultuous-relationship-with-Russia&source=19,2022-03-17,targeted,Fed first rate hike since 2018
1034170328,20220316,USA,,172,17,-5.0,-2.14723926380368,https://vpm.org/news/articles/30513/vpm-daily-newscast-march-16-2022,2022-03-16,targeted,Fed first rate hike since 2018
1034504415,20220318,RUS,,138,13,-7.0,-5.30367835757057,https://www.wxxinews.org/npr-news/2022-03-17/putins-warning-to-anti-war-russians-evokes-stalinist-purges,2022-03-18,targeted,Fed first rate hike since 2018
1033754775,20220314,,GBR,100,10,-5.0,-6.76117775354416,https://www.middleeasteye.net/opinion/uk-labour-antisemitism-allegations-left-wing-jewish-members-targeted,2022-03-14,targeted,Fed first rate hike since 2018
1034775962,20220319,USA,,150,15,-7.2,-4.98281786941581,https://e24.no/internasjonal-oekonomi/i/0GxEJM/forsvaret-cold-response-fortsetter-som-planlagt-etter-flystyrten,2022-03-19,targeted,Fed first rate hike since 2018
1039159134,20220314,TUR,RUS,164,16,-7.0,-6.68449197860962,https://www.aa.com.tr/en/economy/oil-volatile-with-stalemate-in-russia-ukraine-talks-rise-in-demand-risks/2562452,2022-03-14,targeted,Fed first rate hike since 2018
1034205530,20220316,,GBR,130,13,-4.4,-1.85185185185185,https://www.countypress.co.uk/news/19997284.isle-wight-community-deaths-covid-cases-rise/,2022-03-16,targeted,Fed first rate hike since 2018
1034005851,20220315,RUS,,163,16,-8.0,0.46153846153846,"https://wydarzenia.interia.pl/raporty/raport-ukraina-rosja/aktualnosci/news-to-nie-pierwsza-wizyta-kaczynskiego-w-kijowie-ktorzy-polscy-,nId,5894262",2022-03-15,targeted,Fed first rate hike since 2018
1034862154,20220320,USA,RUS,130,13,-4.4,-1.74129353233831,https://elaph.com/Web/opinion/2022/03/1469078.html,2022-03-20,targeted,Fed first rate hike since 2018
1033731222,20220314,RUS,,180,18,-9.0,-2.76679841897233,https://www.dailyrecord.com/story/news/2022/03/08/ukraine-poland-crossing-the-border-discrimination/9409451002/,2022-03-14,targeted,Fed first rate hike since 2018
1034532674,20220318,RUS,,173,17,-5.0,-5.71428571428571,https://www.dw.com/en/ukraine-japan-australia-announce-further-russia-sanctions-live-updates/a-61168458,2022-03-18,targeted,Fed first rate hike since 2018
1034377579,20220317,USA,,1383,13,-7.0,-3.70370370370371,https://www.850wftl.com/congress-to-address-bomb-threats-at-historically-black-colleges/,2022-03-17,targeted,Fed first rate hike since 2018
1034446689,20220317,USA,ITA,173,17,-5.0,-6.77731673582296,https://www.nbcbayarea.com/news/national-international/italian-court-trims-jail-time-for-bay-area-men-in-officers-slaying/2840244/,2022-03-17,targeted,Fed first rate hike since 2018
1034598014,20220318,,CHN,130,13,-4.4,-7.40740740740741,https://www.10news.com/news/national/biden-to-meet-with-xi-friday-assess-where-china-stands-on-russian-invasion-of-ukraine,2022-03-18,targeted,Fed first rate hike since 2018
1034814267,20220319,JPN,ZWE,173,17,-5.0,-7.36543909348442,https://www.thezimbabwemail.com/law-crime/south-african-car-jackers-arrested-in-bulawayo/,2022-03-19,targeted,Fed first rate hike since 2018
1034947802,20220320,USA,RUS,130,13,-4.4,-2.92397660818714,https://russian.rt.com/world/news/978694-kitai-rossiya-podderzhka,2022-03-20,targeted,Fed first rate hike since 2018
1034482725,20220317,,USA,100,10,-5.0,0.81967213114755,https://www.thecentersquare.com/arizona/arizona-senate-passes-education-transparency-bill/article_24790b26-a633-11ec-bfcc-c3d06daa50f6.html,2022-03-17,targeted,Fed first rate hike since 2018
1034712276,20220319,USA,,173,17,-5.0,-11.4503816793893,https://www.msn.com/en-us/news/crime/wichita-men-found-guilty-for-role-in-drug-ring-ran-from-killers-oklahoma-prison-cell/ar-AAVf0Zn,2022-03-19,targeted,Fed first rate hike since 2018
1034810833,20220319,RUS,UKR,180,18,-9.0,-4.12517780938834,https://www.kwbu.org/latest-from-npr/2022-03-19/crowds-of-people-are-trying-to-leave-ukraine-as-russia-invades-from-all-sides,2022-03-19,targeted,Fed first rate hike since 2018
1033809120,20220314,RUS,BLR,154,15,-7.2,-2.94117647058823,https://www.msn.com/en-us/news/world/putins-strongman-ally-says-belarus-%e2%80%94-which-is-on-the-verge-of-a-default-%e2%80%94-can-help-russia-overcome-western-sanctions/ar-AAV2Vxa,2022-03-14,targeted,Fed first rate hike since 2018
1034569507,20220318,USA,USA,180,18,-9.0,-2.46103363412633,https://www.reflector.com/eedition/page-a1/page_6fd4f9ac-a2db-536e-9299-9ba733bae099.html,2022-03-18,targeted,Fed first rate hike since 2018
1034770868,20220319,,FRA,173,17,-5.0,-8.08080808080808,https://wbsm.com/former-mattapoisett-police-chief-not-guilty-of-drunk-driving/,2022-03-19,targeted,Fed first rate hike since 2018
1033706784,20220314,,CHN,130,13,-4.4,-4.37828371278459,https://www.vreme.com/kolumna/opoziciona-lutanja-sta-bi-sa-evropskom-unijom/,2022-03-14,targeted,Fed first rate hike since 2018
1033999193,20220315,USA,,138,13,-7.0,-6.86900958466454,https://www.usatoday.com/story/entertainment/movies/2022/03/15/evan-rachel-wood-accuses-marilyn-manson-drink-blood-phoenix-rising/6984690001/,2022-03-15,targeted,Fed first rate hike since 2018
1034033334,20220315,RUS,,140,14,-6.5,-6.3448275862069,https://www.stuff.co.nz/world/europe/300542108/russian-journalist-who-crashed-tv-broadcast-with-antiwar-message-fined-for-inciting-protests,2022-03-15,targeted,Fed first rate hike since 2018
1034126275,20220316,USA,,130,13,-4.4,-4.94915254237288,https://www.naturalnews.com/2022-03-15-child-died-of-cardiac-arrest-after-pfizer.html,2022-03-16,targeted,Fed first rate hike since 2018
1034057397,20220315,,CHN,130,13,-4.4,-5.38461538461539,https://www.naturalnews.com/2022-03-15-millions-fully-vaccinated-covid-suffering-excruciating-illnesses.html,2022-03-15,targeted,Fed first rate hike since 2018
1034246101,20220316,RUS,UKR,180,18,-9.0,-2.04692960559161,https://www.rtvslo.si/slovenija/kako-vojna-v-ukrajini-vpliva-na-slovensko-kmetijstvo-in-uvoz-zivilskih-izdelkov/615663,2022-03-16,targeted,Fed first rate hike since 2018
1034250925,20220316,ESP,RUS,173,17,-5.0,-5.10948905109489,https://shipandbunker.com/news/world/246114-spanish-authorities-seize-rosneft-ceo-igor-sechins-yacht,2022-03-16,targeted,Fed first rate hike since 2018
1033941436,20220315,RUS,AUS,180,18,-9.0,-3.2258064516129,https://www.punjabkesari.in/international/news/ukraine-crisis-live-russia-captures-kherson-20-killed-in-missile-attack-1564222,2022-03-15,targeted,Fed first rate hike since 2018
1034234660,20220316,RUS,UKR,1712,17,-9.2,-0.51020408163265,https://www.m24.ru/news/politika/16032022/441287,2022-03-16,targeted,Fed first rate hike since 2018
1033647082,20220314,RUS,UKR,100,10,-5.0,0.0,https://riafan.ru/22024511-Baiden_i_Makron_dogovorilis_ob_usilenii_sanktsii_v_otnoshenii_Rossii_,2022-03-14,targeted,Fed first rate hike since 2018
1034077347,20220316,RUS,,138,13,-7.0,-1.30841121495327,https://news.yahoo.com/nigerian-volunteer-fighting-ukraine-better-003307484.html,2022-03-16,targeted,Fed first rate hike since 2018
1033881135,20220315,CHN,,130,13,-4.4,-3.01932367149759,https://acento.com.do/bbc-news-mundo/rusia-y-ucrania-estados-unidos-advierte-a-china-que-no-apoye-a-rusia-9042972.html,2022-03-15,targeted,Fed first rate hike since 2018
1034304462,20220317,,RUS,161,16,-4.0,-3.11995696611081,https://it.globalvoices.org/2022/03/come-sta-reagendo-il-sud-est-asiatico-allinvasione-dellucraina/,2022-03-17,targeted,Fed first rate hike since 2018
1034798125,20220319,RUS,UKR,141,14,-6.5,-5.69620253164557,https://www.jpnn.com/news/3-negara-eks-uni-soviet-usir-diplomat-rusia,2022-03-19,targeted,Fed first rate hike since 2018
1034894650,20220320,BEL,FRA,173,17,-5.0,-4.9079754601227,https://www.jewishpress.com/indepth/part-xxii-the-riegner-telegram-how-it-evolved/2022/03/20/,2022-03-20,targeted,Fed first rate hike since 2018
1034936160,20220320,USA,,130,13,-4.4,-2.22772277227723,http://special.tass.ru/mezhdunarodnaya-panorama/14128945,2022-03-20,targeted,Fed first rate hike since 2018
1034827105,20220319,AUS,RUS,163,16,-8.0,-3.2934131736527,https://wkzo.com/2022/03/19/australia-bans-alumina-exports-to-russia-sources-coal-for-ukraine/,2022-03-19,targeted,Fed first rate hike since 2018
1033769975,20220314,,RUS,173,17,-5.0,-5.39419087136929,https://www.dw.com/bs/ruski-odgovor-na-sankcije/a-61121599,2022-03-14,targeted,Fed first rate hike since 2018
1033864885,20220315,,USA,172,17,-5.0,-5.54187192118227,https://www.theepochtimes.com/idaho-legislature-passes-texas-style-abortion-ban_4337505.html,2022-03-15,targeted,Fed first rate hike since 2018
1034304620,20220317,,RUS,173,17,-5.0,0.90293453724605,https://www.hani.co.kr/arti/international/europe/1035170.html,2022-03-17,targeted,Fed first rate hike since 2018
1089637194,20220316,USA,,173,17,-5.0,-4.44810543657331,https://www.stripes.com/branches/air_force/2023-03-16/airman-insider-attack-syria-acquitted-9512947.html,2022-03-16,targeted,Fed first rate hike since 2018
1037486243,20220403,USA,,173,17,-5.0,-8.60855441256091,https://www.wuwf.org/florida-news/2022-04-03/five-florida-inmates-are-indicted-on-voter-fraud-following-jailhouse-registration-drive,2022-04-03,regular,
1036603653,20220329,RUS,TUR,141,14,-6.5,0.53763440860215,https://gazeta.ua/articles/politics/_u-putina-ye-prichina-shukati-peremirya-chomu-rosiya-zagovorila-pro-uspihi-v-peregovorah/1079145,2022-03-29,regular,
1037141114,20220401,USA,USA,173,17,-5.0,-3.81818181818182,https://www.mondaq.com/unitedstates/fin-tech/1178190/nft-minters-arrested-in-alleged-frosties-utility-nft-scheme,2022-04-01,regular,
1036758569,20220330,RUS,GBR,172,17,-5.0,-1.43288084464555,https://www.msn.com/en-gb/money/other/sanctioned-or-not-russians-abroad-find-their-money-is-toxic/ar-AAVEwrS,2022-03-30,regular,
1036434774,20220328,USA,,173,17,-5.0,-4.04872805446077,https://www.nbcnews.com/politics/justice-department/biggest-fraud-generation-looting-covid-relief-program-known-ppp-n1279664,2022-03-28,regular,
1036786838,20220330,RUS,RUS,163,16,-8.0,-2.89855072463768,https://worldcrunch.com/in-the-news/russian-military-deescalation,2022-03-30,regular,
1036488845,20220329,GBR,,100,10,-5.0,0.19607843137255,https://www.irishtimes.com/business/british-legislative-plans-against-p-o-could-impact-irish-ferries-1.4838603,2022-03-29,regular,
1036568340,20220329,DEU,RUS,162,16,-5.6,-3.125,https://www.pravda.ru/news/economics/1694182-energoresursy/,2022-03-29,regular,
1037493675,20220403,RUS,UKR,100,10,-5.0,-13.1498470948012,https://ground.news/article/ukraine-demands-new-russia-sanctions-over-massacre_6271e3,2022-04-03,regular,
1037137218,20220401,RUS,UKR,100,10,-5.0,-3.55160932297447,https://gazzettadelsud.it/foto/mondo/2022/04/01/ucraina-i-russi-lasciano-chernobyl-ma-fanno-ostaggi-aut-aut-di-putin-sul-gas-oggi-negoziati-online-1a1aecfc-8f67-4fed-9f9c-746341d58364/,2022-04-01,regular,
1036599477,20220329,IRL,RUS,174,17,-5.0,-3.01369863013698,https://www.europe1.fr/international/ukraine-plusieurs-pays-europeens-expulsent-des-diplomates-russes-accuses-despionnage-4102536,2022-03-29,regular,
1037146212,20220401,RUS,UKR,138,13,-7.0,-3.97286821705426,https://www.la-croix.com/Ukraine-Zelensky-previent-armee-russe-repositionne-attaquer-Est-2022-04-01-1301208141,2022-04-01,regular,
1036506673,20220329,EUR,BLR,160,16,-4.0,0.9009009009009,https://interfax.com.ua/news/general/818915.html,2022-03-29,regular,
1036797545,20220330,GBR,,130,13,-4.4,-0.77399380804954,https://www.dailyrecord.co.uk/news/politics/nicola-sturgeon-covid-statement-glance-26593072,2022-03-30,regular,
1036721474,20220330,RUS,IRN,100,10,-5.0,-2.11038961038961,http://www.elpasoinc.com/meet-the-man-who-leaked-details-of-the-iran-deal/article_9cc7b2c6-a198-535a-a219-54c8920a9ef5.html,2022-03-30,regular,
1037071265,20220331,USA,UKR,172,17,-5.0,-2.27821011673152,https://kyma.com/news/military/russia-ukraine/2022/03/31/biden-says-us-still-looking-for-clear-answers-on-putins-next-moves-3/,2022-03-31,regular,
1037340954,20220402,,USA,142,14,-6.5,-1.42276422764228,https://www.messenger-inquirer.com/news/drawing-from-the-black-church-a-psychologist-pushes-to-reshape-mental-health-care/article_ee440aa5-c51d-55e2-a5d0-2ec0c7a841c3.html,2022-04-02,regular,
1037355720,20220402,ARG,GBR,1822,18,-9.0,-4.64285714285714,https://www.theguardian.com/world/2022/apr/02/argentina-falklands-veterans-day-of-sadness,2022-04-02,regular,
1037070427,20220331,GBR,ISR,181,18,-9.0,-9.01771336553945,https://www.algemeiner.com/2022/03/31/former-youtube-moderator-says-platform-ignores-legal-and-moral-responsibilities-to-remove-antisemitic-content/,2022-03-31,regular,
1037014926,20220331,UKR,DEU,138,13,-7.0,-3.64333652924257,https://www.christianpost.com:443/voices/russian-military-culminates-into-new-phase-in-ukraine.html,2022-03-31,regular,
1037444077,20220403,USA,RUS,138,13,-7.0,-2.17842323651452,https://adevarul.ro/international/europa/vise-poloneze-arme-nucleare-Si-nu-numai-1_624945c55163ec4271f78083/,2022-04-03,regular,
1036860252,20220330,,USA,173,17,-5.0,-5.37634408602151,https://www.msn.com/en-us/news/crime/belleville-man-shot-his-girlfriend-then-took-her-to-the-hospital-police-say/ar-AAVGQng,2022-03-30,regular,
1037410506,20220403,UKR,RUS,100,10,-5.0,-4.23131170662906,https://www.antigojournal.com/news/national/live-updates-zelenskyy-troops-shell-retreating-russians/article_97f8806c-ac22-589a-a303-16fdad05f208.html,2022-04-03,regular,
1036884979,20220331,GBR,RUS,1312,13,-5.8,-4.53084832904885,https://www.ncnewsonline.com/news/national/live-updates-un-chief-wants-ukraine-humanitarian-cease-fire/article_54e22dd6-d96e-59cf-acc9-8447c233da08.html,2022-03-31,regular,
1036278071,20220328,RUS,,163,16,-8.0,-3.16639741518578,https://www.aporrea.org/actualidad/a311105.html,2022-03-28,regular,
1036344306,20220328,,FRA,180,18,-9.0,-6.17021276595744,https://www.capital.gr/diethni/3624164/israil-i-astunomia-sunelabe-6-upoptous-meta-tin-epithesi-sti-xantera,2022-03-28,regular,
1036411659,20220328,RUS,UKR,172,17,-5.0,-2.44420828905419,https://www.albawaba.com/news/zelensky-ukraine-can-adopt-non-nuclear-status-help-end-war-1471502,2022-03-28,regular,
1036752268,20220330,RUS,UKR,161,16,-4.0,-6.7131937520771,http://www.msn.com/en-us/news/world/9-big-questions-about-russia-s-war-in-ukraine-answered/ar-AAVEZGh,2022-03-30,regular,
1037284989,20220402,NLD,RUS,163,16,-8.0,-5.52147239263803,https://www.jpnn.com/news/tolak-permintaan-ukraina-belanda-ternyata-kecanduan-produk-rusia,2022-04-02,regular,
1036672262,20220330,UKR,RUS,138,13,-7.0,-4.7008547008547,https://www.ttela.se/nyheter/v%C3%A4rlden/h%C3%A5rda-strider-rapporteras-utanf%C3%B6r-kiev-1.68860833,2022-03-30,regular,
1037133175,20220401,,RUS,181,18,-9.0,-0.49191848208011,http://www.msn.com/de-de/nachrichten/politik/kiew-wirft-russland-diebstahl-von-hilfslieferungen-vor/ar-AAVJIpg,2022-04-01,regular,
1037392508,20220402,ITA,RUS,1711,17,-9.2,-4.36507936507936,https://ansabrasil.com.br/brasil/noticias/italia/noticias/2022/04/02/italia-confisca-iate-de-russo-avaliado-em-33-milhoes-de-euros_ea2e5091-2a5e-4c76-8acf-6219701fbf80.html,2022-04-02,regular,
1037118813,20220401,USA,,130,13,-4.4,-5.60821484992102,https://bdnews24.com/world/europe/2022/04/01/more-mixed-signals-from-russia-as-ukraine-war-enters-sixth-week,2022-04-01,regular,
1036414247,20220328,USA,,180,18,-9.0,-9.30232558139536,https://www.shorenewsnetwork.com/2022/03/28/former-bath-county-deputy-sheriff-sentenced-to-25-years-for-production-of-child-pornography/,2022-03-28,regular,
1036261871,20220328,RUS,UKR,172,17,-5.0,-3.39285714285714,https://www.mediaite.com/news/kremlin-reportedly-shut-down-zelensky-interview-with-independent-russian-journalists/,2022-03-28,regular,
1036965833,20220331,,USA,160,16,-4.0,-3.19099014547161,https://www.theday.com/nationworld-news/20220331/red-cross-ready-for-mariupol-evacuation-friday,2022-03-31,regular,
1036604664,20220329,UKR,RUS,1822,18,-9.0,0.623052959501559,https://www.libertatea.ro/stiri/granicerul-ucrainean-de-pe-insula-serpilor-care-a-spus-nava-ruseasca-du-te-dracului-a-fost-decorat-dupa-ce-s-a-intors-acasa-4058325,2022-03-29,regular,
1036853069,20220330,USA,,172,17,-5.0,2.60869565217392,https://watermarkonline.com/tag/silicon-valley/,2022-03-30,regular,
1037051382,20220331,RUS,RUS,160,16,-4.0,-0.66889632107023,http://bwabtk.com/885912.html,2022-03-31,regular,
1037493842,20220403,USA,MMR,145,14,-7.5,-2.15285252960172,https://www.dailymail.co.uk/news/article-10681517/Yale-Museum-turns-13-artifacts-worth-1m-art-looting-investigation.html,2022-04-03,regular,
1036633254,20220329,USA,,172,17,-5.0,-0.30534351145038,https://www.thedickinsonpress.com/opinion/columns/port-democratic-npl-nominee-for-attorney-general-failed-the-bar-exam-at-least-four-times,2022-03-29,regular,
1036985380,20220331,RUS,,100,10,-5.0,-2.85087719298246,https://ria.ru/20220331/infbezopasnost-1781097066.html,2022-03-31,regular,
1037155823,20220401,,RUS,100,10,-5.0,-1.61290322580645,https://frognews.bg/novini/stoltenberg-ruskite-sili-pregrupirat-podgotviat-ataka.html,2022-04-01,regular,
1036598818,20220329,USA,,1712,17,-9.2,-6.72566371681416,http://www.msn.com/en-us/weather/topstories/wildfire-outbreak-is-likely-today-across-texas-oklahoma-and-kansas/ar-AAVD8ON,2022-03-29,regular,
1036965886,20220331,POL,USA,160,16,-4.0,-4.6943231441048,https://chippewa.com/lifestyles/health-med-fit/first-lady-jill-biden-visits-st-jude-meets-ukrainian-kids/article_ed4e9a9a-76a1-5d8b-be37-f12880b5c52e.html,2022-03-31,regular,
1036930868,20220331,UKR,DEU,1312,13,-5.8,-5.01672240802675,https://news.obozrevatel.com/economics/analytics-and-forecasts/es-prigotovil-novyie-sanktsii-protiv-rossii-ih-masshtab-budet-zaviset-ot-ugroz-putina.htm,2022-03-31,regular,
1037319468,20220402,RUS,,163,16,-8.0,3.57142857142857,https://news.yam.md/ro/story/12946962,2022-04-02,regular,
1037332375,20220402,FRA,,173,17,-5.0,-16.426282051282,https://www.bdtonline.com/news/tazewell-county-warrants-april-2-2022/article_3de12f0c-b1dd-11ec-abe9-1b226d577165.html,2022-04-02,regular,
1036614333,20220329,USA,USA,173,17,-5.0,-7.60869565217391,https://www.al-monitor.com/originals/2022/03/ex-hostages-relatives-seek-accountability-beatles-trial,2022-03-29,regular,
1037318293,20220402,,USA,180,18,-9.0,-11.9003115264798,https://www.myplainview.com/news/crime/article/Crime-Reports-Suspect-took-Vienna-Sausage-rice-17052439.php,2022-04-02,regular,
1092335102,20220330,USA,,130,13,-4.4,-3.57142857142857,https://hotair.com/headlines/2023/03/30/do-you-want-more-clean-energy-or-more-toad-protecting-legislation-n540381,2022-03-30,regular,
1036411112,20220328,,USA,172,17,-5.0,-3.02197802197803,https://www.npr.org/2022/03/28/1089221657/dont-say-gay-florida-desantis,2022-03-28,regular,
1037309243,20220402,RUS,,138,13,-7.0,-3.66886171213546,https://www.glasamerike.net/a/6511379.html,2022-04-02,regular,
1036960018,20220331,GBR,,173,17,-5.0,-3.0808729139923,https://newrepublic.com/article/165911/mikhail-khodorkovsky-interview-russian-oligarch-putin-regime-end,2022-03-31,regular,
1036277518,20220328,RUS,USA,173,17,-5.0,3.47826086956522,https://www.azcentral.com/story/entertainment/movies/billgoodykoontz/2022/03/27/arizonas-troy-kotsur-wins-best-supporting-actor-oscar-coda/7172979001/,2022-03-28,regular,
1037420049,20220403,,RUS,130,13,-4.4,-1.40845070422536,https://www.opinion.com.bo/articulo/guerra-en-ucrania/eeuu-entrega-ucrania-material-protegerse-ataques-armas-quimicas/20220402203209861425.html,2022-04-03,regular,
1036349813,20220328,,USA,130,13,-4.4,-8.51851851851851,https://www.fox5atlanta.com/news/atlanta-heroin-dealer-gets-over-15-years-for-selling-drugs-that-killed-student,2022-03-28,regular,
1036606749,20220329,AZE,RUS,152,15,-7.2,-1.60642570281124,https://www.metronews.ru:443/novosti/russia/reviews/nagornyy-karabah-stal-delom-principa-1908510/,2022-03-29,regular,
1037246262,20220401,USA,,1821,18,-9.0,-11.1876075731498,https://www.komu.com/news/midmissourinews/fulton-man-found-guilty-in-2019-death-of-nathan-pritchett-jr/article_f12b4d56-b1b8-11ec-80c8-8b400a80a52e.html,2022-04-01,regular,
1036750898,20220330,USA,,173,17,-5.0,-5.19877675840979,https://www.thailandnews.net/news/272435432/us-congressman-fortenberry-resigns-after-convicted-of-lying-to-fbi,2022-03-30,regular,
1037221284,20220401,USA,,180,18,-9.0,-4.81283422459893,https://www.sfgate.com/news/article/Nurse-aide-at-Ohio-Veterans-Home-accused-of-17051170.php,2022-04-01,regular,
1037063913,20220331,UKR,RUS,100,10,-5.0,-3.32927324401137,https://www.dailymail.co.uk/news/article-10673965/Chernobyl-site-control-Ukrainians-Russian-forces-withdraw.html,2022-03-31,regular,
1037372027,20220402,,GBR,173,17,-5.0,-10.5263157894737,https://www.theguardian.com/uk-news/2022/apr/02/man-arrested-woman-stabbing-east-london,2022-04-02,regular,
1037053074,20220331,USA,,100,10,-5.0,1.27041742286751,http://www.baltimoresun.com/education/bs-md-coppin-philadelphia-tuition-surprise-20220331-y4ljsh7zjzhrxhhye2y7rm6mki-story.html,2022-03-31,regular,
1036883271,20220331,USA,,141,14,-6.5,-3.38541666666666,https://www.msn.com/en-us/news/crime/families-of-crime-victims-head-to-illinois-capital-to-plead-for-more-support-and-alternatives-to-traditional-law-and-order-methods/ar-AAVH0Ac,2022-03-31,regular,
1037421768,20220403,USA,,100,10,-5.0,4.11663807890223,https://www.digitaljournal.com/life/hong-kong-based-chef-gets-first-michelin-star-for-venezuela/article,2022-04-03,regular,
1036675627,20220330,RUS,,172,17,-5.0,-4.84261501210654,https://www.blisty.cz/art/107620-ukrajina-zvlastnosti-pripravy-cecenskych-ozbrojencu-z-nich-delaji-neefektivni-vojaky.html,2022-03-30,regular,
1036414863,20220328,NOR,RUS,150,15,-7.2,-1.71875,https://www.dw.com/bg/%D0%BD%D0%BE%D1%80%D0%B2%D0%B5%D0%B3%D0%B8%D1%8F-%D0%BE%D0%BF%D0%B0%D1%81%D0%BD%D0%BE-%D0%B1%D0%BB%D0%B8%D0%B7%D0%BE-%D0%B4%D0%BE-%D1%80%D1%83%D1%81%D0%B8%D1%8F/a-61282732,2022-03-28,regular,
1037366417,20220402,GBR,RUS,163,16,-8.0,-1.96078431372549,https://www.ndtv.com/india-news/infosys-shifting-services-from-russia-amid-uk-minister-rishi-sunak-row-report-2859042,2022-04-02,regular,
1036909344,20220331,UKR,RUS,130,13,-4.4,-0.89686098654709,https://www.noticierovenevision.net/noticias/economia/diputado-andres-mendez-destaca-reactivacion-de-la-economia-nacional,2022-03-31,regular,
1092058161,20220329,GBR,,180,18,-9.0,-5.82120582120582,https://www.thenational.scot/news/23421479.police-drop-sexual-assault-investigation-ex-tory-mp-julian-knight/,2022-03-29,regular,
1037125210,20220401,HUN,RUS,130,13,-4.4,-2.06659012629162,https://www.kurir.rs/planeta/3903435/pregovor-rusije-i-ukrajine-u-istanbulu,2022-04-01,regular,
1037151109,20220401,EUR,RUS,139,13,-7.0,-5.8252427184466,https://www.capital.ro/se-termina-razboiul-europa-e-in-stare-de-soc-rusia-a-luat-decizia.html,2022-04-01,regular,
1037159715,20220401,,USA,1822,18,-9.0,-5.5992141453831,https://americanfreepress.net/u-s-torture-continues-despite-global-outrage/,2022-04-01,regular,
1037065903,20220331,USA,,173,17,-5.0,-5.85241730279898,https://www.deadlinedetroit.com/articles/30221/whitmer_kidnap_case_jurors_hear_summations_friday_after_just_1_defendant_testifies,2022-03-31,regular,
1036633185,20220329,USA,,130,13,-4.4,-2.33644859813084,https://www.wvnews.com/statejournal/news/wvnews/national-weather-service-issues-red-flag-warning-for-areas-of-west-virginia-for-wednesday/article_33212aa4-af8f-11ec-92b4-4bfb61752652.html,2022-03-29,regular,
1037361821,20220402,RUS,,141,14,-6.5,1.07066381156317,https://www.parlamentnilisty.cz/politika/politici-volicum/Ministr-Rakusan-S-pomoci-nevahame-ani-minutu-697892,2022-04-02,regular,
1037038389,20220331,USA,,130,13,-4.4,-1.74165457184325,https://www.heraldtribune.com/story/news/2022/03/31/weekly-covid-cases-rise-palm-beach-county-florida-first-time-months/7230846001/,2022-03-31,regular,
1036590823,20220329,EUR,RUS,174,17,-5.0,-1.85185185185185,https://www.oranews.tv/bota/vendet-evropiane-debojne-diplomatet-ruse-dhe-oficeret-e-inteligjences-i1035950,2022-03-29,regular,
1037020072,20220331,USA,,182,18,-9.5,-13.1868131868132,https://patch.com/delaware/across-de/mom-daughter-accused-killing-13-year-old-arrested-delaware,2022-03-31,regular,
1037108782,20220401,USA,USA,173,17,-5.0,-9.40766550522651,https://www.ktvb.com/article/news/crime/boise-man-arrested-indecent-exposure-possession-controlled-substance/277-ca0acf9c-3a71-415b-9d8a-983b4ded8ae2,2022-04-01,regular,
1036336063,20220328,RUS,,152,15,-7.2,-3.90977443609022,http://www.kasparov.ru/material.php?id=6241525895CAD,2022-03-28,regular,
1036506431,20220329,,GBR,130,13,-4.4,-5.0,https://www.tsf.pt/mundo/inundacoes-na-australia-causam-pelo-menos-dois-mortos-e-milhares-de-deslocados-14722882.html,2022-03-29,regular,
1037362765,20220402,,FRA,173,17,-5.0,4.05679513184584,https://www.dailymail.co.uk/tvshowbiz/article-10679073/Holly-Ramsay-shares-adorable-snap-brother-Oscar-play-snow-France.html,2022-04-02,regular,
1036443610,20220328,USA,,173,17,-5.0,-10.0574712643678,https://www.wgrz.com/article/news/crime/cheektowaga-woman-arraigned-allegedly-selling-fake-vaccine-cards-undercover-troopers-covid-19-kaiyah-heinrich/71-df5378f8-62a0-4d91-bff2-45e150858716,2022-03-28,regular,
1037395849,20220402,USA,,173,17,-5.0,-8.89830508474577,https://www.nbcdfw.com/news/local/texas-news/3rd-person-arrested-in-texas-deputys-fatal-shooting/2930659/,2022-04-02,regular,
1036363225,20220328,RUS,,160,16,-4.0,-3.94736842105263,https://www.wprost.pl/polityka/10669660/pis-chce-odwolac-marszalka-grodzkiego-nic-wiecej-niz-pyskowka-z-tego-nie-wyjdzie.html,2022-03-28,regular,
1037031836,20220331,RUS,,130,13,-4.4,-5.6,https://noticialdia.com/2022/03/ee-uu-advierte-que-rusia-podria-usar-su-cooperacion-militar-con-venezuela-para-exportar-el-conflicto-ucraniano-en-america/,2022-03-31,regular,
1036399508,20220328,DEU,RUS,172,17,-5.0,-3.4746086292478,https://www.dw.com/en/ukraine-zelenskyy-urges-olaf-scholz-to-raise-pressure-on-russia-live-updates/a-61276033,2022-03-28,regular,
1037198387,20220401,,USA,173,17,-5.0,-7.94117647058821,https://www.kxly.com/i/ethiopian-journalist-accredited-to-ap-is-released-on-bail/,2022-04-01,regular,
1036797163,20220330,,USA,180,18,-9.0,-10.8459869848156,https://www.9news.com/article/news/investigations/blame/opening-statements-1984-hammer-attack-patricia-smith/73-f14b0c60-2ef6-4c2d-92fc-a4fa3f10dc0d,2022-03-30,regular,
1037264205,20220401,,USA,173,17,-5.0,-6.46766169154229,https://bethesdamagazine.com/bethesda-beat/courts/silver-spring-man-ordered-to-serve-40-years-in-prison-for-killing-wife/,2022-04-01,regular,
1036401182,20220328,GBR,,173,17,-5.0,-2.04498977505113,https://www.dailyrecord.co.uk/news/scottish-news/grangemouth-shopkeeper-caught-selling-cannabis-26577440,2022-03-28,regular,
1093252472,20220403,USA,,173,17,-5.0,-2.84495021337127,https://svinews.com/wyoming-house-speaker-issues-statement-regarding-social-media-post/,2022-04-03,regular,
1037398773,20220402,,USA,173,17,-5.0,-4.25844346549192,https://www.mirror.co.uk/news/us-news/judge-refuses-shorten-jail-term-26621753,2022-04-02,regular,
1036796782,20220330,RUS,,185,18,-8.0,-4.80167014613778,https://www.sciencesetavenir.fr/fondamental/conflit-en-ukraine-les-armes-chimiques-au-coeur-d-une-guerre-de-l-information_162552,2022-03-30,regular,
1036432918,20220328,USA,,180,18,-9.0,-9.4059405940594,https://wtop.com/fairfax-county/2022/03/fairfax-co-jury-finds-woman-guilty-of-killing-mother-and-sister/,2022-03-28,regular,
1037274415,20220401,GBR,,173,17,-5.0,-8.30721003134791,https://www.fox35orlando.com/news/ghislaine-maxwells-request-for-retrial-denied-by-judge,2022-04-01,regular,
1037137350,20220401,USA,,160,16,-4.0,-13.7254901960784,https://www.voaindonesia.com/a/china-umumkan-pembatasan-visa-terhadap-pejabat-as/6510722.html,2022-04-01,regular,
1037339609,20220402,RUS,,1721,17,-5.0,-3.92156862745098,https://www.epp.eu/news/fact-checking-day-fighting-disinformation,2022-04-02,regular,
1042003059,20220430,RUS,EUR,162,16,-5.6,-2.0979020979021,https://fedpress.ru/news/77/policy/2987191,2022-04-30,regular,
1041960652,20220430,USA,,144,14,-7.5,-7.46268656716417,https://www.azcentral.com/story/news/local/phoenix-traffic/2022/04/29/crash-sr-51-shuts-down-lanes-near-thomas-road/9589791002/,2022-04-30,regular,
1041683543,20220428,USA,RUS,173,17,-5.0,0.28653295128939,https://www.middleeastmonitor.com/20220428-us-russia-thank-turkiye-for-its-role-in-prisoner-swap-deal/,2022-04-28,regular,
1042166926,20220501,USA,,182,18,-9.5,-6.31229235880399,https://menafn.com/1104141208/Kansas-Tornado-Generated-165-Mph-Winds-As-It-Destroyed-Homes&source=19,2022-05-01,regular,
1041760812,20220428,RUS,SWE,180,18,-9.0,2.29508196721311,https://www.ensonhaber.com/dunya/stoltenberg-isvec-ve-finlandiya-natoya-hizla-katilabilir,2022-04-28,regular,
1041278538,20220426,GBR,RUS,166,16,-7.0,-1.00502512562814,https://www.buzz.ie/news/coal-fossil-fuel-popularity-increased-26799911,2022-04-26,regular,
1041954025,20220429,GBR,,173,17,-5.0,-2.93663060278208,https://www.dailymail.co.uk/news/article-10769291/Pharmacies-cash-HRT-shortages-charging-desperate-women-EIGHT-times-NHS-price.html,2022-04-29,regular,
1041209373,20220426,,RUS,186,18,-10.0,-7.47663551401869,https://kiev.vgorode.ua/news/sobytyia/a1204326-kak-v-seti-otreahirovali-na-novost-o-poimke-killerov-soloveva,2022-04-26,regular,
1041753645,20220428,DEU,,173,17,-5.0,-6.45994832041344,https://www.derwesten.de/region/nrw-mord-tot-tod-claudia-otto-detlef-m-festnahme-lohmar-strafe-id235180117.html,2022-04-28,regular,
1041656449,20220428,GBR,,154,15,-7.2,-3.5677879714577,https://www.mirror.co.uk/news/uk-news/inside-creepy-abandoned-war-hospital-26818909,2022-04-28,regular,
1041089693,20220425,AUS,CHN,138,13,-7.0,-3.38235294117647,https://www.sott.net/article/467109-Australias-Defence-Minister-claims-China-could-launch-chemical-attack-on-capital-city,2022-04-25,regular,
1041505942,20220427,USA,,134,13,-5.8,-8.14558058925476,https://patch.com/california/berkeley/uc-berkeley-lockdown-suspect-idd-report,2022-04-27,regular,
1041394440,20220427,,RUS,172,17,-5.0,-5.5764491028004,https://www.bfm.ru/news/498655,2022-04-27,regular,
1042062228,20220430,GBR,GBR,173,17,-5.0,-7.31707317073171,https://www.wcvb.com/article/wcvb-50-moments-british-nanny-louise-woodward-goes-free/39868304,2022-04-30,regular,
1041217192,20220426,,RUS,180,18,-9.0,-5.60747663551402,https://www.merdeka.com/dunia/cegah-kiriman-senjata-ke-ukraina-rusia-bom-rel-kereta.html,2022-04-26,regular,
1041336937,20220426,POL,RUS,130,13,-4.4,-3.06983883346125,https://web.de/magazine/politik/russland-krieg-ukraine/ukraine-krieg-news-ticker-russland-stellt-gaslieferungen-polen-36757878,2022-04-26,regular,
1041026029,20220425,RUS,SVK,161,16,-4.0,-2.6775753068055,https://edition.cnn.com/europe/live-news/russia-ukraine-war-news-04-25-22/,2022-04-25,regular,
1041547769,20220427,,USA,173,17,-5.0,-4.96364119067816,https://abcnews.go.com/US/protesters-shut-city-meeting-demanding-justice-patrick-lyoya/story?id=84343199,2022-04-27,regular,
1041947185,20220429,USA,USA,172,17,-5.0,-8.45070422535211,https://www.abccolumbia.com/2022/04/29/oklahoma-legislature-passes-abortion-ban-bill-similar-to-texas-law/,2022-04-29,regular,
1041092558,20220425,,RUS,152,15,-7.2,-1.45631067961165,https://www.vedomosti.ru/society/news/2022/04/25/919609-v-sankt-peterburge-zakrilos-konsulstvo-estonii,2022-04-25,regular,
1041107945,20220425,GBR,,173,17,-5.0,-10.3280680437424,https://www.investigativeproject.org/9165/uk-de-radicalization-program-continues-to-flounder,2022-04-25,regular,
1041247742,20220426,UKR,RUS,1384,13,-7.0,1.70940170940171,http://special.tass.ru/mezhdunarodnaya-panorama/14476031,2022-04-26,regular,
1041612821,20220428,RUS,,180,18,-9.0,-1.13636363636363,https://menafn.com/1104099376/International-partners-express-willingness-to-continue-to-assist-Ukraine-NBU&source=138,2022-04-28,regular,
1041805902,20220429,USA,,172,17,-5.0,-4.29042904290429,https://www.theday.com/nationworld-news/20220429/fda-issues-plan-to-ban-menthol-in-cigarettes-cigars,2022-04-29,regular,
1041670822,20220428,,RUS,173,17,-5.0,-2.58620689655172,https://www.finanznachrichten.de/nachrichten-2022-04/55900784-russia-releases-former-u-s-marine-in-prisoner-exchange-020.htm,2022-04-28,regular,
1041159697,20220425,FRA,RUS,140,14,-6.5,-2.39361702127659,https://thewall.fyi/ex-german-chancellor-schroder-urged-to-quit-party-over-russian-links/,2022-04-25,regular,
1042101031,20220501,CHN,,130,13,-4.4,4.54545454545455,https://www.chinanationalnews.com/news/272532818/xinhua-china--advisory----may-1,2022-05-01,regular,
1041096374,20220425,USA,,173,17,-5.0,1.4030612244898,https://wrrv.com/new-rules-important-information-for-new-york-hunting-season/,2022-04-25,regular,
1042121327,20220501,,USA,100,10,-5.0,-1.63934426229508,http://internetua.com/ilonu-masku-snova-otkazano-v-zapuske-starship-na-orbitu,2022-05-01,regular,
1041088106,20220425,,USA,154,15,-7.2,-0.44472681067344,https://www.theepochtimes.com/beijings-influence-group-seeks-partnership-with-us-agricultural-officials-after-teaming-up-with-bill-gates-for-years_4424756.html,2022-04-25,regular,
1041617728,20220428,,USA,173,17,-5.0,-12.4401913875598,https://www.nbcconnecticut.com/news/local/third-arrest-in-kidnapping-sex-assault-of-teen/55117/,2022-04-28,regular,
1041842982,20220429,RUS,,1821,18,-9.0,0.68078979843686,https://www.radiofarda.com/a/quds-day-ceremony-iran/31826673.html,2022-04-29,regular,
1042091451,20220501,,USA,173,17,-5.0,2.93724966622162,https://www.chardandilminsternews.co.uk/news/national/uk-today/20103405.met-gala-2022-everything-need-know/,2022-05-01,regular,
1042153683,20220501,DEU,RUS,172,17,-5.0,-1.93423597678917,https://www.24heures.ch/berlin-reduit-fortement-sa-dependance-au-gaz-russe-847353910674,2022-05-01,regular,
1041154798,20220425,,USA,134,13,-5.8,-10.8179419525066,https://www.sfgate.com/news/article/California-man-charged-for-threats-to-dictionary-17125602.php,2022-04-25,regular,
1041940877,20220429,,USA,173,17,-5.0,-8.46774193548384,https://www.newscentermaine.com/article/news/crime/former-brunswick-resident-sentenced-for-sending-obscene-content-to-minor-and-obstructing-justice/97-7fd841e8-e812-4527-b1d9-ff98a3391438,2022-04-29,regular,
1041849475,20220429,,RUS,141,14,-6.5,-3.44827586206896,https://www.metrotvnews.com/play/b1oCA1lO-jokowi-undang-presiden-ukraina-hadiri-ktt-g20,2022-04-29,regular,
1041663943,20220428,CHN,,160,16,-4.0,-7.23905723905723,https://timesofindia.indiatimes.com/world/china/china-megacity-mass-tests-cancels-flights-after-suspected-covid-case/articleshow/91148766.cms,2022-04-28,regular,
1042177531,20220501,UKR,USA,141,14,-6.5,-1.20192307692308,https://regnum.ru/news/3580766.html,2022-05-01,regular,
1042041571,20220430,,USA,173,17,-5.0,-11.7154811715481,https://www.elpasotimes.com/story/news/crime/2022/04/30/albuquerque-man-tensley-neal-arrested-involvement-wells-fargo-bank-robbery/9598352002/,2022-04-30,regular,
1041342556,20220426,CHN,,173,17,-5.0,-1.53477218225419,https://news.yahoo.com/us-citizen-sentenced-death-china-194814565.html,2022-04-26,regular,
1041440189,20220427,USA,USA,130,13,-4.4,-4.17690417690417,https://www.nny360.com/news/meadows-texts-show-more-gop-panic-on-jan-6-report-says/article_2154f51d-e844-549a-8cdf-aca572efb836.html,2022-04-27,regular,
1046607915,20220427,USA,IRN,1711,17,-9.2,-3.63984674329502,https://www.presstv.ir/Detail/2022/05/27/682854/Iran-Greece-US-oil-tanker-Nour-News-Punitive-action-seizure-,2022-04-27,regular,
1041021482,20220425,CHN,CHN,1721,17,-5.0,-8.66425992779784,https://hotair.com/headlines/2022/04/24/fight-club-conservatives-gangster-government-and-the-rule-of-law-n464481,2022-04-25,regular,
1041613113,20220427,RUS,GBR,172,17,-5.0,-2.72804774083546,https://www.novosti.rs/planeta/svet/1111296/oruzje-zapada-zavrsava-kod-rusa-sve-vece-kolicine-vojne-tehnike-municije-zemalja-alijanse-stize-ukrajinu,2022-04-27,regular,
1041740752,20220428,USA,USA,173,17,-5.0,-10.7142857142857,https://www.msn.com/en-us/news/crime/police-arrest-suspect-accused-of-stabbing-17-year-old-girl-in-kapolei/ar-AAWHZcE,2022-04-28,regular,
1042046212,20220430,BLR,RUS,154,15,-7.2,-4.58715596330275,https://24tv.ua/bilorusi-rosiya-rozgornula-iskanderi-rozmistila-litaki-kilkoh_n1968665,2022-04-30,regular,
1041433661,20220427,RUS,,100,10,-5.0,-1.66666666666667,https://aif.ru/money/economy/zayavka_na_revers_gaza_iz_frg_po_yamal_evrope_v_polshu_vyrosla_v_5_raz,2022-04-27,regular,
1042161461,20220501,,RUS,160,16,-4.0,-1.47679324894514,https://www.lavanguardia.com/internacional/20220501/8236258/onu-confirma-evacuacion-aceria-mariupol-comenzo-viernes.html,2022-05-01,regular,
1041383942,20220427,RUS,UKR,130,13,-4.4,-1.994301994302,https://www.bignewsnetwork.com/news/272520949/pentagon-chief-denies-ukraine-conflict-turning-into-proxy-war-says-us-not-fighting-russia,2022-04-27,regular,
1041175463,20220426,RUS,USA,130,13,-4.4,-2.31355214897019,https://www.msn.com/en-gb/news/world/russia-ukraine-war-about-15-000-russian-troops-killed-since-start-of-invasion-says-uk-nato-is-in-essence-engaged-in-war-with-russia-says-lavrov-live/ar-AAWxRLb,2022-04-26,regular,
1041692721,20220428,RUS,WST,162,16,-5.6,-2.31127821543195,https://www.wbal.com/article/564076/127/biden-seeks-new-powers-to-use-oligarchs-assets-for-ukraine,2022-04-28,regular,
1041734940,20220428,RUS,SWE,130,13,-4.4,0.62111801242236,https://mundo.sputniknews.com/20220428/la-primera-ministra-y-la-canciller-suecas-rechazan-celebrar-un-referendum-de-ingreso-a-la-otan-1124950045.html,2022-04-28,regular,
1041703503,20220428,USA,,182,18,-9.5,-6.86813186813187,https://www.thecalifornian.com/story/news/nation/2022/04/26/california-child-injured-pit-bull-dogs-attack/7451049001/,2022-04-28,regular,
1041004976,20220425,USA,,134,13,-5.8,-9.15492957746479,https://www.nbcchicago.com/news/national-international/calif-man-arrested-and-charged-after-making-threats-against-merriam-webster-inc-for-use-of-gender-inclusive-definitions/2815317/,2022-04-25,regular,
1041347659,20220425,BEL,EUR,130,13,-4.4,-6.22950819672131,https://borneobulletin.com.bn/musk-owned-twitter-will-have-to-respect-eu-laws-commissioner/,2022-04-25,regular,
1041733691,20220428,,USA,173,17,-5.0,-7.50670241286864,https://www.newburyportnews.com/news/texas-man-pleads-guilty-to-fourth-oui-offense/article_ed45f120-c714-11ec-8896-27219c039115.html,2022-04-28,regular,
1041781308,20220429,,USA,100,10,-5.0,-8.55263157894734,https://www.houstonchronicle.com/news/article/Iowa-teen-charged-with-killing-teacher-seeks-17135067.php,2022-04-29,regular,
1041011798,20220425,UKR,RUS,141,14,-6.5,1.26582278481013,https://www3.nhk.or.jp/nhkworld/en/news/20220425_11/,2022-04-25,regular,
1041345401,20220426,RUS,MDA,154,15,-7.2,-7.03883495145631,https://www.news.de/politik/856245522/explosionen-in-transnistrien-und-russen-truppen-kampfbereit-droht-in-moldau-krieg-durch-putin-oder-einmarsch-in-ukraine/1/,2022-04-26,regular,
1041729118,20220428,USA,,138,13,-7.0,-7.31707317073171,https://www.kxlf.com/news/crime-and-courts/man-arrested-following-standoff-in-columbia-falls,2022-04-28,regular,
1041978128,20220430,USA,,180,18,-9.0,-4.26065162907268,https://www.wxii12.com/article/greensboro-west-gate-city-aggravated-assault/39866095,2022-04-30,regular,
1041623477,20220428,,EUR,172,17,-5.0,-1.48619957537155,http://www.ecns.cn/business/2022-04-28/detail-ihaxwerf5647934.shtml,2022-04-28,regular,
1041366501,20220426,BGR,RUS,162,16,-5.6,-1.2987012987013,http://ata.gov.al/2022/04/26/moske-rusia-nderpret-furnizimet-e-gazit-natyror-ne-bullgari-dhe-poloni/,2022-04-26,regular,
1042183305,20220501,USA,,173,17,-5.0,-4.01267159450897,https://www.oxygen.com/final-moments/crime-news/jermaine-richards-murdered-mutilated-alyssiah-wiley-why,2022-05-01,regular,
1041537384,20220427,USA,,180,18,-9.0,-14.1843971631206,https://economictimes.indiatimes.com/news/international/world-news/3-dead-in-mississippi-hotel-shooting-police-in-standoff/articleshow/91134024.cms,2022-04-27,regular,
1041012879,20220425,USA,,100,10,-5.0,-2.9616724738676,https://www.msn.com/en-xl/middleeast/top-stories/us-internal-disputes-hindered-conclusion-of-vienna-talks-expert/ar-AAWxXVA,2022-04-25,regular,
1042104866,20220501,CHN,,172,17,-5.0,-5.14285714285714,http://en.people.cn/n3/2022/0501/c90000-10091593.html,2022-05-01,regular,
1042174251,20220501,USA,,182,18,-9.5,-4.40528634361234,https://www.univision.com/local/nueva-york-wxtv/incendio-restaurante-chinatown,2022-05-01,regular,
1041948128,20220429,,USA,173,17,-5.0,-1.1671335200747,"https://www.streetinsider.com/Business+Wire/Highland+Therapeutics+Announces+Appointment+of+Stephanie+C.+Read+as+PresidentCEO,+Changes+to+Board+of+Directors/19966529.html",2022-04-29,regular,
1041900000,20220429,USA,,100,10,-5.0,2.79329608938548,https://www.itpro.co.uk/business/business-strategy/367548/what-to-expect-from-dell-technologies-world-2022,2022-04-29,regular,
1042093896,20220501,RUS,,160,16,-4.0,-2.72108843537415,https://www.heraldscotland.com/news/20100439.letters-put-away-woad-saltires-struggle-independence-ukraine-razed-ground/,2022-05-01,regular,
1041337931,20220426,USA,CHE,160,16,-4.0,-3.0690537084399,https://pda.kp.ru/daily/27384/4578893/,2022-04-26,regular,
1041063797,20220425,,USA,164,16,-7.0,4.51612903225807,https://www.zazoom.it/2022-04-25/justine-mattera-lo-scatto-hot-manda-i-fan-occhio-alla-scollatura/10770982/,2022-04-25,regular,
1041618486,20220428,USA,,130,13,-4.4,-8.56269113149847,https://www.10tv.com/article/news/crime/westerville-man-charged-with-death-4-month-old-daughter-makes-bail/530-4fc00bd4-3549-4781-82f0-5121fea3529c,2022-04-28,regular,
1041607451,20220428,USA,USA,173,17,-5.0,-11.5273775216138,https://www.kpcnews.com/newssun/article_d8151c83-8617-56ab-8fa8-5496abcc1554.html,2022-04-28,regular,
1041462702,20220427,RUS,RUS,154,15,-7.2,-0.66909975669099,https://telegrafi.com/moldavia-celesi-ballkanit-per-rusine/,2022-04-27,regular,
1041097115,20220425,RUS,SWE,130,13,-4.4,0.0,https://mundo.sputniknews.com/20220425/finlandia-y-suecia-buscan-sincronizar-su-ingreso-en-la-otan-1124769817.html,2022-04-25,regular,
1041273889,20220426,EUR,DEU,180,18,-9.0,-1.85185185185185,https://www.15min.lt/naujiena/aktualu/lietuva/seimo-pirmininke-europos-atsakas-i-rusijos-puolima-priklausys-nuo-berlyno-lyderystes-56-1671524,2022-04-26,regular,
1041384357,20220427,USA,,160,16,-4.0,-1.7632241813602,https://www.ktbs.com/news/national/kamala-harris-ron-wyden-test-positive-for-covid/article_9ee3eb77-b3a0-5e54-9815-a75ecf21ee00.html,2022-04-27,regular,
1041926003,20220429,,USA,173,17,-5.0,-7.3490813648294,https://www.xxlmag.com/travis-scott-astroworld-documentary-maker-jail/,2022-04-29,regular,
1041295281,20220426,,GBR,160,16,-4.0,-1.12359550561797,https://www.macaubusiness.com/airbus-says-wins-uk-court-victory-over-qatar-airways/,2022-04-26,regular,
1041252869,20220426,RUS,USA,100,10,-5.0,-4.1019955654102,https://www.shorenewsnetwork.com/2022/04/26/moscow-cites-risk-of/,2022-04-26,regular,
1041338062,20220426,,RUS,163,16,-8.0,-5.02092050209205,https://www.voanews.com/a/us-supports-sending-seized-oligarchs-assets-to-ukraine-/6546133.html,2022-04-26,regular,
1041686181,20220428,POL,RUS,163,16,-8.0,-4.91803278688525,https://www.russiaherald.com/news/272525452/polish-households-left-without-gas,2022-04-28,regular,
1041097080,20220425,RUS,,174,17,-5.0,-0.84586466165413,https://radio.uchile.cl/2022/04/25/rusia-anuncia-apertura-de-corredor-humanitario-para-civiles-atrapados-en-planta-de-mariupol/,2022-04-25,regular,
1041358169,20220426,USA,,172,17,-5.0,0.0,https://www.fox13now.com/news/local-news/the-dabc-has-9-1-2-new-bar-licenses-to-give-out-in-utah,2022-04-26,regular,
1041871394,20220429,,USA,180,18,-9.0,-6.89655172413793,https://www.wtva.com/news/national/funeral-set-for-firefighter-killed-in-brooklyn-blaze/article_c3331eda-7024-5ef2-8c8f-b459f895e9d0.html,2022-04-29,regular,
1041817107,20220429,,RUS,172,17,-5.0,-3.51239669421488,https://news.cgtn.com/news/2022-04-29/From-Gagarin-to-Tchaikovsky-When-cancel-culture-meets-war--19CDCAFhwFa/,2022-04-29,regular,
1041057658,20220425,USA,,180,18,-9.0,-5.02283105022831,https://www.vanityfair.com/news/2022/04/donald-trump-allies-2024-election,2022-04-25,regular,
1041885705,20220429,,RUS,130,13,-4.4,-3.71057513914657,https://www.leicestermercury.co.uk/news/uk-world-news/fears-vladimir-putin-declare-new-7017039,2022-04-29,regular,
1041532513,20220427,USA,,173,17,-5.0,-8.97832817337462,https://www.10tv.com/article/news/crime/columbus-man-multi-state-drug-operation-sentenced-to-prison/530-6585cdfc-bf83-42bb-9835-0407c004bb1a,2022-04-27,regular,
1041520375,20220427,,USA,173,17,-5.0,-9.4147582697201,https://apnews.com/article/covid-health-new-york-education-nyc-state-wire-ccd7ba765d05023c83e1c69bdf720343,2022-04-27,regular,
1041874706,20220429,,USA,173,17,-5.0,-3.14091680814941,https://www.politico.com/newsletters/florida-playbook/2022/04/29/desantis-insists-florida-does-not-have-a-disney-problem-00028864,2022-04-29,regular,
1042018642,20220430,USA,,180,18,-9.0,-2.91616038882139,https://cgkhabar.com/indian-are-unsafe-in-trumps-america-20170305/,2022-04-30,regular,
1041474374,20220427,,RUS,1712,17,-9.2,-3.23159784560144,https://www.pagina12.com.ar/417931-el-conflicto-rusia-ucrania-minuto-a-minuto,2022-04-27,regular,
1041812671,20220429,USA,CHN,154,15,-7.2,-7.09855272226051,https://www.wsws.org/en/articles/2022/04/29/ahsf-a29.html,2022-04-29,regular,
1041728300,20220428,,RUS,180,18,-9.0,-10.2420856610801,https://www.telegraph.co.uk/world-news/2022/04/28/hunt-butchers-bucha-ukraine-issues-photos-war-crime-suspects/,2022-04-28,regular,
1042034333,20220430,,USA,173,17,-5.0,-2.42290748898678,https://www.npr.org/2022/04/30/1095756867/laine-hardy-american-idol-winner-arrested,2022-04-30,regular,
1041708867,20220428,FRA,CAN,173,17,-5.0,-6.47398843930636,https://www.insauga.com/niagara-falls-museum-to-share-the-story-of-hassan-diab-a-canadian-professor-accused-of-bombing-a-french-synagogue/,2022-04-28,regular,
1047028266,20220531,RUS,UKR,152,15,-7.2,-6.12516644474035,"https://wydarzenia.interia.pl/raporty/raport-ukraina-rosja/aktualnosci/news-wojna-rosja-ukraina-raport-dnia-poniedzialek-30-maja,nId,6060180",2022-05-31,regular,
1047527800,20220602,,GBR,140,14,-6.5,-3.62997658079626,https://www.heraldscotland.com/politics/20184883.maree-todd-accused-turning-nhs-staff-bouncers/,2022-06-02,regular,
1047148390,20220531,,RUS,130,13,-4.4,-4.49927431059507,https://eldia.com.do/rusia-cortara-suministro-de-gas-a-paises-bajos/,2022-05-31,regular,
1047190844,20220531,RUS,RUS,172,17,-5.0,-9.46745562130182,https://www.aachener-nachrichten.de/politik/welt/nawalny-informiert-ueber-anklage-und-drohende-15-jahre-haft_aid-70644273,2022-05-31,regular,
1048606091,20220602,USA,USA,173,17,-5.0,-7.03703703703704,https://hot96.com/2022/06/09/escaped-missouri-inmate-captured-two-others-remain-on-the-run/,2022-06-02,regular,
1047917044,20220605,FRA,,160,16,-4.0,-6.86106346483705,http://www.dac-presse.com/lopprobre-dun-putsch-sanguinaire-mettant-fin-a-la-democratie/,2022-06-05,regular,
1047814061,20220604,USA,MEX,173,17,-5.0,-5.74324324324324,https://www.yumasun.com/news/yuma-sector-border-patrol-at-a-glance/article_b68bdb92-e378-11ec-b9f8-cf1bb2197010.html,2022-06-04,regular,
1047452959,20220602,,FRA,130,13,-4.4,-5.45454545454546,https://www.bfmtv.com/paris/legislatives-le-suppleant-de-raquel-garrido-menace-de-mort-jordan-bardella-condamne-les-faits_AN-202206020276.html,2022-06-02,regular,
1047654782,20220603,USA,,173,17,-5.0,-2.15053763440861,https://www.pcguru.hu/hirek/itt-a-koreai-professzor-elozetesen-a-nagy-penzrablas-azsiai-feldolgozasa/71833,2022-06-03,regular,
1047189370,20220531,,DEU,140,14,-6.5,-8.13464235624123,https://jam-news.net/relatives-of-deported-azerbaijani-political-prisoners-protest-in-front-of-german-embassy-in-baku/,2022-05-31,regular,
1047402740,20220602,USA,RUS,163,16,-8.0,-0.48780487804878,https://www.investing.com/news/commodities-news/saudi-arabia-to-raise-oil-production-if-russian-output-falls-under-sanctions-ft-2832643,2022-06-02,regular,
1047075480,20220531,GBR,,161,16,-4.0,1.3129102844639,https://www.20minutos.es/noticia/5008002/0/el-regreso-de-los-duques-de-sussex-a-reino-unido-tan-inminente-como-calculado/,2022-05-31,regular,
1047316503,20220601,GBR,,130,13,-4.4,-3.95220588235294,https://www.iwradio.co.uk/news/sky-news/travel-chaos-another-155-flights-cancelled-as-ministers-accused-of-blaming-the-industry/,2022-06-01,regular,
1048031943,20220605,USA,,173,17,-5.0,-13.0769230769231,https://duke.fm/2022/06/06/suspect-in-murder-of-juneau-county-judge-allegedly-had-hit-list-targeting-govs-evers-whitmer-sen-mcconnell/,2022-06-05,regular,
1047338517,20220601,USA,USA,180,18,-9.0,-9.4710947109471,https://www.lansingstatejournal.com/story/news/2022/06/01/detroit-man-sent-prison-sexual-assault-michigan-state-student/7469909001/,2022-06-01,regular,
1047105533,20220531,GBR,,1821,18,-9.0,-8.77358490566038,https://www.dailymail.co.uk/news/article-10871049/Campaigner-says-forcing-rape-victims-hand-phones-police-really-intrusive.html,2022-05-31,regular,
1047420505,20220602,USA,USA,1383,13,-7.0,-8.88888888888889,http://www.newson6.com/story/6298054fb3d9c70737e2a08b/bomb-threat-at-muskogee-home-connected-to-tulsa-hospital-shooting-police-confirm,2022-06-02,regular,
1047715618,20220603,USA,,173,17,-5.0,-12.6373626373626,https://www.wpsdlocal6.com/news/martin-tennessee-man-charged-with-murder-of-union-city-veteran/article_e4ceaa46-e375-11ec-a590-1bf7250bbdea.html,2022-06-03,regular,
1047389221,20220602,USA,USA,173,17,-5.0,-2.44950580146111,https://www.hppr.org/hppr-news/2022-06-01/kansas-immigrants-say-they-face-unsafe-and-unwelcome-state-under-law-banning-sanctuary-cities,2022-06-02,regular,
1047349871,20220601,RUS,,138,13,-7.0,-5.05212510024058,https://www.ukrinform.ua/rubric-ato/3497675-bitva-za-ukrainu-den-devanosto-vosmij.html,2022-06-01,regular,
1047375520,20220601,RUS,FIN,154,15,-7.2,-4.03377110694184,https://www.spectator.com.au/2022/06/vlads-latest-disaster/,2022-06-01,regular,
1047678291,20220603,USA,TWN,161,16,-4.0,-1.03448275862069,https://nationalinterest.org/feature/should-united-states-defend-or-ditch-taiwan-202772,2022-06-03,regular,
1047193301,20220531,USA,,180,18,-9.0,-1.65574279252005,https://www.kecofm.com/news/national-car-rally-coming-to-elk-city/,2022-05-31,regular,
1047586821,20220603,USA,,180,18,-9.0,-4.14507772020725,https://www.20minutes.fr/monde/3301547-20220603-violences-armes-feu-etats-unis-joe-biden-appelle-interdire-vente-fusils-assaut,2022-06-03,regular,
1047647483,20220603,,RUS,1821,18,-9.0,-7.33752620545073,https://www.news24.com/news24/world/news/its-best-not-to-talk-about-it-ukraine-rape-victims-suffer-in-silence-20220603,2022-06-03,regular,
1047930459,20220605,,USA,173,17,-5.0,-5.10204081632653,https://www.fox5atlanta.com/news/woman-allegedly-tracks-boyfriend-with-airtags-kills-him-over-alleged-affair,2022-06-05,regular,
1047715130,20220603,GBR,,134,13,-5.8,-2.84974093264248,https://home.nzcity.co.nz/news/article.aspx?id=355679,2022-06-03,regular,
1047869309,20220605,CHN,,172,17,-5.0,-6.22950819672131,https://www.radiotelevisionmarti.com/a/hrw-china-debe-asumir-responsabilidad-por-los-asesinatos-en-la-plaza-de-tiananm%C3%A9n/326709.html,2022-06-05,regular,
1047188609,20220531,USA,,130,13,-4.4,-8.86699507389163,https://www.sfgate.com/weather/article/TX-WFO-LUBBOCK-Warnings-Watches-and-Advisories-17210480.php,2022-05-31,regular,
1047568627,20220603,USA,USA,173,17,-5.0,-6.41711229946524,https://www.mdjonline.com/tribune/lifestyles/harvey-weinstein-s-rape-and-sexual-assault-conviction-upheld-by-new-york-appeals-court/article_7980c1fa-cbd8-5f86-bf61-8ecc9e7c0198.html,2022-06-03,regular,
1047660906,20220603,RUS,UKR,1712,17,-9.2,-2.51572327044025,https://donpress.com/news/03-06-2022-ya-magnitikov-nabral-rossiyane-voruyut-iz-zakhvachennykh-ukrainskikh-domov-dazhe,2022-06-03,regular,
1047620693,20220603,,USA,134,13,-5.8,-8.96551724137931,https://www.nbcnewyork.com/news/local/crime-and-courts/long-island-teen-arrested-after-threatening-to-shoot-the-school-over-bullying-claims/3718351/,2022-06-03,regular,
1047317192,20220601,USA,,180,18,-9.0,-3.64806866952789,https://www.morningstar.com/news/pr-newswire/20220601ph75759/virginia-legislators-attempting-ban-on-skill-games-behind-closed-doors-through-budget-language,2022-06-01,regular,
1046936450,20220530,,RUS,173,17,-5.0,-4.11522633744856,https://news.liga.net/politics/news/rossiya-terroriziruet-rabotnikov-obse-na-okkupirovannyh-territoriyah-sbu,2022-05-30,regular,
1047175130,20220531,,USA,173,17,-5.0,-9.43396226415095,https://spectrumlocalnews.com/nc/charlotte/religion/2022/05/31/southern-baptist-convention-sex-abuse-list-includes-at-least-30-from-n-c--,2022-05-31,regular,
1047057809,20220531,EUR,RUS,163,16,-8.0,-1.5625,https://www.deaandeelhouder.nl/nieuws/2022/05/31/europese-leiders-eens-over-boycot-groot-deel-russische-olie-media/,2022-05-31,regular,
1047603201,20220603,UKR,RUS,180,18,-9.0,-3.75,"https://wydarzenia.interia.pl/raporty/raport-ukraina-rosja/aktualnosci/news-ministerstwo-obrony-rosji-flota-pacyfiku-rozpoczela-manewry,nId,6068804",2022-06-03,regular,
1047111132,20220531,RUS,EUR,162,16,-5.6,-4.71512770137524,https://www.forbes.com/sites/siladityaray/2022/05/31/we-will-find-other-importers-russia-reacts-to-eus-partial-oil-ban/,2022-05-31,regular,
1046977463,20220530,GBR,USA,160,16,-4.0,-0.0638263922131799,https://www.theatlantic.com/magazine/archive/1935/10/worse-than-arnold/652031/,2022-05-30,regular,
1047178473,20220531,USA,USA,182,18,-9.5,-10.1492537313433,https://www.abccolumbia.com/2022/05/31/chief-reynolds-10-people-injured-during-mass-shooting-in-downtown-charleston-monday/,2022-05-31,regular,
1047186990,20220531,USA,,130,13,-4.4,-5.5793991416309,https://www.argusleader.com/story/news/2022/05/31/nws-sioux-falls-issues-80-severe-thunderstorm-tornado-warnings-memoiral-day-weekend/7459809001/,2022-05-31,regular,
1047237128,20220601,RUS,,173,17,-5.0,-3.09428467419003,https://www.cnn.com/europe/live-news/russia-ukraine-war-news-05-31-22/h_f1f6519a864a1d4a426c8265a164ce97,2022-06-01,regular,
1047545566,20220602,USA,,1712,17,-9.2,-11.7647058823529,https://www.nbcsandiego.com/news/local/el-cajon-police-dog-stabbed-during-confrontation-with-tire-slashing-suspect-police/2962031/,2022-06-02,regular,
1047459140,20220602,,USA,1821,18,-9.0,-1.78837555886736,https://www.dispatch.com/story/opinion/columns/guest/2022/06/02/opinion-ohio-faith-leaders-speak-out-against-abortion-trigger-ban-bill/9943359002/,2022-06-02,regular,
1047876639,20220605,RUS,UKR,180,18,-9.0,-8.71670702179177,https://24tv.ua/karta-boyovih-diy-05-06-2022-novini-z-frontu_n1994167,2022-06-05,regular,
1047839963,20220604,USA,,172,17,-5.0,0.0,https://www.montanarightnow.com/helena/more-than-2-000-ais-inspections-conducted-over-memorial-day-weekend/article_4ec78ebc-e449-11ec-9a5e-4bb17d26ebf2.html,2022-06-04,regular,
1047344147,20220601,,USA,154,15,-7.2,-6.16216216216216,https://www.insurancejournal.com/news/southcentral/2022/06/01/669939.htm,2022-06-01,regular,
1047677739,20220603,,USA,174,17,-5.0,-6.69642857142857,https://www.plenglish.com/news/2022/06/03/mexican-governor-extradited-to-mexico-from-united-states/,2022-06-03,regular,
1047633046,20220603,,GBR,172,17,-5.0,-4.9618320610687,https://www.coventrytelegraph.net/news/coventry-news/drug-dealing-coventry-woman-jailed-24133417,2022-06-03,regular,
1047471055,20220602,USA,USA,173,17,-5.0,-9.0598290598291,https://www.gilmermirror.com/2022/06/02/austin-police-officers-who-were-indicted-over-actions-during-george-floyd-protests-sue-the-city/,2022-06-02,regular,
1047219678,20220601,USA,,1711,17,-9.2,-4.98338870431894,https://richmond.com/news/local/crime-and-courts/petersburg-woman-had-loaded-gun-in-carry-on-at-richmond-airport-tsa-says/article_592b5ad1-7faa-5669-9f06-db8ed515ddd2.html,2022-06-01,regular,
1047398716,20220602,USA,,1723,17,-5.0,-5.88235294117647,https://www.wtkr.com/news/person-killed-in-shootout-with-hopewell-deputy-sources-say,2022-06-02,regular,
1047346313,20220601,USA,,130,13,-4.4,-3.58126721763086,https://www.deseret.com/utah/2022/6/1/23150200/wolverines-in-utah-montana-mountain-west-could-be-listed-as-endangered,2022-06-01,regular,
1047074921,20220531,RUS,HUN,172,17,-5.0,-4.28015564202334,http://www.iranoilgas.com/news/details.aspx?id=24055&title=EU+leaders+agree+to+Russian+oil+ban+after+compromise+with+Hungary,2022-05-31,regular,
1047833829,20220604,USA,,130,13,-4.4,1.11561866125761,https://paulickreport.com/news/triple-crown/mo-donegal-nest-we-the-people-among-workers-for-belmont-stakes/,2022-06-04,regular,
1047559029,20220602,USA,BLR,160,16,-4.0,-0.50403225806451,https://www.aljazeera.com/news/2022/6/2/ukraine-pleads-for-more-weapons-as-war-enters-100th-day-liveblog,2022-06-02,regular,
1047307736,20220601,USA,USA,173,17,-5.0,-2.87162162162162,https://www.nbcsandiego.com/news/national-international/hinckley-nears-full-freedom-41-years-after-shooting-reagan/2960659/,2022-06-01,regular,
1047927390,20220605,DEU,RUS,130,13,-4.4,-2.94923034025181,https://www.russiaherald.com/news/272576282/russias-counter-sanctions-may-cost-germany-billions-of-euros-media,2022-06-05,regular,
1047694814,20220603,,RUS,1312,13,-5.8,-4.60287084806797,https://abcnews.go.com/International/wireStory/fighting-rages-key-eastern-ukrainian-cities-85165305,2022-06-03,regular,
1047207564,20220601,ARG,USA,172,17,-5.0,-6.57276995305164,http://fenix951.com.ar/nuevo_2013/noticia.php?id=224373,2022-06-01,regular,
1047368464,20220601,USA,,138,13,-7.0,-0.7185628742515,https://wcfcourier.com/news/local/education/audit-university-of-northern-iowa-falls-short-in-threat-warnings-fire-safety/article_723e4444-b53f-5a64-bd0a-d19cb844b32d.html,2022-06-01,regular,
1047216872,20220601,USA,RUS,1711,17,-9.2,4.92462311557789,https://www.unian.net/lite/holidays/s-pervym-dnem-leta-krasivye-otkrytki-i-nailuchshie-pozdravleniya-i-pozhelaniya-11437768.html,2022-06-01,regular,
1047803489,20220604,RUS,,1312,13,-5.8,-5.0,https://www.heraldglobe.com/news/272575602/eu-not-considering-russian-gas-embargo-economy-chief,2022-06-04,regular,
1047505096,20220602,,USA,172,17,-5.0,-2.70270270270271,https://www.haberler.com/guncel/abd-yonetiminden-putin-e-yakin-rus-elit-ve-14989122-haberi/,2022-06-02,regular,
1047335673,20220601,RUS,,142,14,-6.5,-11.4832535885167,http://www.euronews.com/2022/06/01/kremlin-critic-alexei-navalny-is-facing-a-further-15-years-in-jail,2022-06-01,regular,
1047799788,20220604,,USA,100,10,-5.0,-2.72835112692764,https://www.thehindu.com/business/whopper-of-a-problem-the-legal-tangle-keeping-burger-king-from-exiting-russia/article65494023.ece,2022-06-04,regular,
1047510567,20220602,USA,,173,17,-5.0,-10.8247422680412,https://www.beaumontenterprise.com/news/article/Man-denies-kidnapping-charge-in-alleged-17215067.php,2022-06-02,regular,
1047479429,20220602,USA,,141,14,-6.5,4.93601462522852,https://www.finanznachrichten.de/nachrichten-2022-06/56217187-converge-technology-solutions-corp-announces-expanded-ibm-power-for-google-cloud-399.htm,2022-06-02,regular,
1047526458,20220602,USA,,1721,17,-5.0,-3.29411764705883,https://www.rgj.com/story/news/2022/06/02/nevada-based-gun-manufacturer-gets-sued/7485601001/,2022-06-02,regular,
1046961157,20220530,,USA,173,17,-5.0,-3.68098159509202,https://kyma.com/news/2022/05/30/state-trooper-was-left-disabled-in-a-crash-and-his-wife-is-furious-as-the-driver-is-catching-a-break/,2022-05-30,regular,
1047245687,20220601,CUB,USA,100,10,-5.0,-4.47356529597831,https://original.antiwar.com/doug-bandow/2022/05/31/the-afghanistan-collapse-inspector-general-finds-us-spent-20-years-building-a-dependent-potemkin-nation/,2022-06-01,regular,
1047270287,20220601,RUS,,1712,17,-9.2,-8.51063829787235,https://www.blic.rs/vesti/svet/ruska-trka-s-vremenom-zasto-se-putinu-zuri-da-zauzme-donbas-kremlj-pokusava-da-se/sqjb06y,2022-06-01,regular,
1047513599,20220602,USA,,1821,18,-9.0,-8.55855855855855,https://www.henryherald.com/news/harvey-weinsteins-sex-crimes-convictions-upheld-in-new-york/article_1a8b9ece-a238-5e84-986c-e2a727a8804a.html,2022-06-02,regular,
1047558077,20220602,USA,UKR,180,18,-9.0,-1.51228733459358,https://laverdadnoticias.com/mundo/Estados-Unidos-sanciona-a-funcionarios-rusos-oligarcas-y-megayates-de-Putin-20220602-0140.html,2022-06-02,regular,
1047519780,20220602,GBR,,172,17,-5.0,-1.75131348511383,https://www.theguardian.com/uk-news/2022/jun/02/author-jennifer-nansubuga-makumbi-british-citizenship-barred-from-flight-home-to-uk,2022-06-02,regular,
1047406967,20220602,,USA,130,13,-4.4,-2.82051282051282,https://www.periodicocentral.mx/pagina-negra-s/delincuencia/cuidado-reportan-fraudes-a-nombre-de-costco/43641/,2022-06-02,regular,
1047750185,20220604,USA,,172,17,-5.0,-3.97196261682243,https://www.king5.com/article/news/politics/high-capacity-magazine-lawsuit-washington/281-8e981d50-82f0-41ff-b8ba-548ecf6ae1c6,2022-06-04,regular,
1047304604,20220601,USA,,173,17,-5.0,-8.06451612903226,https://www.foxnews.com/us/man-murder-8-year-old-shooting,2022-06-01,regular,
1047591394,20220603,USA,,172,17,-5.0,-5.0,http://new.irasciblemusings.com/page/751/,2022-06-03,regular,
1047204304,20220601,,RUS,173,17,-5.0,-4.93775933609959,https://www.gwinnettdailypost.com/news/clinton-campaign-lawyer-michael-sussmann-found-not-guilty-of-lying-to-fbi-in-blow-to/article_0e090a5b-9810-5fea-b371-92fe5853eef1.html,2022-06-01,regular,
1047094025,20220531,RUS,,163,16,-8.0,-3.29457364341086,https://www.jutarnji.hr/vijesti/svijet/putnici-za-beograd-ostali-zaglavljeni-tri-dana-u-moskvi-tuzit-cemo-kompaniju-a-rusi-su-bijesni-15204317,2022-05-31,regular,
1047868621,20220605,RUS,,138,13,-7.0,-4.82269503546099,https://www.washingtonpost.com/world/2022/06/05/russia-war-public-opinion/,2022-06-05,regular,
1047603989,20220603,USA,,173,17,-5.0,-8.01282051282051,https://www.krgv.com/news/update-escaped-convicted-murderer-killed-in-officer-involved-shooting/,2022-06-03,regular,
1047789868,20220604,,RUS,100,10,-5.0,-5.34274193548387,https://regnum.ru/news/polit/3610237.html,2022-06-04,regular,
1047177645,20220531,,USA,180,18,-9.0,-10.1492537313433,https://www.abccolumbia.com/2022/05/31/chief-reynolds-10-people-injured-during-mass-shooting-in-downtown-charleston-monday/,2022-05-31,regular,
1047117576,20220531,,RUS,173,17,-5.0,-2.60942760942761,https://bloknot.ru/regiony/spasti-kapitana-vinenko-sledkom-i-mvd-rf-zajmutsya-obrashheniem-zheny-boevogo-letchika-k-prezidentu-935531.html,2022-05-31,regular,
1046913284,20220530,RUS,,1721,17,-5.0,-5.40730337078652,https://timpul.md/articol/op-ed-occidentul-trebuie-sa-inceapa-sa-ia-in-calcul-colapsul-precum-si-intarirea-regimului-lui-putin.html,2022-05-30,regular,
1047524621,20220602,USA,USA,173,17,-5.0,-3.59712230215828,https://www.rollingstone.com/culture/culture-news/kim-kardashian-uvalde-shooting-father-prison-eliahana-cruz-torres-1361989/,2022-06-02,regular,
1047650658,20220603,RUS,,160,16,-4.0,-2.22779340426399,http://peacekeeper.ru/?module=news&action=view&id=33865,2022-06-03,regular,
1047548765,20220602,USA,,172,17,-5.0,-3.41555977229601,https://www.washingtontimes.com:443/news/2022/jun/2/greg-steube-republican-lawmaker-demonstrates-real-/,2022-06-02,regular,
1047647927,20220603,UKR,RUS,160,16,-4.0,-1.19729307652265,http://www.euronews.com/next/2022/06/03/100-days-of-war-in-ukraine-stories-of-the-rise-and-resilience-of-ukraine-s-tech-sector,2022-06-03,regular,
1106903591,20220605,USA,,1823,18,-10.0,-0.17921146953405,https://www.crimeonline.com/2023/06/05/he-was-born-with-the-kindest-soul-mother-of-idaho-murder-victim-ethan-chapin-reflects-on-sons-legacy/,2022-06-05,regular,
1047691347,20220603,RUS,BLR,172,17,-5.0,-5.21172638436482,https://naslovi.net/vesti/bogoljub-kari%C4%87/,2022-06-03,regular,
1046892522,20220530,RUS,ROM,130,13,-4.4,-3.55987055016182,https://www.tellerreport.com/news/2022-05-30-nato-says-it-is-no-longer-bound-by-its-former-commitments-to-moscow.rJeSp9ibdc.html,2022-05-30,regular,
1047844281,20220604,,USA,173,17,-5.0,-10.7033639143731,https://dailyvoice.com/new-york/newrochelle/police-fire/four-busted-in-stolen-auto-after-injuring-officers-in-new-rochelle-police/834139/,2022-06-04,regular,
1046896329,20220530,RUS,SRB,100,10,-5.0,-0.98522167487685,https://informer.rs/vesti/politika/707795/lider-ssp-zna-vise-sta-kako-djilas-izbore-ali-zna-kada,2022-05-30,regular,
1047288933,20220601,USA,USA,100,10,-5.0,1.36612021857924,https://bringmethenews.com/minnesota-news/rich-stanek-scraps-gubernatorial-bid-munson-flip-flops-in-cd-1-race,2022-06-01,regular,
1047476178,20220602,USA,RUS,138,13,-7.0,-1.43229166666667,https://www.voanews.com/a/zelenskyy-russia-occupies-20-of-ukrainian-territory-/6600127.html,2022-06-02,regular,
1047470240,20220602,,USA,186,18,-10.0,1.73310225303293,https://comicbook.com/movies/news/marvel-studios-fantastic-four-reboot-big-name-director-kevin-feige/,2022-06-02,regular,
1047256760,20220601,USA,,100,10,-5.0,-4.88029465930019,https://www.northjersey.com/story/news/2022/06/01/anti-abortion-campaign-sharia-nj-muslims-roe-vs-wade/9859426002/,2022-06-01,regular,
1051359450,20220627,USA,,173,17,-5.0,-1.65631469979296,https://www.publicnewsservice.org/2022-06-27/civic-engagement/disability-advocates-to-survey-nyc-polling-places-for-accessibility/a79622-1,2022-06-27,regular,
1051714679,20220629,USA,,160,16,-4.0,-3.59147025813693,https://jewishinsider.com/2022/06/morningstar-illinois-israel-technology/,2022-06-29,regular,
1052018750,20220630,USA,,100,10,-5.0,-1.9434628975265,https://carolinatails.org/south-carolina-needs-a-good-slapp-law/,2022-06-30,regular,
1052218863,20220702,USA,,172,17,-5.0,-5.07614213197969,https://www.breitbart.com/2nd-amendment/2022/07/01/scotus-vacates-assault-weapons-ban-high-capacity-mag-ban/,2022-07-02,regular,
1051505604,20220628,USA,,180,18,-9.0,-5.02471169686985,https://www.havasunews.com/news/arizona-doctors-seek-protection-against-state/article_aadcf56a-f6a1-11ec-9eee-4f5cc27a61ce.html,2022-06-28,regular,
1051839687,20220629,USA,,180,18,-9.0,1.23203285420944,https://www.comingsoon.net/tv/features/1228793-tyner-rushing-the-terminal-list-interview,2022-06-29,regular,
1051610993,20220628,GBR,,172,17,-5.0,0.0,https://pda.kp.ru/online/news/4808758/,2022-06-28,regular,
1051626057,20220628,USA,,141,14,-6.5,0.0,https://www.natlawreview.com/article/advance-notice-restrictive-covenants-may-be-required-they-should-not-be-executed,2022-06-28,regular,
1051377224,20220627,JPN,RUS,166,16,-7.0,-6.09137055837563,https://ura.news/news/1052565156,2022-06-27,regular,
1051648182,20220628,RUS,WST,130,13,-4.4,-1.11731843575419,https://www.washingtonpost.com/business/how-russias-invasion-of-ukraine-pushed-finland-and-sweden-toward-nato/2022/06/28/aae587ec-f724-11ec-81db-ac07a394a86b_story.html,2022-06-28,regular,
1051341863,20220627,RUS,UKR,180,18,-9.0,-6.81818181818182,https://www.tribunnews.com/internasional/2022/06/27/update-serangan-rusia-jelang-kunjungan-jokowi-ke-ukraina-terbaru-rudal-hantam-kyiv,2022-06-27,regular,
1051335093,20220627,UKR,RUS,174,17,-5.0,-1.3953488372093,https://www.krstarica.com/vesti/svet/vn-pomaze-ukrajini-sa-10-miliona-funti-za-popravku-zeleznice/,2022-06-27,regular,
1051670655,20220629,USA,NGA,173,17,-5.0,-3.72771474878444,https://tulsaworld.com/news/national/govt-and-politics/polls-begin-closing-in-house-races-as-incumbents-face-off/article_b347cf33-a11d-5299-a6c2-b2ad2a6a9570.html,2022-06-29,regular,
1051403424,20220627,USA,,141,14,-6.5,-4.15384615384616,https://www.fox5atlanta.com/news/roe-v-wade-overturned-supreme-court-decision-georgia-district-attorneys-abortion-prosecute,2022-06-27,regular,
1052060882,20220701,USA,USA,172,17,-5.0,-2.42937853107344,https://www.cnn.com/2022/06/29/middleeast/turkey-nato-erdogan-mime-intl/,2022-07-01,regular,
1051963340,20220630,GBR,,173,17,-5.0,-2.88065843621399,https://www.nigerianeye.com/2022/06/organ-harvesting-ekweremadu-appears-in.html,2022-06-30,regular,
1051389733,20220627,RUS,RUS,131,13,-5.8,0.95846645367412,https://wiadomosci.onet.pl/swiat/rosjanie-rozwazaja-militarna-opcje-zbudowania-korytarza-do-kaliningradu/1jxngpw,2022-06-27,regular,
1052097308,20220701,RUS,IRN,164,16,-7.0,-1.78739416745061,https://www.durangoherald.com/articles/putins-week-facing-nato-expansion-wests-unity-on-ukraine/,2022-07-01,regular,
1052277727,20220702,RUS,UKR,1712,17,-9.2,-3.42612419700214,https://www.theepochtimes.com/blasts-rock-ukraine-city-as-russian-forces-advance-on-the-ground_4573153.html,2022-07-02,regular,
1052261017,20220702,,EUR,130,13,-4.4,-5.82750582750583,https://news.webindia123.com/news/Articles/World/20220702/3958546.html,2022-07-02,regular,
1051415141,20220627,,USA,175,17,-9.0,-4.45075757575758,https://www.dispatch.com/story/news/nation/2022/06/25/supreme-court-abortion-protests-celebrations-saturday/7736082001/,2022-06-27,regular,
1052111737,20220701,RUS,,180,18,-9.0,-4.16666666666667,http://www.sassarinotizie.com/24ore-articolo-636355-ucraina_governatore_lysychansk__truppe_russe_attaccano_raffineria_di_petrolio_.aspx,2022-07-01,regular,
1051659698,20220629,USA,,130,13,-4.4,-5.03194888178913,https://www.wvgazettemail.com/ap/washington/live-updates-supreme-court-overturns-roe-v-wade/article_9627cb91-a748-54f2-9e68-759dd131117b.html,2022-06-29,regular,
1052076923,20220701,,USA,173,17,-5.0,-8.84615384615385,https://www.thedailytimes.com/news/maryville-man-indicted-on-child-pornography-charges/article_107ea4e4-f8ce-11ec-8bc7-2b1c056b5729.html,2022-07-01,regular,
1051903743,20220630,USA,,173,17,-5.0,-2.88461538461538,https://www.techtimes.com/articles/277389/20220629/google-account-creation-eu-gdpr-complaints-rise%E2%80%94deceptive-sign-up-process.htm,2022-06-30,regular,
1051889202,20220630,USA,,186,18,-10.0,1.92159877017679,https://www.abqjournal.com/2512658/a-locked-door-opened-ex-officials-conservation-groups-celebra.html,2022-06-30,regular,
1051589036,20220628,,USA,180,18,-9.0,-2.35640648011782,https://wobm.com/healthcare-violence-verbal-abuse-new-jersey-2022/,2022-06-28,regular,
1052202865,20220701,UKR,RUS,180,18,-9.0,-10.6382978723404,https://www.wqcs.org/2022-07-01/odesa-maintains-some-normalcy-despite-russian-aerial-assault-on-southern-ukraine,2022-07-01,regular,
1051633385,20220628,EGY,GBR,100,10,-5.0,-1.7102615694165,https://www.alquds.co.uk/%D8%B9%D9%84%D8%A7%D8%A1-%D8%B9%D8%A8%D8%AF-%D8%A7%D9%84%D9%81%D8%AA%D8%A7%D8%AD-%D9%88%D8%AF%D9%88%D9%84%D8%A9-%D9%85%D8%A7-%D8%A8%D8%B9%D8%AF-%D8%A7%D9%84%D8%A7%D8%B3%D8%AA%D8%B9%D9%85%D8%A7%D8%B1/,2022-06-28,regular,
1052365752,20220703,USA,,141,14,-6.5,-5.95854922279792,https://www.lavozdegalicia.es/noticia/internacional/2022/07/03/indignacion-ohio-ante-nuevo-brutalidad-policial-contra-afroamericano/00031656837655917802564.htm,2022-07-03,regular,
1051987514,20220630,RUS,RUS,163,16,-8.0,-6.85714285714286,https://tass.com/politics/1474111,2022-06-30,regular,
1051665612,20220629,RUS,UKR,163,16,-8.0,1.02951269732327,https://www.concordmonitor.com/Advocates-point-to-policy-action-in-the-face-of-rising-energy-costs-47002457,2022-06-29,regular,
1051416846,20220627,DEU,RUS,163,16,-8.0,-2.17076700434154,https://topdialog.ru/2022/06/27/dnische/,2022-06-27,regular,
1052226318,20220702,CHN,NGA,181,18,-9.0,-6.71462829736211,https://www.sierraleonetimes.com/news/272607150/nigerian-authorities-search-for-abducted-chinese-nationals-others,2022-07-02,regular,
1051871889,20220630,USA,,160,16,-4.0,-3.29317269076305,https://www.stuff.co.nz/world/us-canada/300625954/donald-trumps-had-bad-moments-but-few-worse-than-cassidy-hutchinsons-testimony,2022-06-30,regular,
1051855925,20220630,GBR,RUS,163,16,-8.0,-5.05443234836703,https://www.santafenewmexican.com/news/national_and_world_news/russians-fight-to-encircle-ukraines-last-eastern-stronghold/article_7c0bde99-c437-5783-b0f9-e6c6e1608c70.html,2022-06-30,regular,
1051958974,20220630,TUR,GBR,173,17,-5.0,-8.31202046035806,https://www.middleeasteye.net/news/islamic-state-beatle-turkey-set-deport-uk,2022-06-30,regular,
1051429954,20220627,USA,,141,14,-6.5,3.87096774193548,https://www.fdiforum.net/mag/production/urban-farming-company-to-establish-its-largest-growing-center-to-date/,2022-06-27,regular,
1052390762,20220703,,USA,130,13,-4.4,-2.2608695652174,https://www.newsweek.com/newsom-targets-desantis-independence-day-ad-freedom-under-attack-1721288,2022-07-03,regular,
1051995719,20220630,USA,,172,17,-5.0,-5.26315789473684,https://www.lmtonline.com/local/article/DPS-Human-smuggling-attempt-ends-in-fatal-crash-17276794.php,2022-06-30,regular,
1051748203,20220629,RUS,,173,17,-5.0,-2.418682235196,https://www.wolfsburger-nachrichten.de/politik/article235731859/ukraine-krieg-liveblog-news-aktuell-russland-putin.html,2022-06-29,regular,
1052110512,20220701,GBR,GBR,1712,17,-9.2,-8.82352941176474,https://www.pressandjournal.co.uk/politics/4486386/tory-mps-resignations-and-expulsions-amid-scrutiny-of-sleaze-in-westminster/,2022-07-01,regular,
1051444093,20220627,USA,,180,18,-9.0,-6.15835777126099,https://dailyjournal.net/2022/06/27/greenwood-mans-child-molestation-charge-on-hold-for-incompetency/,2022-06-27,regular,
1052349413,20220703,USA,ISR,138,13,-7.0,-0.94637223974764,https://www.antaranews.com/berita/2974901/palestina-serahkan-peluru-yang-menewaskan-jurnalis-al-jazeera-ke-as,2022-07-03,regular,
1052291789,20220702,,USA,1014,10,-5.0,-1.82186234817814,https://www.detroitnews.com/story/news/politics/2022/07/02/supreme-court-revolution-abortion-guns-religion/50444083/,2022-07-02,regular,
1051457632,20220627,RUS,TUR,100,10,-5.0,-3.40425531914893,https://www.enabbaladi.net/archives/585035,2022-06-27,regular,
1051852447,20220629,,USA,131,13,-5.8,-3.03030303030303,http://www.msn.com/en-us/news/crime/ny-attorney-general-james-and-nyc-mayor-adams-sue-ghost-gun-distributors-citing-murder-and-violence-as-impetus/ar-AAZ0KwL,2022-06-29,regular,
1052036212,20220630,USA,,1821,18,-9.0,-1.74757281553398,https://news.mail.ru/politics/51998338/,2022-06-30,regular,
1051492538,20220628,RUS,UKR,173,17,-5.0,-4.24300867888139,https://ria.ru/20220628/natsionalisty-1798599686.html,2022-06-28,regular,
1052218841,20220702,USA,,141,14,-6.5,-3.43195266272189,http://www.msn.com/en-us/news/us/politico-issues-correction-after-falsely-claiming-clarence-thomas-promoted-covid-vaccine-aborted-fetus-theory/ar-AAZ66Ed,2022-07-02,regular,
1051770375,20220629,USA,USA,172,17,-5.0,-2.60869565217391,https://www.cantonrep.com/story/news/politics/2022/06/29/ohio-abortion-clinics-sue-state-supreme-court-restore-access/7744700001/,2022-06-29,regular,
1051882612,20220630,,FRA,173,17,-5.0,-12.807881773399,https://alyomnews.com/bs-world/%D9%85%D9%83%D8%AA%D8%A8-%D8%A7%D9%84%D8%A7%D8%AF%D8%B9%D8%A7%D8%A1-%D9%81%D9%8A-%D8%A8%D8%A7%D8%B1%D9%8A%D8%B3-%D8%A7%D9%84%D8%A7%D8%AF%D8%B9%D8%A7%D8%A1-%D8%A7%D9%84%D9%81%D8%B1%D9%86%D8%B3%D9%8A/,2022-06-30,regular,
1051627159,20220628,,USA,173,17,-5.0,-6.34328358208956,https://starexponent.com/news/pressed-to-look-like-percocet-400-suspected-fentanyl-pills-seized-by-culpeper-authorities/article_bb986072-5d2a-542b-ab4e-6d7d0144a9fc.html,2022-06-28,regular,
1051381865,20220627,USA,USA,160,16,-4.0,-5.7609630266552,https://www.duluthnewstribune.com/news/trail-of-clues-legal-twists-kept-glensheen-murder-case-going-for-years-1,2022-06-27,regular,
1051293878,20220627,USA,,100,10,-5.0,-2.39294710327456,https://www.newsandtribune.com/indiana/news/protesters-rally-at-indiana-statehouse-in-support-of-abortion-access-in-indiana/article_f1ab3429-a8a2-5ae8-97ee-d1f6299048c1.html,2022-06-27,regular,
1051505301,20220628,JPN,RUS,163,16,-8.0,1.63265306122449,https://www.khaleejtimes.com/markets/uae-gold-prices-flat-in-early-trade,2022-06-28,regular,
1051714787,20220629,USA,RUS,160,16,-4.0,-2.59365994236311,https://news.webindia123.com/news/Articles/World/20220629/3957396.html,2022-06-29,regular,
1051419037,20220627,,USA,100,10,-5.0,1.00502512562814,https://kansasreflector.com/podcasts/gun-laws-education-and-civic-engagement-with-kansas-reflector-interns/,2022-06-27,regular,
1051856381,20220630,,USA,173,17,-5.0,-8.93863655897371,https://www.850wftl.com/outrage-after-man-accused-of-killing-chinese-food-delivery-worker-released-on-bail/,2022-06-30,regular,
1051588082,20220628,RUS,RUS,130,13,-4.4,-1.38888888888889,https://naslovi.net/2022-06-28/al-jazeera/britanija-realna-opasnost-da-ce-rusija-udariti-na-siru-evropu/30941442,2022-06-28,regular,
1051400653,20220627,USA,,173,17,-5.0,-7.03363914373089,https://hickoryrecord.com/news/state-and-regional/nc-serial-killer-connected-to-at-least-four-deaths-feds-say-rutherford-county-handyman-serving/article_2cf2d1a8-44bd-5b30-bf5f-eccf957b0e81.html,2022-06-27,regular,
1051832809,20220629,USA,,173,17,-5.0,-9.14285714285714,https://www.unionleader.com/nh/news/crime/another-12-arrested-in-alleged-unh-fraternity-hazing-incident/article_78feeda5-cae4-587c-b6a2-b07ee9a976fb.html,2022-06-29,regular,
1052040583,20220630,PHL,CHN,153,15,-7.2,-4.99405469678953,https://radio.uchile.cl/2022/06/30/logrando-una-amnesia-colectiva-los-marcos-regresan-al-poder-en-filipinas/,2022-06-30,regular,
1051409500,20220627,USA,,173,17,-5.0,-9.02612826603326,http://www.nydailynews.com/new-york/nyc-crime/ny-queens-recording-studio-fatal-gun-battle-arrest-20220627-qdxm2p43d5dtlg7jygc7o2fodu-story.html,2022-06-27,regular,
1052083701,20220701,USA,,173,17,-5.0,-9.67741935483873,https://www.dailyindependent.com/morehead/news/rapist-gets-34-years-in-prison/article_040dd2f4-f7d2-11ec-96e5-8371c59d0faf.html,2022-07-01,regular,
1051446079,20220627,FRA,,172,17,-5.0,2.01612903225807,https://www.kathimerini.com.cy/gr/kosmos/paixnidia-rwson-kataskopon-stin-elbetia,2022-06-27,regular,
1051738573,20220629,,USA,140,14,-6.5,-4.20560747663552,https://indyweek.com/news/northcarolina/post-roe-north-carolina/,2022-06-29,regular,
1052363897,20220703,RUS,,173,17,-5.0,-2.01863354037267,https://www.nytimes.com/2022/07/03/us/capitol-riot-russia-propagandist.html,2022-07-03,regular,
1052126838,20220701,USA,,173,17,-5.0,-2.80210157618214,https://www.rutlandherald.com/news/local/disturbing-comments-taliban-flag-military-books-uncovered-in-rutland-raid/article_87808be1-1107-5b81-90e5-63461a9c2898.html,2022-07-01,regular,
1052290830,20220702,RUS,,163,16,-8.0,-3.12035661218425,https://www.russiaherald.com/news/272607730/john-bolton-makes-prediction-for-ukraine-conflict,2022-07-02,regular,
1051455565,20220627,USA,,173,17,-5.0,-7.4390243902439,https://www.news-leader.com/story/news/2022/06/27/trial-rebecca-ruud-death-daughter-savannah-leckie-missouri-ozark-county/7747641001/,2022-06-27,regular,
1051357795,20220627,JPN,RUS,130,13,-4.4,-0.9478672985782,http://internetua.com/menshe-desyatka-stalo-izvestno-skolko-yaponskih-kompanii-ushlo-s-rossiiskogo-rynka,2022-06-27,regular,
1051856380,20220630,,USA,173,17,-5.0,-7.78816199376947,https://www.washtimesherald.com/news/national_news/ufc-star-charged-in-shooting-sues-man-over-alleged-molesting/article_bb77a5f9-9732-5ebf-b8c4-51a483436c07.html,2022-06-30,regular,
1051792907,20220629,USA,,173,17,-5.0,-3.80078636959371,https://www.investing.com/news/world-news/us-supreme-court-expands-state-power-over-tribes-in-win-for-oklahoma-2842249,2022-06-29,regular,
1052194210,20220701,JPN,RUS,173,17,-5.0,-0.47214353163362,https://news.usni.org/2022/07/01/peoples-liberation-army-navy-ships-complete-circle-around-japan,2022-07-01,regular,
1051822585,20220629,UKR,RUS,181,18,-9.0,-3.80952380952381,http://www.sana.sy/es/?p=241087,2022-06-29,regular,
1052023787,20220630,,USA,130,13,-4.4,1.70278637770898,https://www.greatfallstribune.com/story/news/local/2022/06/30/great-falls-montana-to-become-leading-center-for-camelina-bio-diesel/65363240007/,2022-06-30,regular,
1052132372,20220701,RUS,UKR,181,18,-9.0,-0.99502487562189,http://www.msn.com/en-us/news/world/ukraine-retakes-snake-island-as-russian-missiles-hit-civilian-targets-in-odesa/ar-AAZ4yGY,2022-07-01,regular,
1052163661,20220701,USA,UKR,138,13,-7.0,-3.5147878268324,http://www.msn.com/en-us/news/world/russia-ukraine-live-updates-biden-announces-800m-more-in-aid/ar-AAYCr99,2022-07-01,regular,
1051400737,20220627,USA,RUS,172,17,-5.0,-0.968523002421308,https://www.capitalpress.com/ag_sectors/rurallife/washington-lawmaker-bar-chinese-russians-from-buying-farmland/article_8d12c65c-f3d3-11ec-85a6-e744da68607b.html,2022-06-27,regular,
1051372756,20220627,USA,,100,10,-5.0,-1.72413793103449,https://www.tmj4.com/news/local-news/milwaukee-common-council-to-consider-reproductive-rights-resolution,2022-06-27,regular,
1051667551,20220629,,DEU,173,17,-5.0,-10.2161100196463,https://www.cbs58.com/news/101-year-old-former-nazi-concentration-camp-guard-sentenced-to-five-years-for-holocaust-atrocities,2022-06-29,regular,
1051594111,20220628,RUS,UKR,181,18,-9.0,-8.0188679245283,https://www.newsweek.com/russia-accused-abducting-pro-ukraine-official-captured-territory-1719925,2022-06-28,regular,
1052195705,20220701,,USA,141,14,-6.5,0.347222222222221,https://www.patrisnews.com/vretania-o-tzoylian-asanz-ypevale-efesi-stin-apofasi-ekdosis-toy-stis-ipa/,2022-07-01,regular,
1051927055,20220630,EUR,,163,16,-8.0,-2.35294117647059,https://www.vecernji.ba/svijet/eu-ipak-popusta-rusiji-moramo-se-suociti-s-realnoscu-putin-ima-vecu-prednost-1598344,2022-06-30,regular,
1051579907,20220628,,USA,180,18,-9.0,-1.78571428571428,https://almomento.net/ny-rudolph-giuliani-pide-prision-para-un-trabajador-que-lo-ataco/,2022-06-28,regular,
1052140451,20220701,USA,,174,17,-5.0,-7.11206896551724,https://www.computing.co.uk/news/4052200/government-worker-collaborated-russian-cybergang,2022-07-01,regular,
1051857209,20220630,USA,,173,17,-5.0,-5.50964187327824,https://lawandcrime.com/crime/after-several-public-missteps-1998-utah-cold-case-solved-through-use-of-dna-and-a-true-crime-fans-key-involvement/,2022-06-30,regular,
1051644510,20220628,USA,,1043,10,-5.0,-1.33333333333334,https://www.pghcitypaper.com/pittsburgh/union-protests-corporate-obstructions-at-bloomfield-starbucks/Content?oid=21940316,2022-06-28,regular,
1051299198,20220627,USA,,173,17,-5.0,-6.09756097560976,https://targetednews.com/pr_disp.php?pr_id=7875442,2022-06-27,regular,
1052098184,20220701,USA,,154,15,-7.2,-5.12820512820513,https://glavred.info/ukraine/lukashenko-gotovitsya-k-voyne-s-ukrainoy-voennyy-ekspert-rasskazal-kakim-oblastyam-grozit-vtorzhenie-10387505.html,2022-07-01,regular,
1051623549,20220628,USA,MEX,182,18,-9.5,-5.36332179930796,https://www.msn.com/en-us/news/us/50-migrants-found-dead-in-the-back-of-abandoned-tractor-trailer-in-texas/ar-AAYY3JS,2022-06-28,regular,
1052131375,20220701,USA,,173,17,-5.0,-1.96078431372549,https://news.yahoo.com/cincinnati-police-charge-36-old-112817731.html,2022-07-01,regular,
1051608758,20220628,DEU,,172,17,-5.0,-0.66188637617209,https://www.tagesspiegel.de/gesellschaft/intensivpfleger-ricardo-lange-trifft-wolfgang-kubicki-soll-ich-flaschen-sammeln-auf-dieser-ebene-diskutiere-ich-nicht-mit-ihnen/27387956.html,2022-06-28,regular,
1051431527,20220627,GBR,,173,17,-5.0,-7.48299319727891,https://www.theguardian.com/uk-news/2022/jun/27/zara-aleena-police-arrest-man-on-suspicion-of-in-east-london,2022-06-27,regular,
1051909398,20220630,RUS,WST,1712,17,-9.2,-4.96602195504443,https://www.msn.com/en-gb/news/world/ukraine-war-putin-an-appalling-dictator-says-liz-truss/ar-AAZ0IUR,2022-06-30,regular,
1052351489,20220703,USA,RUS,1721,17,-5.0,-9.28571428571427,https://www.rtbf.be/article/guerre-en-ukraine-de-nombreux-russes-contournent-la-censure-grace-aux-vpn-americains-11024184,2022-07-03,regular,
1051626266,20220628,USA,USA,173,17,-5.0,-6.38297872340425,https://justthenews.com/government/courts-law/ex-gop-rep-jeff-fortenberry-sentenced-probation-lying-feds-about-illegal,2022-06-28,regular,
1052027495,20220630,,USA,130,13,-4.4,-4.45747800586511,https://www.dailymaverick.co.za/opinionista/2022-06-30-roe-v-wade-and-our-own-judiciary-dark-lessons-in-democracy-to-be-learnt/,2022-06-30,regular,
1051640872,20220628,USA,,173,17,-5.0,-0.96618357487923,https://www.yahoo.com/now/ivanka-trump-jared-kushners-low-205327740.html,2022-06-28,regular,
1056843480,20220802,USA,USA,173,17,-5.0,-6.75675675675676,https://www.koze.com/2022/08/02/state-seeks-longer-sentence-for-gallina/,2022-08-02,regular,
1057487757,20220806,RUS,CHE,173,17,-5.0,-3.93700787401575,https://www.postguam.com/the_globe/nation/us-russia-willing-to-discuss-swap-after-griner-conviction/article_6570271c-1533-11ed-8b96-337891ea070c.html,2022-08-06,regular,
1057153313,20220804,,USA,141,14,-6.5,-3.48258706467662,https://www.fox13news.com/news/st-pete-residents-slept-outside-city-hall-to-demand-rent-control-on-november-ballot,2022-08-04,regular,
1057096539,20220804,,CHN,138,13,-7.0,-6.74846625766868,https://www.tribunnews.com/internasional/2022/08/04/27-pesawat-tempur-china-masuki-zona-pertahanan-udara-taiwan,2022-08-04,regular,
1057314430,20220805,GRC,USA,173,17,-5.0,-4.01146131805158,https://tass.com/society/1489827,2022-08-05,regular,
1056744593,20220802,UKR,RUS,186,18,-10.0,-3.76569037656904,https://www.limburger.nl/cnt/dmf20220802_91547464,2022-08-02,regular,
1057025119,20220803,GBR,,1821,18,-9.0,-10.5128205128206,https://www.inverness-courier.co.uk/news/national/woman-who-accused-premier-league-star-of-rape-has-received-abuse-police-say-54932/,2022-08-03,regular,
1057506412,20220806,USA,,150,15,-7.2,-6.01769911504425,https://www.entornointeligente.com/estados-unidos-participar-en-ejercicio-militar-cerca-de-la-disputada-frontera-entre-india-y-china/,2022-08-06,regular,
1056825814,20220802,USA,CHN,100,10,-5.0,-3.16388197653751,https://www.nv-online.info/2022/08/02/rassekaja-volny-pochemu-zhenshhiny-vynuzhdeny-delat-aborty-posredi-morja.html,2022-08-02,regular,
1057558917,20220807,USA,,163,16,-8.0,-1.93548387096774,https://sputniknews.lat/20220807/financial-times-revela-que-a-occidente-le-preocupa-la-cercania-entre-rusia-y-turquia-1129125140.html,2022-08-07,regular,
1056855430,20220802,GBR,RUS,173,17,-5.0,-8.44686648501363,https://www.liverpoolecho.co.uk/news/liverpool-news/thieves-stole-300-worth-charity-24651163,2022-08-02,regular,
1057214372,20220804,CAN,RUS,163,16,-8.0,-3.71428571428571,https://actualidad.rt.com/actualidad/437633-gazprom-acusaciones-rusia-turbina,2022-08-04,regular,
1056796650,20220802,RUS,,100,10,-5.0,-2.87769784172662,https://ria.ru/20220802/sbu-1806680211.html,2022-08-02,regular,
1057520744,20220806,GBR,RUS,163,16,-8.0,0.0,https://www.mis-asia.com/Products/Application-Areas-of-Stainless-Steel-17-4PH.html,2022-08-06,regular,
1056934285,20220803,,DEU,161,16,-4.0,-7.54098360655737,http://www.msn.com/en-nz/news/australia/alleged-murderer-accused-of-lying-to-cops/ar-AA10fngV,2022-08-03,regular,
1056703142,20220801,THA,RUS,173,17,-5.0,-4.11764705882353,https://www.yahoo.com/news/viktor-bout-lawyer-convicted-russian-201756357.html,2022-08-01,regular,
1056805679,20220802,USA,USA,172,17,-5.0,3.23998039265134,https://www.ctpost.com/news/article/Congress-is-considering-making-same-sex-marriage-17345104.php,2022-08-02,regular,
1057363023,20220805,JPN,CHN,164,16,-7.0,-2.7681660899654,https://www.taipeitimes.com/News/world/archives/2022/08/06/2003783076,2022-08-05,regular,
1057250788,20220805,,USA,180,18,-9.0,-6.4175436674002,https://www.cnnphilippines.com:443/world/2022/8/5/Alex-Jones-Sandy-Hook-parents-damages.html,2022-08-05,regular,
1057187231,20220804,FRA,FRA,180,18,-9.0,-2.87610619469026,https://tribune.com.pk/story/2369453/france-discriminated-against-hijab-wearing-vocational-trainee-un,2022-08-04,regular,
1057326785,20220805,RUS,EST,1712,17,-9.2,-3.79746835443038,https://regnum.ru/news/polit/3662417.html,2022-08-05,regular,
1057171405,20220804,,USA,180,18,-9.0,-9.14512922465209,https://www.pinknews.co.uk/2022/08/04/gay-homophobia-hate-crime-utah-christian-peacock-jacob-metcalf/,2022-08-04,regular,
1056944197,20220803,,CHN,150,15,-7.2,-3.61990950226244,https://deita.ru/article/520934,2022-08-03,regular,
1056719225,20220802,USA,,172,17,-5.0,1.15942028985507,https://www.5280.com/2022/08/where-our-food-editors-are-eating-right-now-august-2022/,2022-08-02,regular,
1056706249,20220801,USA,,172,17,-5.0,-7.69230769230769,https://www.foxnews.com/us/massachusetts-man-convicted-raping-kidnapping-woman-boston-bar-sentenced-29-39-years-prison,2022-08-01,regular,
1056826101,20220802,,USA,172,17,-5.0,0.88640840446487,https://www.sfgate.com/news/bayarea/article/Art-Of-Deception-Sf-Arts-Commission-Director-17345353.php,2022-08-02,regular,
1057415259,20220806,USA,USA,173,17,-5.0,-7.14285714285715,http://www.msn.com/en-us/news/crime/breonna-taylor-supporters-relieved-by-charges-against-police/ar-AA10mrvs,2022-08-06,regular,
1057074697,20220804,USA,,172,17,-5.0,-4.72854640980736,https://cnsnews.com/article/washington/melanie-arter/biden-signs-executive-order-help-women-get-abortions-out-state,2022-08-04,regular,
1057410242,20220805,CHN,USA,130,13,-4.4,-6.08465608465609,https://english.almayadeen.net/news/politics/china-can-lower-taiwan-related-tensions-by-ending-drills:-us,2022-08-05,regular,
1056874100,20220802,USA,,163,16,-8.0,-2.35690235690236,https://www.thedailystar.net/business/global-economy/news/us-targets-chinese-uae-firms-new-iran-oil-sanctions-3086471,2022-08-02,regular,
1057446985,20220806,CHN,,163,16,-8.0,-8.33333333333337,http://spanish.china.org.cn/txt/2022-08/06/content_78359913.htm,2022-08-06,regular,
1056901531,20220803,,USA,173,17,-5.0,-1.68855534709193,https://www.cheatsheet.com/entertainment/anna-duggar-likes-post-antidepressants-concerning-duggar-family-followers.html,2022-08-03,regular,
1057361842,20220805,EUR,AFR,163,16,-8.0,-1.62162162162162,https://www.cnews.ru/news/top/2022-08-05_rossijskie_razrabotchiki,2022-08-05,regular,
1057627150,20220807,GBR,AUS,172,17,-5.0,3.07377049180328,https://www.thenorthernecho.co.uk/news/20604837.brewdog-chooses-milburngate-site/,2022-08-07,regular,
1057037035,20220803,USA,,180,18,-9.0,-6.2124248496994,https://kmmsam.com/ixp/119/p/missoula-man-charged-with-sexual-assault-involving-a-minor/,2022-08-03,regular,
1056839839,20220802,TWN,CHN,130,13,-4.4,-3.11111111111111,https://www.entornointeligente.com/pelosi-llega-a-taiwn-y-crece-las-tensiones-con-china/,2022-08-02,regular,
1057328791,20220805,RUS,RUS,161,16,-4.0,-3.38983050847457,https://dnes.dir.bg/svyat/moskva-goni-14-balgarski-diplomati,2022-08-05,regular,
1056936110,20220803,USA,,138,13,-7.0,-2.3841059602649,https://www.governing.com/now/no-america-is-not-on-the-verge-of-a-new-civil-war,2022-08-03,regular,
1056992718,20220803,CHN,USA,130,13,-4.4,1.03359173126615,https://www.msn.com/en-xl/news/other/lithuanian-foreign-minister-praises-pelosis-visit-to-taiwan/ar-AA10gaft,2022-08-03,regular,
1056639500,20220801,USA,ISR,182,18,-9.5,-9.6837944664032,https://www.jewishpress.com/news/terrorism-news/pa-doubles-salaries-to-terrorists-who-murdered-12-people-in-hebrew-u-and-halamish/2022/08/01/,2022-08-01,regular,
1057395329,20220805,CHN,TWN,150,15,-7.2,-4.63576158940397,https://miamidiario.com/china-sanciona-a-la-presidenta-de-la-camara-de-representantes-de-estados-unidos-y-suspende-cooperacion-con-el-pais/,2022-08-05,regular,
1057299633,20220805,USA,,141,14,-6.5,4.25531914893617,https://www.tahlequahdailypress.com/news/youth-attends-afr-summit/article_84e1964b-8f89-5e2d-9122-81c2dcb1f5ca.html,2022-08-05,regular,
1057489800,20220806,USA,,100,10,-5.0,-5.69444444444445,https://www.sacurrent.com/news/gov-greg-abbott-appoints-officer-indicted-for-misconduct-during-george-floyd-protests-to-police-regulatory-agency-29534308,2022-08-06,regular,
1056980431,20220803,USA,USA,100,10,-5.0,-8.61723446893787,https://www.newsweek.com/johnny-depp-lawyers-defense-calling-amber-heard-whore-texts-unsealed-documents-1730430,2022-08-03,regular,
1056617679,20220801,,USA,141,14,-6.5,-2.36111111111111,https://m.lasvegassun.com/news/2022/jul/31/california-not-counting-methane-leaks-from-idle-we/,2022-08-01,regular,
1057067706,20220804,CHN,,130,13,-4.4,-2.82317979197623,https://www.elpais.com.uy/mundo/taiwan-mantiene-desafiante-amenazas-militares-china-visita-pelosi.html,2022-08-04,regular,
1057037670,20220803,USA,,100,10,-5.0,-2.72108843537415,https://ici.radio-canada.ca/nouvelle/1902957/biden-acces-avortement-decret,2022-08-03,regular,
1056593945,20220801,USA,UKR,180,18,-9.0,-2.5,https://www.thestar.com.my/news/world/2022/08/01/britain-says-russia-has-continued-to-attempt-tactical-assaults-on-bakhmut-axis,2022-08-01,regular,
1056996701,20220803,USA,,160,16,-4.0,-0.79417604235605,https://www.bridgemi.com/michigan-government/gibbs-upsets-meijer-stevens-wins-thanedar-leads-michigan-congress-races,2022-08-03,regular,
1056676587,20220801,USA,,172,17,-5.0,-10.2373887240357,https://www.inforum.com/news/north-dakota/dem-npl-lawmakers-ask-for-attorney-general-opinion-on-conflicts-within-north-dakotas-abortion-laws,2022-08-01,regular,
1057613499,20220807,BGD,DEU,182,18,-9.5,-5.79710144927536,https://bdnews24.com/bangladesh/iijdsdiz7a,2022-08-07,regular,
1057165840,20220804,,USA,130,13,-4.4,-3.09477756286267,https://www.geo.tv/latest/431719-south-africa-reports-first-death-causally-linked-to-covid-vaccine,2022-08-04,regular,
1056688164,20220801,RUS,UKR,130,13,-4.4,0.57803468208093,https://www.teleamazonas.com/eeuu-enviara-mas-armas-por-valor-de-usd-550-millones-a-ucrania/,2022-08-01,regular,
1056761077,20220802,GBR,,100,10,-5.0,-0.74294205052006,https://www.capital.gr/forbes/3650694/marmara-parthenona-ti-simatodotei-protasi-tou-bretanikou-mouseiou-gia-sunergasia-me-tin-ellada,2022-08-02,regular,
1056687293,20220801,CHN,TWN,130,13,-4.4,0.12733446519524,http://www.mindefensa.gob.ve/mindefensa/2022/08/01/gran-muralla-de-acero-para-la-seguridad-de-la-patria-piedra-angular-para-la-paz-mundial-en-celebracion-del-95-aniversario-del-ejercito-popular-de-liberacion-de-china/,2022-08-01,regular,
1057249391,20220805,CHN,,150,15,-7.2,-4.26267281105991,https://www.emol.com/noticias/Internacional/2022/08/04/1068960/tension-china-taiwan-guerra-hibrida.html,2022-08-05,regular,
1057516662,20220806,GBR,,1712,17,-9.2,-12.0772946859904,https://www.stuff.co.nz/waikato-times/news/129502514/cambridge-cemetery-desecration-police-arrest-charge-two-more-men-for-alleged-vehicular-vandalism,2022-08-06,regular,
1056795138,20220802,CHN,TWN,154,15,-7.2,-1.56739811912226,https://www.ellitoral.com/internacionales/china-eeuu-xi-jinping-asia-taiwan-isla-unidos-joe-biden-nancy-pelosi-camara-representantes-democratas_0_t9xnJTBF9a.html,2022-08-02,regular,
1056918488,20220803,CHN,USA,160,16,-4.0,-0.90744101633394,https://www.breitbart.com/economy/2022/08/02/exclusive-sen-dan-sullivan-only-opponents-to-my-deregulation-resolution-are-radical-environmental-groups-trial-lawyers-ccp-john-kerry/,2022-08-03,regular,
1056692067,20220801,USA,,180,18,-9.0,-12.5193199381762,https://www.usatoday.com/story/entertainment/celebrities/2022/08/01/rapper-mystikal-arrested-rape-battery-charges/10202308002/,2022-08-01,regular,
1057364795,20220805,,USA,100,10,-5.0,-3.33333333333333,https://yourradioplace.com/community-news/new-boil-order-in-effect-in-guernsey-county/,2022-08-05,regular,
1057517562,20220806,USA,,175,17,-9.0,-8.39160839160839,https://www.foxnews.com/us/multiple-arrested-new-york-city-pro-abortion-protesters-shout-down-catholic-parishioners-outside-church,2022-08-06,regular,
1057498438,20220806,USA,RUS,100,10,-5.0,-3.48837209302325,https://blitz.bg/svyat/isw-arestovich-nazova-orzhieto-koeto-mozhe-da-unishchozhi-himars-v-ukrayna-rusiya-go-e-zadeystvala_news900797.html,2022-08-06,regular,
1057325114,20220805,RUS,BGR,161,16,-4.0,-2.0,https://www.dnevnik.bg/bulgaria/2022/08/05/4377247_rusiia_obiavi_14_slujiteli_na_bulgarskoto_posolstvo_za/,2022-08-05,regular,
1056723003,20220802,,GBR,160,16,-4.0,-7.40740740740741,https://www.1057thepoint.com/music-news/bad-religion-dealing-with-family-emergency-cancels-uk-european-tour-dates/,2022-08-02,regular,
1056671740,20220801,IRN,USA,163,16,-8.0,0.48426150121065,https://www.foxnews.com/politics/biden-admin-citing-trump-era-order-takes-action-companies-supporting-iranian-petrochemical-firm,2022-08-01,regular,
1057533346,20220807,USA,,173,17,-5.0,-6.38297872340424,https://www.azcentral.com/story/news/local/phoenix/2022/08/06/man-sentenced-24-years-2013-killing-officer-jorge-vargas/10259187002/,2022-08-07,regular,
1057431220,20220806,USA,,173,17,-5.0,0.0,https://sanangelolive.com/news/crime/2022-08-05/tom-green-county-sheriffs-office-responds-former-police-chief-vasquez-sentencing,2022-08-06,regular,
1056835111,20220802,,USA,173,17,-5.0,-6.36363636363637,https://www.ocala.com/story/news/crime/2022/08/02/home-invasion-victim-near-ocala-florida-knows-accused-man/10207010002/,2022-08-02,regular,
1056628567,20220801,GBR,,173,17,-5.0,-6.76691729323308,https://www.kilburntimes.co.uk/news/crime/leonidas-georgalla-charged-wembley-murder-9181466,2022-08-01,regular,
1057109351,20220804,CHN,,141,14,-6.5,-2.97619047619047,https://www.msn.com/en-us/news/world/china-launches-military-exercises-around-taiwan-after-pelosi-visit/ar-AA10hZDl,2022-08-04,regular,
1057259759,20220805,,DEU,173,17,-5.0,-4.35955963472416,https://primamedia.ru/news/1334513/,2022-08-05,regular,
1057443869,20220805,JPN,JPN,154,15,-7.2,-3.7542662116041,https://www.vrt.be/vrtnws/nl/2022/08/05/tweede-dag-van-chinese-militaire-oefeningen-rond-taiwan-kat-en/,2022-08-05,regular,
1057210875,20220804,USA,,173,17,-5.0,0.20481310803892,https://www.uzdaily.com/ru/post/70806,2022-08-04,regular,
1057568910,20220807,GBR,GBR,175,17,-9.0,-9.12052117263844,https://www.lep.co.uk/news/crime/three-new-arrests-linked-to-killing-of-british-journalist-dom-phillips-and-amazon-expert-in-brazil-3796478,2022-08-07,regular,
1057317604,20220805,,USA,186,18,-10.0,1.44694533762058,https://www.desmoinesregister.com/story/news/2022/08/05/old-capitol-dome-regilded-university-of-iowa-students-return/10179398002/,2022-08-05,regular,
1057013483,20220803,,CHN,150,15,-7.2,-1.25195618153365,https://www.m24.ru/articles/obshchestvo/03082022/487599,2022-08-03,regular,
1056672807,20220801,RUS,,138,13,-7.0,-6.57276995305165,https://www.dcnews.ro/scenariul-de-care-ne-temem-cu-totii-este-la-doar-o-neintelegere-distanta-seful-onu-avertizeaza-asupra-distrugerii-nucleare_881577.html,2022-08-01,regular,
1056998807,20220803,CHN,,172,17,-5.0,-4.52898550724638,https://ajot.com/news/taiwan-turmoil-prompts-detours-delays-for-global-shipping,2022-08-03,regular,
1056883646,20220802,PAK,EUR,100,10,-5.0,-3.625,https://www.yahoo.com/lifestyle/slain-al-qaeda-leader-presence-214554446.html,2022-08-02,regular,
1057187377,20220804,,FRA,173,17,-5.0,-3.77923723931328,https://weeklyworker.co.uk/worker/1406/supplement-the-general-strike-and-classical-marxis/,2022-08-04,regular,
1057248922,20220805,USA,,173,17,-5.0,-6.79271708683473,https://www.greatfallstribune.com/story/news/health/2022/08/04/montana-mans-plight-underscores-challenges-of-prosecuting-mentally-ill/65392792007/,2022-08-05,regular,
1057021267,20220803,USA,,172,17,-5.0,-2.5,https://www.shootinguk.co.uk/guns/buy-gun-guide/what-is-the-best-shotgun-for-wildfowling-134173,2022-08-03,regular,
1057071605,20220804,USA,,173,17,-5.0,-5.77557755775578,https://www.riverbender.com/topnews/details.cfm?id=386872,2022-08-04,regular,
1056786006,20220802,USA,,160,16,-4.0,6.47058823529412,https://tmi.maariv.co.il/celebs-news/Article-935883,2022-08-02,regular,
1057477017,20220806,TWN,CHN,130,13,-4.4,-4.51263537906137,https://www.gopusa.com/control-over-shipping-lanes-only-step-1-for-beijing/,2022-08-06,regular,
1057288327,20220805,,RUS,173,17,-5.0,-3.6779324055666,https://www.jwire.com.au/jewish-agency-in-russia-soldiers-on-despite-tensions-immigration-surge/,2022-08-05,regular,
1057037548,20220803,MDV,USA,180,18,-9.0,-7.19424460431655,http://www.surinametimes.com/ruim-zeven-jaar-cel-voor-capitool-bestormer-hoogste-straf-tot-nu/,2022-08-03,regular,
1057591928,20220807,FRA,ESP,100,10,-5.0,-0.30712530712531,http://www.psuv.org.ve/temas/noticias/toma-posesion-gustavo-petro-y-francia-marquez-marca-momento-estelar-esperanza-colombia/,2022-08-07,regular,
1057062177,20220803,USA,USA,172,17,-5.0,-5.26315789473685,https://www.nytimes.com/2022/08/03/opinion/anti-abortion-kansas.html,2022-08-03,regular,
1056872032,20220802,USA,TWN,141,14,-6.5,-1.7102615694165,https://consortiumnews.com/2022/08/02/playing-with-fire-china-on-pelosi-in-taiwan/,2022-08-02,regular,
1057507658,20220806,,USA,172,17,-5.0,-2.36794171220401,https://www.bizpacreview.com/2022/08/06/trump-desantis-cruz-cpac-attendees-happily-share-their-top-picks-for-2024-1270453/,2022-08-06,regular,
1057107574,20220804,CHN,,173,17,-5.0,-2.21987315010571,https://menafn.com/1104642888/Pelosi-Lauds-Taiwan-Says-Chinas-Fury-Cannot-Stop-Visits-By-World-Leaders,2022-08-04,regular,
1057127316,20220804,RUS,RUS,173,17,-5.0,-3.00751879699248,http://special.tass.ru/politika/15391645,2022-08-04,regular,
1056928508,20220803,,CHN,130,13,-4.4,-2.64765784114053,https://www.diariosigloxxi.com/texto-ep/mostrar/20220803044311/estados-unidos-asegurar-estar-preparado-ante-respuesta-china-viaje-pelosi-taiwan,2022-08-03,regular,
1056975061,20220803,CHN,,154,15,-7.2,-2.14932126696832,https://stepagency-sy.net/2022/08/03/%D8%B2%D9%8A%D8%A7%D8%B1%D8%A9-%D9%86%D8%A7%D9%86%D8%B3%D9%8A-%D8%A8%D9%8A%D9%84%D9%88%D8%B3%D9%8A-%D9%84%D8%AA%D8%A7%D9%8A%D9%88%D8%A7%D9%86/,2022-08-03,regular,
1057537177,20220807,USA,USA,180,18,-9.0,-4.81927710843373,https://www.news-journal.com/4-takeaways-from-aps-mormon-church-sex-abuse-investigation/article_c00a7178-1538-11ed-b0db-37b24d7c9a12.html,2022-08-07,regular,
1056647836,20220801,RUS,,173,17,-5.0,-1.61166538756716,https://www.ansa.it/sito/notizie/mondo/2022/08/01/ucraina-prende-il-largo-la-prima-nave-con-il-grano.-nuovi-attacchi-e-vittime-a-mykolaiv_ee452623-7f0b-4b6a-9828-3ba4f9d8591c.html,2022-08-01,regular,
1057124600,20220804,,RUS,150,15,-7.2,0.3690036900369,https://runews24.ru:443/veliky-novgorod/04/08/2022/33966a3e1af170f471fe51bc7e04142e,2022-08-04,regular,
1056640613,20220801,CHN,USA,100,10,-5.0,-1.34168157423972,https://english.news.cn/20220801/5c359200efd245fbafff216bd9992263/c.html,2022-08-01,regular,
1061472476,20220904,USA,USA,180,18,-9.0,-3.36808340016039,https://www.americanthinker.com/articles/2022/09/i_feel_the_earth_move_under_my_feet_.html,2022-09-04,regular,
1061290240,20220902,USA,,1721,17,-5.0,-5.33333333333333,https://newsbusters.org/blogs/free-speech/catherine-salgado/2022/09/02/bombshell-allegation-exposes-govt-big-tech-collusion,2022-09-02,regular,
1060902389,20220831,RUS,TWN,150,15,-7.2,-3.63777089783282,https://literalmagazine.com/el-perro-mundo-de-siempre/,2022-08-31,regular,
1061112715,20220901,ISR,FRA,173,17,-5.0,-3.89851485148515,https://www.timesofisrael.com/liveblog-september-01-2022/,2022-09-01,regular,
1060790707,20220830,RUS,,154,15,-7.2,-2.97666934835076,https://www.tv3.lt/naujiena/uzsienis/karas-ukrainoje-ukraina-putino-slapta-mobilizacija-patyre-nesekme-i-fronta-siunciama-vis-daugiau-samdiniu-n1186153,2022-08-30,regular,
1061063050,20220901,USA,,173,17,-5.0,1.68067226890756,https://www.apartmenttherapy.com/ohio-dome-home-geometric-dream-37127581,2022-09-01,regular,
1061386114,20220903,,USA,182,18,-9.5,-9.99999999999997,https://dailyvoice.com/connecticut/danbury/police-fire/20-year-old-woman-airlifted-after-i-84-pileup-crash/842430/,2022-09-03,regular,
1060980038,20220831,CHN,,1822,18,-9.0,-5.0,https://www.punjabkesari.in/international/news/china-continues-to-suppress-tibet-over-human-rights-1666389,2022-08-31,regular,
1060930595,20220831,KGZ,RUS,1044,10,-5.0,-7.8125,https://independent.typepad.com/elindependent/2022/08/cotidiano-30.html,2022-08-31,regular,
1061416529,20220903,,USA,182,18,-9.5,-5.24861878453038,https://isp.netscape.com/news/world/story/0001/20220903/bfdd32ec19bee3d943c4a2b8aa249747,2022-09-03,regular,
1060889890,20220831,USA,,173,17,-5.0,-8.48214285714286,https://www.kitv.com/news/crime/oahu-woman-arrested-twice-for-dui-overnight-tuesday-by-same-hpd-officer/article_a7320d5a-28d4-11ed-9c18-6f4a088cf573.html,2022-08-31,regular,
1062263677,20220902,USA,,180,18,-9.0,-0.33594624860022,https://www.foxnews.com/us/liza-fletcher-remembered-memphis-community-honors-slain-teacher-finishing-her-morning-jog,2022-09-02,regular,
1060622188,20220829,CAN,GBR,172,17,-5.0,2.10526315789474,https://elitetraveler.com/cars-jets-and-yachts/yachts/njord-by-bergman-design-house,2022-08-29,regular,
1060602634,20220829,EUR,RUS,172,17,-5.0,0.0,https://vz.ru/news/2022/8/29/1174830.html,2022-08-29,regular,
1061095179,20220901,,RUS,130,13,-4.4,-8.60215053763441,https://www.naharnet.com/stories/en/292288-icrc-chief-time-to-stop-playing-with-fire-round-ukraine-nuclear-plant,2022-09-01,regular,
1061082959,20220901,UKR,RUS,180,18,-9.0,-6.14754098360656,https://www.arabnews.com/node/2154321/world,2022-09-01,regular,
1061084953,20220901,IRN,CHN,130,13,-4.4,-5.91630591630591,https://www.la-croix.com/Monde/En-URSS-lheritage-clair-obscur-Mikhail-Gorbatchev-2022-09-01-1201231154,2022-09-01,regular,
1061464028,20220904,,USA,173,17,-5.0,-8.73362445414847,https://www.kens5.com/article/news/crime/san-antonio-man-arrested-on-charges-of-sex-trafficking-minor/273-9c5e1dfc-350a-4f35-812c-7545134c8626,2022-09-04,regular,
1061160505,20220901,CHN,,130,13,-4.4,-4.08163265306123,https://www.stuff.co.nz/world/asia/300677235/farce-china-dismisses-un-report-on-possible-crimes-against-humanity,2022-09-01,regular,
1061464495,20220904,USA,,130,13,-4.4,-6.80147058823529,https://www.natureworldnews.com/articles/52910/20220904/39-million-people-risk-extreme-heat-persists-west-blackouts-threaten.htm,2022-09-04,regular,
1061376300,20220903,NZL,USA,100,10,-5.0,4.16666666666666,https://www.sunlive.co.nz/news/301764-next-kiwi-film-makers-to-be-on-display.html,2022-09-03,regular,
1060893993,20220831,DEU,,173,17,-5.0,-10.126582278481,https://www.riponpress.com/news/berlin-man-charged-for-ripon-apartment-burglary/article_54798c70-28b9-11ed-ae49-ab2c879bc862.html,2022-08-31,regular,
1061180682,20220901,USA,USA,174,17,-5.0,-5.0125313283208,https://www.heritagefl.com/story/2022/09/02/opinions/cnn-gets-it-partially-right-about-antisemitism/17091.html,2022-09-01,regular,
1061104266,20220901,RUS,UKR,180,18,-9.0,-2.61521972132905,https://www.understandingwar.org/backgrounder/russian-offensive-campaign-assessment-august-31,2022-09-01,regular,
1061037196,20220901,USA,,130,13,-4.4,-2.78481012658228,https://www.breitbart.com:443/politics/2022/08/31/watch-democrats-warnock-cortez-masto-ripped-over-endangering-supreme-court-justices/,2022-09-01,regular,
1061315616,20220902,USA,,173,17,-5.0,-5.83468395461913,https://gov.texas.gov/news/post/operation-lone-star-brings-national-attention-to-growing-border-crisis,2022-09-02,regular,
1061115972,20220901,,USA,160,16,-4.0,-6.720741599073,https://www.heritage.org/political-process/commentary/trump-impeachment-hinges-whether-he-had-corrupt-intent-taking-lawful,2022-09-01,regular,
1060993973,20220831,,USA,173,17,-5.0,-8.09128630705395,https://www.univision.com/local/houston-kxln/condena-george-glynn-banta-abuso-sexual-carcel-houston,2022-08-31,regular,
1060639890,20220829,,USA,173,17,-5.0,-2.95566502463055,https://www.middleeastmonitor.com/20220829-saudi-red-crescent-helps-seven-saudi-detainees-in-guantanamo-to-communicate-with-their-families/,2022-08-29,regular,
1061415353,20220903,USA,EGY,145,14,-7.5,-1.84757505773672,https://www.elperiodico.com/es/ocio-y-cultura/20220903/museo-met-nueva-york-devuelve-antiguedades-saqueadas-egipto-italia-14413101,2022-09-03,regular,
1060698180,20220829,USA,,100,10,-5.0,-3.54767184035477,https://themedialine.org/top-stories/iraq-on-the-brink-of-a-shiite-shiite-war/,2022-08-29,regular,
1061004372,20220831,,USA,172,17,-5.0,0.49261083743842,https://www.tucsonsentinel.com/local/report/083122_grand_canyon_mine_ban/poll-arizonans-want-ban-uranium-mining-near-grand-canyon/,2022-08-31,regular,
1061444165,20220904,USA,,141,14,-6.5,-7.2972972972973,https://www.dailymail.co.uk/news/article-11177565/Trump-calls-Biden-enemy-state-campaign-like-rally-Pennsylvania-Dr-Oz.html,2022-09-04,regular,
1060600153,20220829,UKR,RUS,138,13,-7.0,-6.35964912280702,https://www.slobodna-bosna.ba/vijest/264967/digitalno_ratovanje_kako_se_ukrajina_oduprla_ruskim_kibernetichkim_napadima.html,2022-08-29,regular,
1060798303,20220830,DEU,,131,13,-5.8,0.0,https://aif.ru/politics/world/germaniya_priostanovit_soglashenie_ob_oblegchenii_vizovogo_rezhima_s_rf,2022-08-30,regular,
1060671172,20220829,EUR,,162,16,-5.6,-3.07971014492754,https://riafan.ru/23616657-eto_poka_esche_tsvetochki_politolog_maslennikov_ob_ostanovke_krupneishih_zavodov_evropi,2022-08-29,regular,
1060877591,20220831,,USA,1724,17,-5.0,-3.6,https://www.directrelief.org/2022/08/emergency-update-flooding-in-pakistan-and-mississippi-oregon-wildfires/,2022-08-31,regular,
1061184227,20220901,,USA,173,17,-5.0,-10.3646833013436,https://mtstandard.com/news/state-and-regional/update-billings-man-seeking-exoneration-after-victim-recants/article_0aa9540c-e09f-5efc-b81a-fd35333e7459.html,2022-09-01,regular,
1060969487,20220831,USA,,172,17,-5.0,-6.73854447439354,https://www.foxnews.com/politics/planned-parenthood-aclu-sue-block-indiana-abortion-ban,2022-08-31,regular,
1061190209,20220901,USA,,138,13,-7.0,-0.42735042735043,https://i95rocks.com/hermon-man-replaces-burned-flags/,2022-09-01,regular,
1061406722,20220903,RUS,,181,18,-9.0,-4.12595005428882,https://www.investing.com/news/commodities-news/un-team-to-inspect-ukrainian-nuclear-plant-on-mission-to-avert-disaster-2883826,2022-09-03,regular,
1061197221,20220902,USA,DEU,173,17,-5.0,-2.33766233766233,https://1057thehawk.com/lodi-nj-schools-superintendent-arrest-accused-of-punching-woman-in-seaside-heights/,2022-09-02,regular,
1061137958,20220901,USA,USA,173,17,-5.0,-7.7639751552795,https://bossierpress.com/drug-trafficker-receives-15-year-sentence-for-possession-of-methamphetamine/,2022-09-01,regular,
1060936320,20220831,EUR,RUS,181,18,-9.0,-3.87596899224806,https://www.expressen.se/debatt/inte-ens-moderater-vill--ha-kristersson-som-ledare/,2022-08-31,regular,
1061123455,20220901,USA,,1053,10,-5.0,-6.00375234521576,https://sourcenm.com/2022/09/01/brazilian-asylum-seeker-who-died-by-suicide-held-in-horrific-conditions-attorneys-say/,2022-09-01,regular,
1061370038,20220903,USA,,173,17,-5.0,-6.14525139664805,https://www.shorenewsnetwork.com/2022/09/02/victim-assistance-advisory/,2022-09-03,regular,
1061312464,20220902,USA,,173,17,-5.0,-4.26164519326066,https://www.indystar.com/story/news/local/hamilton-county/2022/09/02/carmel-marijuana-case-led-indy-crime-lab-to-stop-testing-cannabis/65469722007/,2022-09-02,regular,
1061445010,20220904,FRA,,173,17,-5.0,2.30263157894737,https://www.voici.fr/news-people/marine-lorphelin-elle-se-confie-sur-sa-rencontre-inoubliable-avec-bernadette-chirac-737493,2022-09-04,regular,
1061006957,20220831,FRA,DEU,172,17,-5.0,-4.15140415140416,https://www.iltalehti.fi/ulkomaat/a/9663996e-124f-44cb-89b4-94073ffbb8b5,2022-08-31,regular,
1061424412,20220903,USA,,143,14,-6.5,-1.69491525423729,https://themilitant.com/2022/09/03/calif-mental-health-workers-we-fight-for-our-patients/,2022-09-03,regular,
1061167523,20220901,RUS,UKR,173,17,-5.0,-7.33590733590734,https://www.pravda.ru/news/world/1742588-rossiiskogo_komandira_tanka_prigovorili_k_tjurme_na_ukraine/,2022-09-01,regular,
1061025469,20220831,KOR,JPN,1822,18,-9.0,-2.92792792792793,https://www.hankookilbo.com/News/Read/A2022083116490005298,2022-08-31,regular,
1061414944,20220903,,RUS,100,10,-5.0,1.2531328320802,https://www.lesoir.be/463276/article/2022-09-03/lunion-europeenne-prete-resister-une-coupure-totale-du-gaz-russe-selon-le,2022-09-03,regular,
1060868481,20220831,USA,,173,17,-5.0,3.38983050847458,https://www.wxxinews.org/local-news/2022-08-30/advocating-for-individuals-with-intellectual-and-developmental-disabilities,2022-08-31,regular,
1061456469,20220904,RUS,EUR,183,18,-10.0,-6.35245901639344,https://www.hotnews.ro/stiri-razboi_ucraina-25770517-live-razboi-ucraina-ziua-193-zelenski-aceasta-iarna-rusia-pregateste-pentru-atac-decisiv-ceea-priveste-energia-asupra-tuturor-europenilor.htm,2022-09-04,regular,
1061070762,20220901,USA,,173,17,-5.0,-4.21892816419612,https://www.koat.com/article/beds-chained-allegedly-starving-children/41047495,2022-09-01,regular,
1061435784,20220903,USA,,141,14,-6.5,-2.53333333333334,https://www.sharonherald.com/cnhi_network/house-panel-hears-about-emergency-services-crises-in-pa/article_b70eca40-db53-5ca3-a0e1-57f6d1705821.html,2022-09-03,regular,
1062001431,20220901,,USA,181,18,-9.0,-6.86015831134565,http://www.foxradiook.com/2022/09/07/body-found-in-memphis-is-identified-as-kidnapped-jogger-eliza-fletcher/,2022-09-01,regular,
1061393123,20220903,JOR,GBR,174,17,-5.0,-1.30718954248366,https://dailypost.ng/2022/09/03/epl-jordan-questions-boehlys-decision-to-sign-banished-striker/,2022-09-03,regular,
1060689863,20220829,USA,,138,13,-7.0,-4.03587443946188,https://www.newsy.com/stories/the-long-road-to-recovery-after-hurricane-ida/,2022-08-29,regular,
1061424361,20220903,UKR,RUS,138,13,-7.0,-11.4457831325301,https://menafn.com/1104805890/Threat-To-Humanity-Zelensky-Shows-Consequences-Of-Russian-Invasion,2022-09-03,regular,
1061161593,20220901,USA,USA,173,17,-5.0,-11.2648221343873,http://www.lemarssentinel.com/story/2962902.html,2022-09-01,regular,
1061138723,20220901,RUS,UKR,173,17,-5.0,-1.71673819742489,http://es.euronews.com/2022/09/01/contraofensiva-ucraniana-esperanza-a-los-vecinos-atrapados-linea-frente-rusia,2022-09-01,regular,
1061342841,20220902,,USA,160,16,-4.0,1.61290322580645,https://menafn.com/1104803588/On-Labor-Day-A-Mixed-Review-Of-US-Unions-Role,2022-09-02,regular,
1060719269,20220830,GBR,,1821,18,-9.0,-9.51800232288037,https://www.coastfm.co.uk/news/uk/families-of-serial-killer-stephen-ports-victims,2022-08-30,regular,
1061094747,20220901,DEU,,180,18,-9.0,-5.49450549450549,https://www.thefirstnews.com/article/germany-acknowledges-historical-responsibility-for-wwii-says-ambassador-32772,2022-09-01,regular,
1061181666,20220901,,USA,172,17,-5.0,-2.69461077844312,https://www.autobodynews.com/index.php/southeastern/item/27015-tie-to-california-law-could-kill-virginia-gas-vehicle-sales-by-2035.html,2022-09-01,regular,
1061341650,20220902,USA,,130,13,-4.4,-3.95256916996048,https://www.havredailynews.com/story/2022/09/02/local/harmful-algal-bloom-warning-issued-for-beaver-creek-reservoir/539480.html,2022-09-02,regular,
1060801512,20220830,RUS,,172,17,-5.0,-3.77430423179566,https://www.gmx.ch/magazine/politik/russland-krieg-ukraine/ukraine-krieg-live-ticker-russland-droht-konsequenzen-falle-eu-einreiseverbotsfuer-russen-37206448,2022-08-30,regular,
1060873954,20220831,USA,,173,17,-5.0,-10.9243697478991,https://wlds.com/harris-sentenced-to-two-life-terms-in-cass-double-murder/,2022-08-31,regular,
1060865721,20220830,USA,,173,17,-5.0,-6.03864734299516,https://www.latimes.com/california/story/2022-08-30/nurse-charged-with-killing-six-in-windsor-hills-crash-may-have-had-lapse-in-consciousness-at-time-of-accident,2022-08-30,regular,
1061421018,20220903,,USA,173,17,-5.0,-6.25,https://www.kimt.com/news/cerro-gordo-county/man-charged-with-attempted-murder-after-woman-shot-with-arrow-in-mason-city/article_90c35764-2b8f-11ed-b6f7-8713cc742b0d.html,2022-09-03,regular,
1061016812,20220831,LVA,RUS,172,17,-5.0,-3.03830911492734,https://kvia.com/entertainment/cnn-style/2022/08/31/european-union-makes-it-more-difficult-for-russians-to-visit-but-stops-short-of-full-visa-ban/,2022-08-31,regular,
1061024318,20220831,USA,,173,17,-5.0,-8.9041095890411,https://www.mdjonline.com/tribune/georgia/deputy-accused-of-falsely-claiming-she-was-sexually-assaulted-sentenced-to-probation/article_1f3a51e9-43d4-5aa6-9e15-bc1b9664aacf.html,2022-08-31,regular,
1061190049,20220901,,USA,100,10,-5.0,-0.19169329073482,https://www.orfonline.org/expert-speak/new-delhi-recalibrates-its-latin-american-policy/,2022-09-01,regular,
1061224891,20220902,UKR,RUS,180,18,-9.0,-6.74698795180723,https://www.bhaskar.com/international/news/suspected-death-of-russias-oil-king-ravil-maganov-130263137.html,2022-09-02,regular,
1060716259,20220830,USA,,173,17,-5.0,-6.85920577617328,https://www.carolinacoastonline.com/regional/article_e94e431a-27ef-11ed-8437-0f601e2de104.html,2022-08-30,regular,
1061330423,20220902,,USA,173,17,-5.0,-8.37606837606838,https://www.tnonline.com/20220902/man-gets-3-to-6-years-for-dui-fatal-crash/,2022-09-02,regular,
1060619280,20220829,UKR,RUS,130,13,-4.4,-3.51768246802107,https://www.lexpress.mu/article/405177/en-fil-rouge-ukraine-g7-exige-libre-acces-laiea-centrale-zaporijjia,2022-08-29,regular,
1061411707,20220903,USA,,160,16,-4.0,3.61216730038023,https://www.register-herald.com/health/omicron-booster-arriving-in-w-va/article_203610d4-2b32-11ed-97fc-b300ff081bec.html,2022-09-03,regular,
1060901310,20220831,DEU,RUS,160,16,-4.0,-4.66666666666667,https://www.prokerala.com/news/articles/a1340468.html,2022-08-31,regular,
1061085548,20220901,,USA,173,17,-5.0,-7.91457286432161,https://www.sharonherald.com/news/police-news-for-aug-27-2022/article_41350076-24cd-11ed-9932-4ff64f692c5a.html,2022-09-01,regular,
1061199771,20220902,USA,,173,17,-5.0,-1.36986301369863,https://www.kbzk.com/news/crime-courts/woman-sentenced-to-prison-owing-over-140-000-in-acts-of-fraud,2022-09-02,regular,
1061339389,20220902,CAN,RUS,163,16,-8.0,-2.46575342465753,https://www.kuna.net.kw/ArticleDetails.aspx?id=3051764&Language=en,2022-09-02,regular,
1061176951,20220901,DEU,,173,17,-5.0,-8.75912408759124,https://www.jamaicaobserver.com/latest-news/hanover-man-charged-with-murder/,2022-09-01,regular,
1124323939,20220901,RUS,,180,18,-9.0,-3.23886639676113,https://zn.ua/ukr/WORLD/u-baltijskomu-mori-vpershe-provodjatsja-navchannja-z-vidbittja-rosijskoji-ataki/,2022-09-01,regular,
1061316129,20220902,,CHN,150,15,-7.2,-3.6734693877551,https://www.rfi.fr/fr/asie-pacifique/20220902-l-inde-participe-%C3%A0-reculons-%C3%A0-un-exercice-militaire-avec-la-russie-et-la-chine,2022-09-02,regular,
1061060179,20220901,USA,FRA,141,14,-6.5,1.4692378328742,https://warbirdsnews.com/warbird-articles/the-first-automatic-airplane-landing.html,2022-09-01,regular,
1060682988,20220829,,USA,173,17,-5.0,-5.91836734693878,https://www.wptv.com/news/parkland-shooting/testimony-parkland-school-shooter-witnessed-dads-death-at-age-5,2022-08-29,regular,
1060966957,20220831,,GBR,173,17,-5.0,-3.51758793969849,https://www.mylondon.news/news/zone-1-news/london-underground-man-who-tried-24895167,2022-08-31,regular,
1065746771,20220902,CHN,,172,17,-5.0,1.24333925399645,https://news.ltn.com.tw/news/focus/breakingnews/4076870,2022-09-02,regular,
1061376428,20220903,USA,,150,15,-7.2,-2.63929618768329,https://thebrunswicknews.com/news/local_news/law-enforcement-urges-safe-driving-over-holidays/article_42e9b647-1af0-5cb2-be44-50ccef0034d9.html,2022-09-03,regular,
1060779739,20220830,DEU,,172,17,-5.0,1.37362941292781,https://www.badische-zeitung.de/zweikraft-lok-alternative-antriebe-auf-der-schiene,2022-08-30,regular,
1061082955,20220901,UKR,RUS,138,13,-7.0,-6.08365019011407,http://www.rightspeak.net/2022/09/ukraine-has-begun-counter-offensive-to.html,2022-09-01,regular,
1060800526,20220830,SWE,EUR,172,17,-5.0,2.46913580246914,https://www.thegrocer.co.uk/technology-and-supply-chain/picadeli-set-to-launch-smart-salad-bars-in-uk/670920.article,2022-08-30,regular,
1061138722,20220901,RUS,UKR,173,17,-5.0,-1.71673819742489,http://es.euronews.com/2022/09/01/contraofensiva-ucraniana-esperanza-a-los-vecinos-atrapados-linea-frente-rusia,2022-09-01,regular,
1060755641,20220830,,USA,173,17,-5.0,-6.15206035983749,https://menafn.com/1104778712/Trump-Will-Be-Indicted-Yes-But-Where,2022-08-30,regular,
1061301818,20220902,PHL,CHN,152,15,-7.2,2.95358649789029,https://www.philstar.com/headlines/2022/09/03/2207017/us-defense-treaty-philippines-ironclad,2022-09-02,regular,
1060959002,20220831,USA,JPN,100,10,-5.0,1.86839967506093,https://www.boredpanda.com/funny-secrets-to-living-japan/,2022-08-31,regular,
1061281189,20220902,,CHN,1711,17,-9.2,-4.4579533941236,https://news.webindia123.com/news/Articles/World/20220902/3979526.html,2022-09-02,regular,
1065185161,20220928,GBR,,173,17,-5.0,-5.02325581395349,https://menafn.com/1104940628/Leicesters-Unrest-Is-A-Problem-For-The-Whole-City-Not-Just-Hindu-And-Muslim-Communities,2022-09-28,regular,
1064744280,20220926,RUS,UKR,100,10,-5.0,-5.69105691056911,https://www.laprensalatina.com/zelenskyy-accuses-russia-of-genocide-of-indigenous-peoples/,2022-09-26,regular,
1065178448,20220928,,RUS,174,17,-5.0,-1.47492625368732,https://www.periodistadigital.com/mundo/eeuu/20220928/tambores-guerra-eeuu-ordena-ciudadanos-salir-rusia-inmediato-noticia-689404770903/,2022-09-28,regular,
1065393675,20220930,UKR,RUS,138,13,-7.0,-4.16666666666667,https://www.hallandsposten.se/nyheter/v%C3%A4rlden/ryssland-tar-steg-mot-annektering-1.82166705,2022-09-30,regular,
1065392841,20220930,RUS,RUS,181,18,-9.0,-1.26182965299684,https://www.indystar.com/story/news/world/2022/09/23/americans-captured-russian-separatists-ukraine-return-united-states/8090635001/,2022-09-30,regular,
1065106303,20220928,RUS,DEU,162,16,-5.6,-6.36363636363637,https://en.haberler.com/former-polish-foreign-minister-thanks-us-for-1765955/,2022-09-28,regular,
1065334823,20220929,,USA,180,18,-9.0,-10.4060913705583,https://eurweb.com/2022/09/29/suspects-arrested-in-million-dollar-robbery-of-brooklyn-pastor-and-his-wife/,2022-09-29,regular,
1065601494,20221001,FIN,RUS,172,17,-5.0,-1.63551401869158,https://www.bbc.com/mundo/noticias-internacional-63084521,2022-10-01,regular,
1064736877,20220926,USA,USA,173,17,-5.0,0.99421547360809,https://www.nytimes.com/1977/08/14/archives/new-frontiers-in-american-philosophy-philosophy.html,2022-09-26,regular,
1065557226,20221001,,USA,173,17,-5.0,-12.5,https://www.whvoradio.com/2022/09/30/hopkinsville-man-indicted-for-attempted-fetal-homicide/news-edge/,2022-10-01,regular,
1064958769,20220927,,USA,173,17,-5.0,-7.77559055118113,https://pmnewsnigeria.com/2022/09/27/us-jails-ex-ogun-govs-aide-abidemi-rufai-five-years-for-massive-covid-relief-fraud/,2022-09-27,regular,
1065102651,20220928,EUR,,163,16,-8.0,-2.63157894736842,https://news.yam.md/ro/story/13505781,2022-09-28,regular,
1064862844,20220926,,USA,180,18,-9.0,-8.68200836820083,https://www.statesmanjournal.com/story/news/local/2022/09/26/john-rideout-man-from-historic-salem-oregon-marital-rape-case-sentenced-to-25-years-sexual-assault/69515326007/,2022-09-26,regular,
1065556702,20221001,,USA,100,10,-5.0,-0.95693779904306,https://www.telemundo47.com/noticias/local/informe-nyc-esta-trabajando-en-un-acuerdo-para-albergar-a-inmigrantes-en-un-crucero/2327801/,2022-10-01,regular,
1064895506,20220927,USA,,1821,18,-9.0,-8.02621722846441,https://www.cincinnati.com/story/news/2022/09/27/affidavits-2-more-raped-minors-were-denied-ohio-abortions/69520380007/,2022-09-27,regular,
1065567207,20221001,USA,ISR,163,16,-8.0,-2.25,https://www.oann.com/business/ben-jerrys-says/,2022-10-01,regular,
1064838535,20220926,USA,,173,17,-5.0,-5.0,http://www.courant.com/breaking-news/hc-br-connecticut-southbury-state-trooper-hit-drunk-driver-20220926-kdkvano26bbqxmxjhiqxiis27q-story.html,2022-09-26,regular,
1065308217,20220929,USA,,173,17,-5.0,-12.2302158273381,https://www.kbur.com/2022/09/29/iowa-city-man-sentenced-to-federal-prison-for-failure-to-register/,2022-09-29,regular,
1064891790,20220927,,USA,173,17,-5.0,-8.80913539967375,https://www.newsminer.com/news/alaska_news/steven-downs-sentenced-to-75-years-for-rape-murder-of-sophie-sergie/article_4a77724a-3dff-11ed-bfe1-df919c4fa68f.html,2022-09-27,regular,
1064916924,20220927,,RUS,173,17,-5.0,-4.32098765432098,https://www.asianews.it/news-en/World-Bank:-GDP-drops-in-East-Asia-and-South-Pacific-56744.html,2022-09-27,regular,
1065545285,20220930,USA,,172,17,-5.0,-7.98258345428157,https://tucson.com/news/local/crime-and-courts/christopher-clements-convicted-in-tucson-girls-killing/article_e52a1156-3f8c-11ed-9409-7fb66193ca5d.html,2022-09-30,regular,
1065730175,20221002,UKR,RUS,173,17,-5.0,0.60606060606061,https://ukranews.com/ua/news/885441-zelenskyj-obgovoryv-z-makronom-vazhlyvist-posylennya-oboronnoyi-pidtrymky-i-negajnoyi,2022-10-02,regular,
1065119486,20220928,RUS,,160,16,-4.0,-1.29496402877698,https://today.umd.edu/umd-researchers-help-launch-a-planetary-defense,2022-09-28,regular,
1065037561,20220928,GBR,UKR,130,13,-4.4,-4.88599348534202,https://www.bemidjipioneer.com/news/world/russia-issues-new-nuclear-warning-as-contested-ukraine-referendums-end,2022-09-28,regular,
1065211129,20220929,,FRA,100,10,-5.0,0.641025641025641,https://shipandbunker.com/news/world/238197-cma-cgm-did-not-order-more-lng-vessels-last-week,2022-09-29,regular,
1065552900,20221001,USA,,180,18,-9.0,-14.6464646464646,https://tucson.com/news/national/missouri-man-convicted-of-killing-2-women-2-children/article_55abcd81-b995-51bc-bfdb-7f52fb35024b.html,2022-10-01,regular,
1064774041,20220926,RUS,,130,13,-4.4,-7.81893004115226,https://dailypost.ng/2022/09/26/nuclear-weapons-therell-be-catastrophic-consequences-us-warns-putin/,2022-09-26,regular,
1065475994,20220930,GBR,,100,10,-5.0,-3.36633663366337,https://techcrunch.com/2022/09/30/molly-russell-inquest-verdict/,2022-09-30,regular,
1064819781,20220926,DEU,,1723,17,-5.0,1.34529147982063,https://siouxcityjournal.com/news/local/german-center-features-dyeing-art/article_640b8ea6-fc05-5919-817c-c9de3fbeb230.html,2022-09-26,regular,
1064915659,20220927,IND,RUS,173,17,-5.0,-5.64971751412429,https://timesofindia.indiatimes.com/city/coimbatore/sdpi-cadre-held-for-hurling-molotov-cocktail-at-bjp-office/articleshow/94467165.cms,2022-09-27,regular,
1064871313,20220926,,USA,173,17,-5.0,2.03252032520326,https://www.wthr.com/article/news/local/longtime-wthr-employee-walter-butch-bates-passes-away-at-73-indianapolis-indiana-army-vietnam-distinguished-flying-cross/531-c511716d-48b4-4694-a172-3b93b150953e,2022-09-26,regular,
1065082514,20220928,RUS,,160,16,-4.0,-5.11627906976744,https://www.24sata.hr/news/u-egzilu-u-latviji-ruski-slobodni-mediji-pruzaju-otpor-kremlju-862990,2022-09-28,regular,
1065158215,20220928,USA,USA,181,18,-9.0,-16.6666666666667,http://www.993thex.com/man-abducts-kidnaps-rapes-female-with-one-year-old-child-present/,2022-09-28,regular,
1065029522,20220927,CHN,CHN,172,17,-5.0,-0.77120822622108,https://cointelegraph.com/news/nuclear-and-gas-fastest-growing-energy-sources-for-bitcoin-mining-data,2022-09-27,regular,
1065166986,20220928,USA,ARM,173,17,-5.0,-2.14067278287462,https://www.stripes.com/opinion/2022-09-28/tensions-south-caucasus-armenia-azerbaijan-7501883.html,2022-09-28,regular,
1064980313,20220927,USA,,1821,18,-9.0,-2.29591836734694,https://apnews.com/d3f257e2efe28a695286c8a1230c1790,2022-09-27,regular,
1065130697,20220928,RUS,RUS,138,13,-7.0,-5.35714285714286,https://www.dailystar.co.uk/news/world-news/putins-dads-army-conscripts-fumble-28103277,2022-09-28,regular,
1065569198,20221001,GBR,,1723,17,-5.0,-1.04321907600596,https://www.somersetlive.co.uk/news/somerset-news/villagers-incandescent-rage-over-five-7627965,2022-10-01,regular,
1065613307,20221001,RUS,UKR,130,13,-4.4,-2.00240288346016,https://www.gmx.at/magazine/politik/russland-krieg-ukraine/ukraine-krieg-live-ticker-ukraine-eigener-aussage5000-russische-soldaten-lyman-eingekesselt-37340750,2022-10-01,regular,
1065404702,20220930,,GBR,100,10,-5.0,-11.1607142857143,https://www.walesonline.co.uk/news/uk-news/abattoir-owner-fined-300k-after-25142362,2022-09-30,regular,
1065697757,20221002,RUS,RUS,130,13,-4.4,-2.69865067466267,https://teknoblog.ru/2022/10/02/119338,2022-10-02,regular,
1065710531,20221002,FRA,,140,14,-6.5,-4.93273542600896,https://www.afropages.fr/tv5/burkina-tension-toujours-vive-la-france-prise-a-partie,2022-10-02,regular,
1065325869,20220929,FRA,EUR,100,10,-5.0,-3.07692307692308,https://www.nieuwsblad.be/cnt/dmf20220929_95444346,2022-09-29,regular,
1065753816,20221002,UKR,FRA,173,17,-5.0,0.49342105263158,https://24tv.ua/zelenskiy-rozpoviv-pro-peregovori-makronom-vizit-yermaka-pershoyi_n2169936,2022-10-02,regular,
1064760460,20220926,RUS,RUS,141,14,-6.5,-6.86274509803921,https://www.rferl.org/a/russia-protests-mobilization-ukraine-war/32052011.html,2022-09-26,regular,
1064891256,20220927,USA,,100,10,-5.0,-6.97674418604651,https://power620.iheart.com/featured/joe-soto/content/2022-09-26-chicago-police-search-for-men-robbing-food-trucks-on-south-side/,2022-09-27,regular,
1065438389,20220930,LTU,RUS,172,17,-5.0,-3.78006872852234,https://bnn-news.ru/nesmotrya-na-dejstvuyushhij-zapret-graniczu-litvy-peresekli-9-896-grazhdan-rossii-269564,2022-09-30,regular,
1065144399,20220928,RUS,UKR,154,15,-7.2,-4.32098765432099,https://ukranews.com/ua/news/884691-rosiya-vyvela-z-krymu-chastynu-moryakiv-j-aviatsiyi-ta-posylyla-ppo-rozvidka,2022-09-28,regular,
1065245272,20220929,EUR,,173,17,-5.0,-1.16086235489221,https://www.actualno.com/society/sydyt-v-strasburg-osydi-bylgarija-za-otkaz-da-promeni-pol-po-dokumenti-news_1819128.html,2022-09-29,regular,
1065648978,20221001,GBR,,172,17,-5.0,-1.3215859030837,https://napavalleyregister.com/news/local/st-helena-bans-gas-powered-leaf-blowers-approves-license-plate-cams/article_e71d4984-3f4f-11ed-b8af-3f5e6f87617e.html,2022-10-01,regular,
1065168183,20220928,USA,,130,13,-4.4,-4.6195652173913,https://www.courier-journal.com/story/news/crime/2022/09/28/louisville-teens-extorted-by-scammers-over-nude-photos-lmpd-warns/69525001007/,2022-09-28,regular,
1065498348,20220930,RUS,UKR,173,17,-5.0,-3.28358208955224,https://www.jutarnji.hr/vijesti/svijet/dok-se-na-ulicama-moskve-slavi-5-500-ruskih-vojnika-u-kljucnom-gradu-u-bezizlaznoj-situaciji-15255245,2022-09-30,regular,
1065252442,20220929,UKR,RUS,130,13,-4.4,-1.63170163170163,http://www.panorama.com.al/shtepia-e-bardhe-uashingtoni-nuk-do-te-njohe-aneksimin-e-paligjshem-te-territorit-ukrainas-2/,2022-09-29,regular,
1064974898,20220927,,USA,173,17,-5.0,-8.23909531502423,https://www.stltoday.com/news/local/crime-and-courts/ex-teacher-charged-with-raping-student-is-latest-st-louis-county-jail-inmate-death/article_eb436486-21ed-506a-b4a8-c8a5024188d2.html,2022-09-27,regular,
1065370940,20220929,,USA,173,17,-5.0,-5.39112050739957,http://www.msn.com/en-us/news/crime/father-teenage-son-charged-in-killing-of-rapper-pnb-rock/ar-AA12pnlw,2022-09-29,regular,
1065232504,20220929,USA,,100,10,-5.0,-4.39367311072057,https://www.wcnc.com/article/news/nation-world/biden-refugee-admissions-cap/507-faf555d5-dd0c-4282-8c67-cb0a6838382a,2022-09-29,regular,
1064983355,20220927,,USA,102,10,-5.0,0.0,https://news.yahoo.com/u-lawmakers-want-biden-action-152350115.html,2022-09-27,regular,
1065148602,20220928,EUR,UKR,163,16,-8.0,0.0,https://www.ukrinform.ua/rubric-world/3581416-konfiskovanu-ahtu-rosijskogo-oligarha-prodali-na-gibraltari-za-375-miljona.html,2022-09-28,regular,
1065432651,20220930,,USA,174,17,-5.0,5.61864913329348,https://www.csbj.com/premier/live-work-project-for-artists-nears-groundbreaking/article_75d7e102-4054-11ed-bbe8-cf83800d9dca.html,2022-09-30,regular,
1065665484,20221002,COL,USA,173,17,-5.0,-5.5793991416309,https://www.crhoy.com/mundo/eeuu-libera-a-sobrinos-de-esposa-de-maduro-en-canje-de-prisioneros-con-venezuela/,2022-10-02,regular,
1065221788,20220929,USA,,130,13,-4.4,-5.17482517482517,https://dunyanews.tv/en/Pakistan/669496-FM-Bilawal-warns-of-consequences-to-Taliban-isolation,2022-09-29,regular,
1065347264,20220929,CHN,JPN,180,18,-9.0,-3.80487804878049,https://www.urduvoa.com/a/what-is-behind-strained-china-japan-relations-29sep2022/6768421.html,2022-09-29,regular,
1065227817,20220929,USA,CHE,160,16,-4.0,-6.4516129032258,https://pakobserver.net/bilawal-warns-of-consequences-to-taliban-isolation/,2022-09-29,regular,
1065321342,20220929,RUS,,100,10,-5.0,-1.27659574468085,https://news.mail.ru/incident/53276498/,2022-09-29,regular,
1065049242,20220928,USA,,172,17,-5.0,2.36220472440945,https://1059therock.iheart.com/content/2022-09-27-beetlejuice-themed-pop-up-bar-opens-in-downtown-nashville/,2022-09-28,regular,
1065553359,20221001,RUS,,100,10,-5.0,-1.03850050658561,https://www.vesti.ru/article/2968465,2022-10-01,regular,
1065556432,20221001,USA,,100,10,-5.0,0.0,https://www.fox29.com/news/trump-investigation-documents-special-master,2022-10-01,regular,
1065449079,20220930,RUS,UKR,180,18,-9.0,-5.50847457627118,https://www.jagonews24.com/international/news/798580,2022-09-30,regular,
1065420667,20220930,RUS,RUS,172,17,-5.0,-0.8298755186722,https://www.5-tv.ru/news/403810/nenormalnoe-resenie-cem-dla-finlandii-obernetsa-zakrytie-granic-dla-rossian/,2022-09-30,regular,
1065609502,20221001,,USA,100,10,-5.0,-6.36704119850187,https://www.starcourier.com/story/news/2022/09/30/kpd-thefts-keep-rising-in-kewanee-because-of-one-ongoing-problem/69529496007/,2022-10-01,regular,
1065647159,20221001,USA,,173,17,-5.0,-8.9238845144357,https://www.elpasoinc.com/arizonan-sentenced-for-vegas-based-scheme-targeting-migrants/article_1fedadfe-0ca3-524a-8d62-af9240dda397.html,2022-10-01,regular,
1064732473,20220926,GBR,,100,10,-5.0,-4.98533724340176,https://news.antiwar.com/2022/09/25/russia-says-its-not-threatening-anyone-with-nukes/,2022-09-26,regular,
1065699700,20221002,USA,,166,16,-7.0,-2.23325062034739,https://wskg.org/npr_story_post/flooding-and-closed-roads-are-some-of-the-challenges-floridas-people-face-after-ian/,2022-10-02,regular,
1065272599,20220929,,USA,154,15,-7.2,-6.98795180722892,https://www.arkansasonline.com/news/2022/sep/29/migrants-found-on-plane-3-people-held-rioter-gets/,2022-09-29,regular,
1065277228,20220929,UKR,RUS,173,17,-5.0,-4.10256410256411,https://pescanik.net/neuspesi-velikih-sila-na-frontu/,2022-09-29,regular,
1065490272,20220929,DEU,DEU,1013,10,-5.0,-8.70535714285714,https://bianet.org/english/world/267889-erdogan-files-criminal-complaint-against-bundestag-vice-president,2022-09-29,regular,
1064836620,20220926,RUS,RUS,173,17,-5.0,-5.58558558558559,https://www.newsweek.com/putins-supporters-complain-old-russians-are-being-sent-war-1746381,2022-09-26,regular,
1065290072,20220929,USA,,172,17,-5.0,-4.36320754716982,http://www.nydailynews.com/opinion/ny-oped-ban-my-books-please-20220929-w23rrblss5bn3flwhl3qudzb6y-story.html,2022-09-29,regular,
1065368842,20220929,,USA,163,16,-8.0,-1.82291666666667,https://www.entornointeligente.com/emfi-recuperacin-petrolera-de-venezuela-parece-poco-probable-sin-empresas-extranjeras/,2022-09-29,regular,
1064949388,20220927,USA,,174,17,-5.0,-4.71976401179941,https://nbc-2.com/news/local/2022/09/27/charlotte-county-residents-begin-evacuations-ahead-of-hurricane-ian/,2022-09-27,regular,
1065524137,20220930,EUR,,164,16,-7.0,4.73372781065089,https://markets.businessinsider.com/news/commodities/europe-energy-crisis-russia-natural-gas-cap-energy-prices-high-2022-9,2022-09-30,regular,
1065589518,20221001,RUS,UKR,1053,10,-5.0,-6.23582766439909,https://www.rockymounttelegram.com/news/world/russia-accused-of-kidnapping-head-of-ukraine-nuclear-plant/article_99626379-cb94-5cdd-992f-a59b8672a190.html,2022-10-01,regular,
1065704409,20221002,USA,,130,13,-4.4,-5.950991831972,https://www.americanthinker.com/articles/2022/10/madness_redux.html,2022-10-02,regular,
1065250074,20220929,,USA,130,13,-4.4,-2.60235947258848,https://www.stgeorgeutah.com/news/archive/2022/09/28/apc-faith-groups-defend-clergy-loophole-in-child-sex-abuse-reporting/,2022-09-29,regular,
1064908639,20220927,RUS,JPN,161,16,-4.0,-8.11359026369168,https://www.timesofisrael.com/russia-expels-japanese-diplomat-detained-for-alleged-spying-tokyo-denies-accusation/,2022-09-27,regular,
1065086527,20220928,CAN,RUS,163,16,-8.0,-4.23728813559322,https://www.ukrinform.net/rubric-polytics/3581122-trudeau-announces-sanctions-against-russia-for-pseudoreferendums-in-ukraine.html,2022-09-28,regular,
1064727559,20220926,RUS,,173,17,-5.0,0.0,https://article.wn.com/view/2022/09/26/Russia_Rallies_in_support_of_military_operation_in_Ukraine_a/,2022-09-26,regular,
1065530159,20220930,USA,,173,17,-5.0,-9.04977375565608,https://www.algemeiner.com/2022/09/30/jewish-death-row-inmate-in-texas-could-receive-new-trial-after-sentencing-judges-antisemitism-is-exposed/,2022-09-30,regular,
1065648556,20221001,IRN,GBR,141,14,-6.5,-7.89473684210526,https://www.istanbulhaber.com.tr/londrada-mahsa-amini-icin-protesto-duzenlendi-haber-2174713.htm,2022-10-01,regular,
1064901621,20220927,RUS,RUS,173,17,-5.0,-6.10526315789474,https://www.aljazeera.com/news/2022/9/27/japan-lodges-protest-after-russia-detains-diplomat-in-vladivostok,2022-09-27,regular,
1064722822,20220926,,USA,173,17,-5.0,-6.66666666666666,http://www.nydailynews.com/new-york/nyc-crime/ny-upstate-brothers-subway-surfing-queens-20220925-gn2zui3u45hxlnrbbs5dgv3sgi-story.html,2022-09-26,regular,
1065477001,20220930,,USA,130,13,-4.4,-5.22388059701492,https://www.forbes.com/sites/suzannerowankelleher/2022/09/30/hurricane-ian-1700-flights-canceled-friday-as-storm-heads-for-carolinas/,2022-09-30,regular,
1065308235,20220929,USA,DEU,173,17,-5.0,-3.04709141274238,https://redstate.com/brutalbrittany/2022/09/29/breaking-las-vegas-police-capture-escaped-pipe-bomb-murderer-n634703,2022-09-29,regular,
1065420679,20220930,RUS,UKR,100,10,-5.0,0.0,https://news.yam.md/ro/story/13511918,2022-09-30,regular,
1065533152,20220930,FRA,MAR,174,17,-5.0,-8.29015544041451,https://www.europe1.fr/societe/sebastien-raoult-incarcere-au-maroc-depose-plainte-a-paris-4137836,2022-09-30,regular,
1065014811,20220927,USA,,173,17,-5.0,-6.72268907563026,https://www.danas.rs/svet/iranski-poslanik-demonstrankinje-koje-su-skinule-marame-nazvao-prostitutkama/,2022-09-27,regular,
1065537232,20220930,RUS,,173,17,-5.0,-0.90744101633393,http://special.tass.ru/mezhdunarodnaya-panorama/15927761,2022-09-30,regular,
1065148752,20220928,EUR,,172,17,-5.0,-1.66666666666667,https://rg.ru/2022/09/28/evrokomissiia-oficialno-predlozhila-vvesti-potolok-cen-na-rossijskuiu-neft.html,2022-09-28,regular,
1066790007,20221002,USA,RUS,130,13,-4.4,-2.60115606936416,https://www.mycentraloregon.com/2022/10/09/biden-needs-to-back-off-armageddon-language-work-to-get-russia-to-the-table-with-ukraine-mullen/,2022-10-02,regular,
1065048138,20220927,,GBR,130,13,-4.4,-3.42039800995025,https://www.dailymail.co.uk/news/article-11255923/Ofgem-issues-warning-new-energy-rebate-text-message-scam-targeting-vulnerable-customers.html,2022-09-27,regular,
1070215554,20221102,,USA,180,18,-9.0,-7.14285714285714,https://www.necn.com/news/local/mass-trucker-arrested-in-killing-of-worcester-woman-found-near-ga-truck-stop/2858536/,2022-11-02,regular,
1070473944,20221103,FRA,,1822,18,-9.0,-7.47663551401869,https://www.liberianobserver.com/liberian-warlord-sentenced-life-imprisonment,2022-11-03,regular,
1070170498,20221101,IRN,RUS,154,15,-7.2,-0.62111801242236,https://www.jns.org/iran-preparing-to-send-more-weapons-ballistic-missiles-to-russia-for-ukraine-war/,2022-11-01,regular,
1070876326,20221106,,JPN,173,17,-5.0,-6.45161290322581,https://europe.autonews.com/automakers/carlos-ghosns-escape-helpers-sent-back-us,2022-11-06,regular,
1074167580,20221031,CHN,,172,17,-5.0,-4.67687074829932,https://www.foxnews.com/opinion/biden-mute-protests-demand-freedom-world,2022-10-31,regular,
1070147442,20221101,USA,USA,173,17,-5.0,-4.52830188679245,http://www.msn.com/en-us/travel/news/travel-time-to-abortion-facilities-4-times-greater-post-roe-study-finds/ar-AA13CtOa,2022-11-01,regular,
1070586403,20221104,USA,DEU,100,10,-5.0,-2.93706293706294,https://www.linternaute.com/actualite/depeches/2675610-scholz-arrive-en-chine-pour-une-visite-controversee/,2022-11-04,regular,
1070725519,20221105,,USA,173,17,-5.0,-11.5671641791044,https://www.pressdemocrat.com/article/news/us-jails-rife-with-violence-abuse-and-overcrowding/,2022-11-05,regular,
1070823790,20221106,RUS,,173,17,-5.0,-6.77966101694912,https://www.capital.ro/vladimir-putin-noi-critici-la-adresa-ucrainei-si-occidentului-au-ca-scop-slabirea-divizarea-si-distrugerea-rusiei.html,2022-11-06,regular,
1138157806,20221104,USA,USA,173,17,-5.0,-6.9444444444444,https://www.cnn.com/2023/11/04/politics/christie-hutchinson-florida-republican-summit/,2022-11-04,regular,
1070103825,20221101,GBR,GBR,180,18,-9.0,-5.21609538002981,https://www.glasgowtimes.co.uk/news/23090382.glasgows-four-corners-st-enoch-square-visited-msps-bid-tackle-youth-disorder/,2022-11-01,regular,
1070537513,20221103,,USA,100,10,-5.0,-2.32919254658385,https://www.courthousenews.com/appeals-court-tosses-marjorie-taylor-greene-bid-to-block-candidacy-challenges/,2022-11-03,regular,
1070608329,20221104,USA,RUS,130,13,-4.4,-8.82352941176466,https://www.thestar.com.my/news/world/2022/11/04/medvedev-says-russia-is-fighting-a-sacred-battle-against-satan,2022-11-04,regular,
1070562059,20221104,USA,,173,17,-5.0,-8.80281690140845,https://www.dailycommercial.com/story/news/crime/2022/11/03/baby-dead-meth-exposure-mom-arrested-lake-county-florida/8248072001/,2022-11-04,regular,
1070318815,20221102,,GBR,173,17,-5.0,-1.93236714975845,https://www.cambridge-news.co.uk/news/local-news/woman-praises-police-after-sees-25401068,2022-11-02,regular,
1070748352,20221105,,DEU,164,16,-7.0,-4.81667864845435,https://www.salzgitter-zeitung.de/braunschweig/article236832905/Rassismus-Vorwurf-gegen-Fuehrungskraft-der-Stadt-Braunschweig.html,2022-11-05,regular,
1070146280,20221101,UKR,RUS,166,16,-7.0,-4.3046357615894,https://www.stern.de/news/strom--und-wasserversorgung-in-kiew-nach-russischen-angriffen-wiederhergestellt-32869706.html,2022-11-01,regular,
1070272834,20221102,UKR,RUS,160,16,-4.0,0.75471698113208,http://special.tass.ru/ekonomika/16226019,2022-11-02,regular,
1070085272,20221101,USA,,100,10,-5.0,-3.08641975308642,https://scroll.in/latest/1036330/andaman-gangrape-case-sit-questions-former-chief-secretary-for-third-day,2022-11-01,regular,
1070212777,20221102,USA,,172,17,-5.0,-7.5,https://independenttribune.com/lifestyles/common-us-foods-that-are-banned-in-other-countries/collection_c35228a6-1b11-5f64-9186-3cbd41df7418.html,2022-11-02,regular,
1070646982,20221104,DEU,,173,17,-5.0,-5.96026490066225,https://www.rbb24.de/panorama/beitrag/2022/11/wehrmacht-soldat-prozess-verhandlungsunfaehig.html,2022-11-04,regular,
1070142434,20221101,RUS,,100,10,-5.0,-3.08056872037915,https://www.nakedcapitalism.com/2022/11/nikkei-owned-financial-times-begins-to-crack-on-sanctions.html,2022-11-01,regular,
1070797677,20221105,USA,,100,10,-5.0,2.00927357032457,https://www.christianpost.com:443/news/greg-laurie-says-the-message-has-not-changed-at-socal-harvest.html,2022-11-05,regular,
1070312989,20221102,,USA,134,13,-5.8,-11.4634146341463,https://www.wvnews.com/jacksonnewsnews/wvnews/federal-grand-jury-in-clarksburg-west-virginia-indicts-state-inmate-in-alleged-threats-on-judge/article_c2287614-5ab9-11ed-9323-8b5f41830fb2.html,2022-11-02,regular,
1070522791,20221103,JPN,,154,15,-7.2,1.49892933618844,https://news.usni.org/2022/11/03/u-s-army-expanding-interoperability-work-with-navy-marines-in-the-pacific,2022-11-03,regular,
1070724756,20221105,USA,,1311,13,-5.8,-3.36134453781513,http://special.tass.ru/politika/16250849,2022-11-05,regular,
1070047929,20221031,USA,,171,17,-9.2,-6.38961038961039,https://www.dailymail.co.uk/news/article-11375449/Cops-say-Paul-Pelosi-attacker-politically-motivated-wanted-murder-him.html,2022-10-31,regular,
1070592010,20221104,,USA,173,17,-5.0,-15.5737704918033,https://www.q95fm.net/2022/11/03/man-from-breathitt-county-indicted-on-several-charges-after-being-charged-in-shooting/,2022-11-04,regular,
1070795397,20221105,RUS,UKR,145,14,-7.5,-10.0,https://www.theguardian.com/world/live/2022/nov/05/russia-ukraine-war-live-us-accuses-moscow-of-trying-to-freeze-ukraine-into-submission?page=with:block-6365bf4b8f084995473a885b&filterKeyEvents=false,2022-11-05,regular,
1070910278,20221106,USA,,172,17,-5.0,-7.69230769230769,https://www.willmarradio.com/news/national/philadelphia-shooting-leaves-9-injured-outside-bar-multiple-gunmen-sought/article_2f3eebb3-767b-58b8-961b-bf36eb4ebf4e.html,2022-11-06,regular,
1070055692,20221101,USA,UKR,100,10,-5.0,-4.03726708074534,https://www.novosti.rs/planeta/svet/1168607/rat-ukrajini-kriminalci-oruzje-sverc-oruzja,2022-11-01,regular,
1070389914,20221103,USA,,172,17,-5.0,-0.0994035785288299,https://pdx.eater.com/2022/11/2/23437269/taco-bell-crunchwrap-supreme-portland-chef-pop-up-instagram,2022-11-03,regular,
1070057524,20221101,USA,RUS,174,17,-5.0,-4.75030450669915,https://www.rferl.org/a/moldova-russia-missile-ukraine/32109908.html,2022-11-01,regular,
1070225788,20221102,USA,,180,18,-9.0,-6.75675675675675,https://gcmaz.com/kaff_news/camp-verde-man-arrested-for-assaulting-his-six-year-old-daughter-recently/,2022-11-02,regular,
1070113242,20221101,,USA,173,17,-5.0,-10.5747126436782,https://www.newsweek.com/woman-buying-halloween-costume-escapes-kidnapping-attempt-police-1755942,2022-11-01,regular,
1070335123,20221102,RUS,RUS,100,10,-5.0,6.75675675675676,https://www.cretalive.gr/kosmos/o-poytin-zitise-na-eksyghronistoyn-ta-opla-toy-rosikoy-stratoy,2022-11-02,regular,
1070780447,20221105,USA,,130,13,-4.4,-9.70588235294118,https://wlds.com/arrests-made-in-pana-school-shooter-threats-investigations-continue-in-similar-incidents-in-central-illinois/,2022-11-05,regular,
1070888900,20221106,USA,USA,173,17,-5.0,-17.3333333333333,https://www.startribune.com/hate-crime-charges-filed-for-assault-on-asian-american/600222568/,2022-11-06,regular,
1070243176,20221102,USA,,150,15,-7.2,7.61750405186386,https://gulfbusiness.com/uae-us-sign-partnership-to-advance-climate-action-goals-boost-renewable-energies/,2022-11-02,regular,
1070785078,20221105,RUS,UKR,145,14,-7.5,-4.92957746478873,https://www.theguardian.com/world/2022/nov/05/ukraine-russian-troops-loot-kherson-as-lines-redrawn-ahead-of-final-battle-for-city,2022-11-05,regular,
1070628772,20221104,USA,USA,173,17,-5.0,-11.3074204946996,https://www.wfmj.com/story/47630605/ohio-high-court-throws-out-conviction-in-26-year-cold-case,2022-11-04,regular,
1070756155,20221105,USA,,172,17,-5.0,-2.73783609774044,http://www.msn.com/en-us/health/other/florida-bans-gender-treatments-for-minors/ar-AA13LxKx,2022-11-05,regular,
1070485877,20221103,AFR,GBR,100,10,-5.0,6.06060606060606,https://www.latech.edu/2022/11/03/love-vaughn-recognized-as-university-of-kentucky-torch-bearer/,2022-11-03,regular,
1070052093,20221101,USA,,172,17,-5.0,0.96153846153846,https://www.fox35orlando.com/news/hollywood-celebrities-leave-twitter-elon-musk-takeover,2022-11-01,regular,
1070052679,20221101,CHN,,160,16,-4.0,-2.42914979757085,https://noticieros.televisa.com/ultimas-noticias/preocupa-a-eua-presunto-uso-de-tecnologia-china-en-frontera-con-mexico/,2022-11-01,regular,
1070893573,20221106,GRC,USA,174,17,-5.0,-3.87931034482759,https://www.russiaherald.com/news/273046863/russians-in-us-being-denied-access-to-assistance-of-embassy---ambassador,2022-11-06,regular,
1070474369,20221103,JPN,,180,18,-9.0,-3.68,https://www.dailymail.co.uk/news/article-11385855/Two-killed-fiery-high-speed-crash-identified-Malibu-restaurant-owner-son.html,2022-11-03,regular,
1070188421,20221101,USA,GBR,163,16,-8.0,-11.3253012048193,http://thestandard.co.zw/local-news/article/200002613/anti-sanctions-marches-a-gimmick-zapu-leader,2022-11-01,regular,
1070332331,20221102,USA,,173,17,-5.0,-1.5600624024961,https://www.ledgertranscript.com/Peterborough-Select-Board-Holds-Meeting-48641131,2022-11-02,regular,
1070763288,20221105,USA,,172,17,-5.0,-4.56586826347305,https://www.decaturdaily.com/opinion/editorials/editorial-roundup-united-states/article_07421da7-a84a-53d6-8aab-8fb2fd1101f6.html,2022-11-05,regular,
1070349068,20221102,USA,USA,1712,17,-9.2,1.31805157593123,https://lawrencekstimes.com/2022/11/02/harper-smith-hall-oped/,2022-11-02,regular,
1070236466,20221102,,USA,130,13,-4.4,-0.24590163934426,https://www.thesunchronicle.com/news/local_news/question-2-pits-dentists-against-insurers/article_818ba547-847a-5b1a-94ee-187f42dc792a.html,2022-11-02,regular,
1070701427,20221104,USA,,1821,18,-9.0,-7.02439024390244,https://www.nytimes.com/2022/11/04/arts/television/danny-masterson-rape-trial.html,2022-11-04,regular,
1070221867,20221102,RUS,,166,16,-7.0,-10.6060606060606,https://hungary.postsen.com/world/82771/The-Russians-have-ordered-a-large-scale-evacuation-fearing-the-use-of-alleged-prohibited-weapons-of-war.html,2022-11-02,regular,
1070882855,20221106,RUS,,185,18,-8.0,-4.96062992125984,http://arabic.euronews.com/2022/11/06/latest-update-russian-invasion-of-ukraine,2022-11-06,regular,
1070566523,20221104,GBR,,172,17,-5.0,3.31877729257642,https://graziadaily.co.uk/fashion/shopping/best-british-brands/,2022-11-04,regular,
1070737807,20221105,USA,,141,14,-6.5,-0.11820330969267,https://www.stuff.co.nz/world/us-canada/300731573/donald-trump-will-launch-white-house-run-if-republicans-win-midterms,2022-11-05,regular,
1070690506,20221104,USA,USA,100,10,-5.0,-0.75987841945289,https://www.marketwatch.com/articles/midterm-elections-2022-big-tech-51667587537,2022-11-04,regular,
1070549207,20221103,,USA,100,10,-5.0,-0.87082728592163,https://www.esquire.com/news-politics/politics/a41859184/don-bolduc-new-hampshire/,2022-11-03,regular,
1070541583,20221103,USA,NLD,173,17,-5.0,-14.4827586206896,https://www.1380kcim.com/2022/11/03/audubon-man-accused-of-stealing-laptop-from-crb-schools-sentenced/,2022-11-03,regular,
1070858227,20221106,,USA,130,13,-4.4,-2.72812793979303,https://www.thejournal.ie/sitdown-sunday-7-great-longreads-5910334-Nov2022/,2022-11-06,regular,
1070395974,20221103,JPN,,160,16,-4.0,-5.625,https://www.tvazteca.com/aztecanoticias/japon-emite-alerta-emergencia-misil-jca,2022-11-03,regular,
1070381353,20221103,USA,,172,17,-5.0,-1.08267716535433,https://www.nytimes.com/2022/11/02/technology/musk-twitter-advertisers-civil-rights.html,2022-11-03,regular,
1070039856,20221031,,USA,100,10,-5.0,-5.0,https://www.channel3000.com/toney-criticizes-kaul-over-backlog-of-internet-crimes-against-children-referrals/,2022-10-31,regular,
1070809470,20221105,FRA,,100,10,-5.0,-3.77360149080553,https://www.sudouest.fr:443/societe/perigueux-le-long-combat-des-militants-pour-choisir-sa-mort-12873357.php,2022-11-05,regular,
1070216416,20221102,USA,,173,17,-5.0,-1.21398510844934,https://www.washingtonpost.com/magazine/2021/07/08/will-mass-robbery-native-american-graves-ever-end/,2022-11-02,regular,
1070721953,20221105,,USA,173,17,-5.0,-7.8678970373968,https://www.corrections1.com/staff-misconduct/articles/identifying-and-managing-the-rogue-corrections-officer-jGUJVJ6TCu1L1JmV/,2022-11-05,regular,
1070611433,20221104,,USA,172,17,-5.0,-0.98493626882966,https://www.usatoday.com/story/news/politics/elections/2022/11/04/voting-arizona-what-know-controversies-ballot-access-2022/8259274001/,2022-11-04,regular,
1070680041,20221104,,USA,173,17,-5.0,-12.6482213438735,https://madison.com/news/local/crime-and-courts/serial-burglar-from-madison-gets-42-months-in-federal-prison-authorities-say/article_60605652-ccfa-5bc8-bea9-774f193996fe.html,2022-11-04,regular,
1070834524,20221106,GBR,,163,16,-8.0,-7.02875399361022,https://www.perfil.com/noticias/internacional/iran-admitio-haber-vendido-drones-a-rusia-pero-antes-de-la-guerra.phtml,2022-11-06,regular,
1070092207,20221101,UKR,RUS,130,13,-4.4,-6.66666666666667,https://www.dw.com/mk/po-tvrdenata-za-valkana-bomba-maae-pocnuva-so-inspekcii-vo-ukraina/a-63612596,2022-11-01,regular,
1070742360,20221105,,USA,173,17,-5.0,-14.7321428571429,https://www.starbeacon.com/news/local_news/ashtabula-county-court-of-common-pleas-filings/article_e7dfe65e-5ba8-11ed-a4b1-5f472f32a251.html,2022-11-05,regular,
1070302727,20221102,USA,,150,15,-7.2,-1.78571428571428,https://gordonua.com/ukr/news/worldnews/kndr-vipustila-17-raket-u-tomu-chisli-balistichnu-u-pivdennij-koreji-vidpovili-1634051.html,2022-11-02,regular,
1069977781,20221031,USA,,172,17,-5.0,1.23456790123457,https://www.phillyvoice.com/historic-rittenhouse-town-rittenhowl-full-moon-ghost-stories-sly-fox-craft-beer-mount-airy-paper-mill/,2022-10-31,regular,
1070653118,20221104,JPN,,166,16,-7.0,-4.24528301886793,https://www.telegraphindia.com/world/south-korea-scrambles-jets-after-detecting-north-korean-warplanes/cid/1896156,2022-11-04,regular,
1070844411,20221106,GBR,,1043,10,-5.0,-1.78571428571428,https://www.bordertelegraph.com/news/national/23104406.reversal-national-insurance-hike-comes-effect/,2022-11-06,regular,
1070374852,20221102,,USA,100,10,-5.0,4.0,https://www.sj-r.com/story/news/local/2022/11/02/hyvee-stores-closed-on-thanksgiving-first-time-92-years/69613614007/,2022-11-02,regular,
1070884215,20221106,,USA,130,13,-4.4,-2.64026402640264,https://madison.com/opinion/editorial/let-voters-know-who-is-speaking-when-attack-ads-fill-their-screens/article_cfd000b7-9404-5f61-81f5-77d899d80f32.html,2022-11-06,regular,
1070143782,20221101,,RUS,172,17,-5.0,-6.53133274492498,https://sputniknews.com/20221101/which-high-profile-celebs-have-been-slapped-with-twitter-bans-1102910125.html,2022-11-01,regular,
1070512519,20221103,,EUR,164,16,-7.0,-0.46728971962617,https://telegrafi.com/pas-suspendimit-te-drejtorit-te-policise-ne-veri-rakiq-kerkon-largimin-e-serbeve-nga-institucionet-ne-veri-te-kosoves/,2022-11-03,regular,
1070459850,20221103,USA,,173,17,-5.0,-7.60869565217391,http://www.wbiw.com/2022/11/03/possession-of-child-pornography-leads-to-arrest-of-an-evansville-man/,2022-11-03,regular,
1070135261,20221101,,USA,141,14,-6.5,-3.31125827814569,https://www.elperiodico.com/es/internacional/20221101/submarino-nuclear-eeuu-gibraltar-verdemar-77993580,2022-11-01,regular,
1070856478,20221106,USA,,180,18,-9.0,-4.15584415584415,https://www.capecodtimes.com/story/opinion/columns/2022/11/06/sane-nurses-must-provide-in-person-care-to-sexual-assault-victims-on-cape-cod-telesane-is-not-enough/69615673007/,2022-11-06,regular,
1070504241,20221103,USA,,173,17,-5.0,-4.37158469945355,https://dailyridge.com/2022/11/03/haines-city-high-school-teacher-arrested-charged-with-having-sex-with-student/,2022-11-03,regular,
1069992784,20221031,,USA,180,18,-9.0,-6.72727272727273,https://www.pinknews.co.uk/2022/10/31/elon-musk-paul-pelosi-conspiracy-theory-gay-lgbtq/,2022-10-31,regular,
1070720694,20221105,USA,KOR,130,13,-4.4,-4.66269841269842,https://www.newstalkzb.co.nz/news/world/rival-koreas-scramble-warplanes-as-tensions-continue/,2022-11-05,regular,
1069916908,20221031,CHN,CHN,100,10,-5.0,-7.2463768115942,https://english.news.cn/20221031/bdbdd485ca744bdaa68b1e282987b02a/c.html,2022-10-31,regular,
1070170918,20221101,USA,,171,17,-9.2,-5.30973451327433,https://www.aol.com/news/targeted-shooting-kills-woman-sleeping-150037271.html,2022-11-01,regular,
1070153779,20221101,USA,GBR,163,16,-8.0,-3.78151260504201,https://www.lexology.com/library/detail.aspx?g=33fee8b2-4956-4f7f-89a2-c72bf2c52b81,2022-11-01,regular,
1070316342,20221102,SYR,USA,173,17,-5.0,-5.98705501618123,https://www.foxnews.com/us/kansas-woman-helmed-female-isis-battalion-sentenced-20-years-prison,2022-11-02,regular,
1070853674,20221106,,USA,141,14,-6.5,-2.42656449553001,https://www.ketv.com/article/nebraska-high-court-hears-battle-blue-jeans/41848689,2022-11-06,regular,
1070522425,20221103,,USA,173,17,-5.0,-12.7562642369021,https://news.yahoo.com/man-sentenced-january-fatal-shooting-184657918.html,2022-11-03,regular,
1070459041,20221103,,USA,181,18,-9.0,4.37262357414449,https://981thehawk.com/broome-county-chow-items-needed/,2022-11-03,regular,
1070397642,20221103,USA,USA,171,17,-9.2,-5.75539568345324,https://dailycaller.com/2022/11/02/biden-union-station-attack-paul-pelosi-january-6/,2022-11-03,regular,
1070100164,20221101,RUS,,1821,18,-9.0,-6.56370656370656,https://nownews.seoul.co.kr/news/newsView.php?id=20221101601015,2022-11-01,regular,
1070134567,20221101,TWN,CHN,100,10,-5.0,-2.04081632653062,https://focustaiwan.tw/cross-strait/202211010025,2022-11-01,regular,
1070062843,20221101,CHN,SLB,154,15,-7.2,-1.55038759689922,https://mizzima.com/article/pacific-aid-surges-china-us-vie-influence,2022-11-01,regular,
1070719883,20221105,RUS,,162,16,-5.6,-3.95752895752896,http://www.offnews.info/verArticulo.php?contenidoID=65322,2022-11-05,regular,
1070544219,20221103,IDN,CHN,161,16,-4.0,-1.5169194865811,https://jamestown.org/program/as-indonesia-prepares-to-host-china-u-s-for-g20-jokowis-close-but-complicated-relationship-with-xi-is-in-the-spotlight/,2022-11-03,regular,
1070040533,20221031,USA,,173,17,-5.0,-1.96629213483146,https://www.abcactionnews.com/news/state/exclusive-landing-in-florida-an-in-depth-look-at-the-battle-to-patrol-fls-seaside-border,2022-10-31,regular,
1073915941,20221128,,USA,173,17,-5.0,-3.20366132723112,https://knue.com/broken-jar-salsa-shooting/,2022-11-28,regular,
1074392258,20221201,GBR,,173,17,-5.0,-14.4,https://www.waaytv.com/news/huntsville-police-make-second-arrest-in-october-attempted-murder/article_acb514f0-7188-11ed-b3be-a7512c34304d.html,2022-12-01,regular,
1074495389,20221202,USA,,174,17,-5.0,-3.40050377833754,https://themedialine.org/top-stories/turkey-asks-for-understanding-after-us-warning-against-syria-incursion/,2022-12-02,regular,
1074683453,20221203,,EUR,130,13,-4.4,-2.80811232449298,https://www.jpost.com/judaism/article-723850,2022-12-03,regular,
1073937664,20221129,USA,,173,17,-5.0,-10.9971762774131,https://www.missioncityrecord.com/news/buffalo-gunman-pleads-guilty-in-racist-supermarket-massacre/,2022-11-29,regular,
1074232652,20221130,CHN,CHN,141,14,-6.5,-6.03448275862069,https://dailycaller.com/2022/11/30/china-crackdown-protesters-zero-covid/,2022-11-30,regular,
1074066168,20221129,EUR,RUS,163,16,-8.0,-3.74149659863945,https://www.modernghana.com/news/1198037/ukraine-crisis-provides-africa-another-opportunity.html,2022-11-29,regular,
1074718119,20221204,USA,,173,17,-5.0,-13.8157894736842,https://www.azcentral.com/story/news/local/phoenix/2022/12/04/man-arrested-murder-charge-fatal-shooting-in-maryvale-hotel/69698979007/,2022-12-04,regular,
1074491071,20221202,USA,JPN,180,18,-9.0,-1.99606409895979,https://www.frontpagemag.com/lethal-tides/,2022-12-02,regular,
1073937659,20221129,USA,,173,17,-5.0,-6.74019607843137,https://news.yahoo.com/el-paso-district-attorney-yvonne-231424243.html,2022-11-29,regular,
1074212959,20221130,USA,,173,17,-5.0,-11.3597246127367,https://www.texastribune.org/2022/11/28/el-paso-district-attorney-yvonne-rosales-resigns/,2022-11-30,regular,
1074595275,20221202,,USA,1821,18,-9.0,-4.74226804123711,https://www.lavanguardia.com/vida/20221203/8632627/elxokas-irene-montero-salir-correr-mallas.html,2022-12-02,regular,
1074763265,20221204,FRA,,180,18,-9.0,-4.53608247422681,https://www.echoroukonline.com/%D8%B9%D8%A7%D9%85-%D8%A7%D9%84%D8%AE%D9%84%D9%8A%D8%A9,2022-12-04,regular,
1074307287,20221201,USA,,1821,18,-9.0,-9.3000958772771,https://www.usatoday.com/story/entertainment/celebrities/2022/11/30/danny-masterson-mistrial-verdict-trial-ends/10710005002/,2022-12-01,regular,
1074419751,20221201,,USA,173,17,-5.0,-13.2258064516129,https://apnews.com/article/crime-arrests-lawsuits-mississippi-2f818003bd641ff2dd86805abd309d77,2022-12-01,regular,
1074687722,20221203,JPN,,154,15,-7.2,0.65789473684211,https://sputniknewsbrasil.com.br/20221203/em-tensao-com-pequim-japao-pondera-aumentar-a-presenca-militar-em-okinawa-26251245.html,2022-12-03,regular,
1073899913,20221128,USA,USA,172,17,-5.0,-2.24089635854342,https://www.laopinion.com.co/innovaciones/ee-uu-prohibe-equipos-chinos-de-telecomunicaciones-entre-ellos-huawei,2022-11-28,regular,
1074208417,20221130,RUS,RUS,1711,17,-9.2,2.89855072463768,https://wtbx.com/2022/11/30/ukraine-says-russia-must-withdraw-from-zaporizhzhia-plant-for-protection-plan-to-succeed/,2022-11-30,regular,
1074156383,20221130,RUS,UKR,154,15,-7.2,-3.10344827586206,"https://www.wnp.pl/rynki-zagraniczne/isw-rosja-prawdopodobnie-zrezygnowala-z-tworzenia-batalionowych-grup-taktycznych-na-ukrainie,650493.html",2022-11-30,regular,
1074345521,20221201,KEN,FRA,172,17,-5.0,-3.17555422408627,https://www.telegraph.co.uk/global-health/climate-and-people/why-genetically-modified-crops-may-have-day/,2022-12-01,regular,
1074513444,20221202,USA,,130,13,-4.4,-2.39840106595603,https://www.eenews.net/articles/kris-kobach-is-back-and-climate-policy-is-a-top-target/,2022-12-02,regular,
1074238656,20221130,CHN,,175,17,-9.0,-11.4186851211073,https://news.yahoo.com/china-deploys-riot-police-hazmat-162047646.html,2022-11-30,regular,
1074602629,20221203,USA,,1821,18,-9.0,-6.4030131826742,https://www.meadvilletribune.com/cnhi_network/infowars-host-alex-jones-files-for-personal-bankruptcy/article_a7d67a96-f8cd-5685-b6bf-f58dec4c0908.html,2022-12-03,regular,
1073829753,20221128,RUS,UKR,100,10,-5.0,-0.581395348837201,https://hayat.ba/borrell-upozorava-pobijedi-li-rusija-u-ovom-ratu-ici-ce-na-sljedecu-metu/815758/,2022-11-28,regular,
1074775525,20221204,GBR,USA,173,17,-5.0,-1.88679245283019,https://www.cas.sk/clanok/2745743/dockaju-sa-assange-a-snowden-omilostenia-musk-zverejnil-na-twitteri-zaujimavy-prieskum/,2022-12-04,regular,
1074244918,20221130,IND,CHN,173,17,-5.0,-4.11522633744856,https://zeenews.india.com/india/terror-hideout-busted-in-jks-poonch-village-huge-cache-of-arms-ammo-recovered-2542213.html,2022-11-30,regular,
1074283999,20221201,UKR,USA,173,17,-5.0,-7.17863105175293,https://www.nytimes.com/2022/11/30/world/europe/russia-ukraine-war-crimes-court.html,2022-12-01,regular,
1074526322,20221202,,USA,100,10,-5.0,0.88704908338262,https://buffalonews.com/news/local/depew-teen-with-cerebral-palsy-hopes-new-physical-therapy-center-unique-to-the-region-will/article_7901c922-7184-11ed-93ec-675c31376098.html,2022-12-02,regular,
1073982581,20221129,,RUS,173,17,-5.0,-6.09418282548476,https://www.mskagency.ru/materials/3260485,2022-11-29,regular,
1074244238,20221130,UKR,RUS,154,15,-7.2,-6.48648648648649,https://newtimes.ru/articles/detail/230988/,2022-11-30,regular,
1073805058,20221128,,FRA,182,18,-9.5,-9.90099009900991,https://www.rtl.fr/programmes/les-collections-de-l-heure-du-crime/7900208083-marie-france-pisier-meurtre-ou-suicide,2022-11-28,regular,
1074475677,20221202,CHN,,1721,17,-5.0,-4.69798657718121,https://www.segre.com/noticies/panorama/2022/12/02/la_xina_rebaixa_les_politiques_covid_zero_per_les_protestes_192114_1106.html,2022-12-02,regular,
1073948287,20221129,MEX,USA,130,13,-4.4,-0.73696145124717,https://www.wxii12.com/article/patients-weak-immune-systems-covid-medicine-isn-t-effective/41937764,2022-11-29,regular,
1074500034,20221202,EUR,USA,130,13,-4.4,-3.91156462585034,https://www.computing.co.uk/news/4061100/elon-musk-tim-cook-settle-misunderstanding-app-store-dispute,2022-12-02,regular,
1074281701,20221201,USA,,182,18,-9.5,-3.26086956521739,https://keyt.com/news/ventura-county/2022/11/30/death-investigation-underway-for-ojai-couple/,2022-12-01,regular,
1074505686,20221202,GBR,,133,13,-5.8,-2.14285714285714,https://www.tvblog.it/post/slow-horses-2-apple-tv-plus-serie,2022-12-02,regular,
1074271013,20221130,USA,,130,13,-4.4,0.0,https://news.yahoo.com/central-florida-15m-awarded-large-224426328.html,2022-11-30,regular,
1073959570,20221129,RUS,,100,10,-5.0,-3.08641975308642,https://www.vg.no/nyheter/utenriks/i/kEv0JA/i-ett-land-er-det-moerkt-det-soerger-putins-missiler-for,2022-11-29,regular,
1074221631,20221130,RUS,,1821,18,-9.0,-6.16365568544102,https://glavred.info/ukraine/hoteli-vse-vmeste-iznasilovat-doch-zhitel-kazachey-lopani-rasskazal-kak-okkupanty-pytali-ego-semyu-10429445.html,2022-11-30,regular,
1073879407,20221128,,FRA,173,17,-5.0,-8.83977900552489,https://www.20minutes.fr/justice/4012239-20221128-lyon-huit-mois-ferme-voleur-trahi-beurre-noir,2022-11-28,regular,
1073927202,20221128,,USA,173,17,-5.0,0.91743119266056,https://dailyvoice.com/maryland/baltimore/obituaries/veteran-wbtv-helicopter-pilot-from-maryland-remembered-for-humility-love-of-flying/850297/,2022-11-28,regular,
1078624603,20221204,USA,USA,1821,18,-9.0,-5.83718735252477,https://apnews.com/article/abortion-health-ohio-indiana-indianapolis-96b525ffbe7b30999e2f996e207b55f3,2022-12-04,regular,
1073827621,20221128,EUR,IRN,163,16,-8.0,-5.72139303482587,https://www.businessinsider.in/international/news/iranian-drone-advisers-who-were-helping-russia-bombard-ukraine-were-killed-in-crimea-kyiv-official-says/articleshow/95808259.cms,2022-11-28,regular,
1074375199,20221201,CHN,,145,14,-7.5,-9.5092024539877,https://thewire.in/world/after-rare-large-scale-protests-china-rolls-back-controversial-covid-restrictions,2022-12-01,regular,
1074748546,20221204,USA,USA,173,17,-5.0,-3.48139255702281,https://www.gilmermirror.com/2022/12/04/feds-arrest-texas-man-charged-with-threats-to-boston-doctor-who-cares-for-transgender-children/,2022-12-04,regular,
1074572737,20221202,GRC,CHN,173,17,-5.0,-10.3019538188277,https://www.newsweek.com/chinese-media-compares-oath-keepers-prosecution-xis-protest-crackdown-1764311,2022-12-02,regular,
1074550421,20221202,MOZ,USA,173,17,-5.0,-4.65116279069768,https://www.christianitytoday.com/news/2022/december/mozambique-maf-missionary-pilot-ryan-koher-aal-cabo-delgado.html,2022-12-02,regular,
1074459155,20221202,,RUS,160,16,-4.0,-4.56431535269709,http://www.alquds.com/posts/f8436f5b-c1a8-4661-9433-774cbda49291,2022-12-02,regular,
1073945064,20221129,,CHN,141,14,-6.5,-4.19207317073171,https://abc17news.com/news/national-world/cnn-asia-pacific/2022/11/28/at-the-heart-of-chinas-protests-against-zero-covid-young-people-cry-for-freedom-2/,2022-11-29,regular,
1074605137,20221203,USA,,172,17,-5.0,-4.96760259179266,https://el-observador.com/2022/12/02/its-time-to-ban-assault-weapons/,2022-12-03,regular,
1074075012,20221129,USA,USA,160,16,-4.0,-6.55660377358491,https://theintercept.com/2022/11/29/elon-musk-twitter-andy-ngo-antifascist/,2022-11-29,regular,
1073907340,20221128,RUS,UKR,100,10,-5.0,-3.96039603960396,https://www.askanews.it/esteri/2022/11/28/kiev-la-russia-continua-a-bombardare-kherson-colpite-le-case-top10_20221128_165901/,2022-11-28,regular,
1073962520,20221129,USA,RUS,1823,18,-10.0,-4.21836228287841,https://www.foxnews.com/us/idaho-student-murders-university-increased-security-final-weeks-semester,2022-11-29,regular,
1074125015,20221130,CHN,TJK,1384,13,-7.0,-3.4257748776509,http://www.msn.com/en-us/news/world/us-sees-china-s-aggression-toward-taiwan-as-new-normal-since-pelosi-visit/ar-AA14HwiR,2022-11-30,regular,
1074319334,20221201,USA,RUS,130,13,-4.4,-5.6390977443609,https://bioprepwatch.com/the-conflict-in-ukraine-the-pentagon-fears-a-russian-attack/,2022-12-01,regular,
1074066254,20221129,JPN,,173,17,-5.0,-7.38461538461543,https://www.worldatlas.com/us-history/the-pearl-harbor-attack.html,2022-11-29,regular,
1074006094,20221129,CHN,,141,14,-6.5,-5.119825708061,http://www.msn.com/en-us/health/other/china-pushes-elderly-vaccination-as-reopening-pressure-grows/ar-AA14GiaI,2022-11-29,regular,
1074678470,20221203,USA,,173,17,-5.0,-5.4590570719603,https://www.perfil.com/noticias/internacional/pese-al-pedido-argentino-ecuador-no-dejaria-salir-a-la-exfuncionaria-de-correa-condenada-por-corrupcion.phtml,2022-12-03,regular,
1073805503,20221128,RUS,NOR,130,13,-4.4,-2.11267605633803,https://tass.com/world/1542489,2022-11-28,regular,
1074728978,20221204,USA,,172,17,-5.0,-2.03086921202274,https://mailtribune.com/happening-now/2022/12/01/tough-oregon-gun-law-faces-legal-challenge-could-be-delayed/,2022-12-04,regular,
1073825553,20221128,USA,USA,172,17,-5.0,-5.21380345086272,https://www.dailymail.co.uk/news/article-11476287/Former-FBI-investigators-chilling-theory-Idaho-quadruple-murder.html,2022-11-28,regular,
1074259542,20221130,USA,USA,1821,18,-9.0,-6.02409638554217,https://925maxima.com/2022/11/29/doctor-de-florida-acusado-de-violaciones-es-encontrado-muerto/,2022-11-30,regular,
1074380573,20221201,,USA,173,17,-5.0,-7.16510903426791,http://www.courant.com/breaking-news/hc-br-wethersfield-maserti-stolen-armed-robbery-berling-turnpike-20221201-didypunlyvcxpibwq2iqrfbnwu-story.html,2022-12-01,regular,
1074119166,20221130,USA,,100,10,-5.0,-5.15337423312883,https://www.detroitnews.com/story/news/politics/michigan/2022/11/30/ingham-county-judge-blocks-release-of-search-warrant-documents-in-lee-chatfield-investigation/69687287007/,2022-11-30,regular,
1074458387,20221202,,RUS,1823,18,-10.0,-1.85567010309278,https://www.foxnews.com/us/idaho-police-say-sixth-person-lease-house-four-college-students-were-murdered,2022-12-02,regular,
1074728905,20221204,RUS,USA,163,16,-8.0,0.55205047318612,https://moderndiplomacy.eu/2022/12/04/russia-africa-summit-sergey-lavrov-embarks-on-courtship-and-assessment-tour/,2022-12-04,regular,
1074263006,20221130,CHN,,141,14,-6.5,-4.68540829986613,https://www.telegraph.co.uk/world-news/2022/11/30/chinese-police-tied-chair-asking-rice-protester-says/,2022-11-30,regular,
1074057051,20221129,,CHN,173,17,-5.0,-9.57230142566191,https://www.foxnews.com/world/video-shows-chinese-officers-arresting-bbc-reporter-china-defends-detention,2022-11-29,regular,
1074429677,20221201,EUR,,130,13,-4.4,-2.31023102310231,https://www.aceshowbiz.com/news/view/00196555.html,2022-12-01,regular,
1074462303,20221202,,USA,186,18,-10.0,-1.69491525423729,https://n4g.com/news/2523932/the-darkness-chronicles-of-riddick-director-joins-indiana-jones-team,2022-12-02,regular,
1074215443,20221130,USA,,173,17,-5.0,-6.63956639566396,https://www.oklahoman.com/story/opinion/2022/11/30/on-richard-glossip-oklahoma-would-rather-kill-than-admit-wrongdoing/69682515007/,2022-11-30,regular,
1074500476,20221202,USA,,1821,18,-9.0,-6.95553021664766,https://www.dailymail.co.uk/news/article-11492747/Weinstein-lawyer-closing-Tears-not-make-truth.html,2022-12-02,regular,
1074395600,20221201,,USA,173,17,-5.0,-9.7902097902098,https://wincountry.com/2022/12/01/one-person-in-custody-after-early-morning-stabbing-in-oshtemo-township/,2022-12-01,regular,
1074435709,20221201,GBR,ZWE,173,17,-5.0,-7.61478163493837,https://www.herald.co.zw/whats-good-for-the-goose-must-be-good-for-the-gander/,2022-12-01,regular,
1074293650,20221201,,CHN,175,17,-9.0,-4.39716312056737,https://www.breitbart.com/politics/2022/11/30/josh-hawley-calls-on-apple-to-end-unconscionable-operations-in-china-reshore-manufacturing-to-u-s/,2022-12-01,regular,
1074753915,20221204,,FRA,130,13,-4.4,2.10035005834305,https://www.quadratin.com.mx/sucesos/debe-sader-informar-sobre-convenio-para-bancos-comunitarios-de-semillas/,2022-12-04,regular,
1074752853,20221204,USA,,163,16,-8.0,-8.22873082287308,https://www.nytimes.com/2022/12/04/world/middleeast/iran-morality-police.html,2022-12-04,regular,
1074021053,20221129,GBR,,180,18,-9.0,-4.11255411255411,https://www.ibtimes.com/uk-summons-china-envoy-after-arrest-bbc-journalist-3641406,2022-11-29,regular,
1074292355,20221201,USA,,141,14,-6.5,2.99727520435968,https://www.newspressnow.com/news/local_news/education/funding-boosts-program-for-students-in-need-at-northwest/article_5aa74fc0-70f2-11ed-9eec-1feb4c0c0c27.html,2022-12-01,regular,
1073847638,20221128,RUS,,160,16,-4.0,-2.42424242424243,https://www.huffingtonpost.es/entry/muere-de-forma-repentina-el-ministro-de-exteriores-de-bielorrusia_es_6384885ae4b0b7f65308b76b,2022-11-28,regular,
1074506020,20221202,RUS,UKR,105,10,-5.0,0.46296296296296,https://runews24.ru:443/politics/02/12/2022/f482e4fdb1b111307534da55c49c59d3,2022-12-02,regular,
1074235514,20221130,,RUS,180,18,-9.0,-5.82750582750583,https://www.bbc.com/turkce/articles/cv2qvyyn11eo,2022-11-30,regular,
1074360741,20221201,,USA,203,20,-10.0,-2.42524916943521,https://www.972mag.com/settler-colony-ben-gvir-andrew-jackson/,2022-12-01,regular,
1073955029,20221129,USA,USA,100,10,-5.0,-5.60420315236427,https://redstate.com/bonchie/2022/11/28/reporter-thirsts-for-fascism-while-setting-up-disturbing-reply-from-karine-jean-pierre-n665593,2022-11-29,regular,
1143014144,20221128,GBR,,181,18,-9.0,0.59595094307994,https://www.wallaceburgcourierpress.com:443/news/local-news/why-londons-police-chief-wants-to-spend-4-2m-on-body-cameras/wcm/1d928758-deff-4713-909e-e930f96eb026,2022-11-28,regular,
1074684298,20221203,,RUS,138,13,-7.0,-4.18918918918919,https://www.svoboda.org/a/nuland-davlenie-zastavilo-putina-otkazatjsya-ot-yadernyh-planov/32160405.html,2022-12-03,regular,
1074588622,20221202,USA,USA,173,17,-5.0,-8.92857142857143,https://www.hometownstations.com/news/entertainment/jury-to-begin-deliberations-at-harvey-weinstein-rape-trial/article_b8eea872-90d5-5356-9f3e-57f40698a3fc.html,2022-12-02,regular,
1074637602,20221203,DEU,,100,10,-5.0,-3.3587786259542,"https://www.rheinpfalz.de/politik_artikel,-fahrr%C3%A4der-kostenlos-auf-parkpl%C3%A4tzen-ist-das-neu-_arid,5438822.html",2022-12-03,regular,
1074499250,20221202,RUS,,141,14,-6.5,-5.80645161290323,https://www.kommersant.ru/doc/5695964,2022-12-02,regular,
1074257404,20221130,USA,,1721,17,-5.0,-3.83877159309021,https://newsbusters.org/blogs/free-speech/joseph-vazquez/2022/11/30/censortrack-has-receipts-washpost-claims-no-proof,2022-11-30,regular,
1074337660,20221201,UKR,RUS,161,16,-4.0,-0.50761421319797,https://www.trud.ru/article/01-12-2022/1445491_v_rf_zarabotal_zakon_o_zamorozke_aktivov_rossijan_za_odin_den.html,2022-12-01,regular,
1074660087,20221203,USA,USA,173,17,-5.0,-7.4468085106383,https://news.yahoo.com/police-apprehended-reckless-driver-crashed-125910271.html,2022-12-03,regular,
1074042293,20221129,GBR,USA,1821,18,-9.0,-10.0,https://www.abc6.com/uk-media-rhode-island-man-accused-of-faking-own-death-faces-rape-allegation-in-england/,2022-11-29,regular,
1074500324,20221202,,RUS,172,17,-5.0,-2.4978466838932,https://carnegieendowment.org/politika/88542,2022-12-02,regular,
1074404841,20221201,USA,,173,17,-5.0,-6.98689956331878,https://kixs.com/here-is-why-you-should-not-argue-about-bills-after-heavy-drinking/,2022-12-01,regular,
1074186966,20221130,RUS,RUS,130,13,-4.4,0.23809523809524,http://special.tass.ru/nauka/16463537,2022-11-30,regular,
1143008245,20221128,,RUS,172,17,-5.0,-3.14401622718052,https://news.yahoo.com/ukraine-russia-war-finland-closes-151055323.html,2022-11-28,regular,
1074764755,20221204,,USA,160,16,-4.0,1.05263157894737,https://www.washingtonexaminer.com/news/warnock-2024-presidential-bid-dnc-calendar-georgia,2022-12-04,regular,
1075040909,20221129,USA,,100,10,-5.0,-1.73913043478261,https://www.sheboyganpress.com/story/news/politics/2022/12/06/gop-congressmen-urge-tony-evers-to-delete-tiktok-from-state-devices/69703474007/,2022-11-29,regular,
1074260555,20221130,USA,USA,173,17,-5.0,-4.61538461538462,https://patch.com/connecticut/manchester/manchester-investigation-contributes-10-year-child-porn-sentence,2022-11-30,regular,
1078035748,20221229,,RUS,162,16,-5.6,-1.45985401459854,https://dnes.dir.bg/svyat/lavrov-stotitsi-voennosluzheshti-na-sasht-sa-v-ukrayna-oshte-predi-darzhavniya-prevrat,2022-12-29,regular,
1077893767,20221228,,USA,160,16,-4.0,-3.1700288184438,https://www.king5.com/article/travel/sea-tac-reschedule-holiday-travelers-delayed-cancelled-flights/281-98a782dd-1e16-4950-a240-5f3a42717f62,2022-12-28,regular,
1077686581,20221226,,CHN,160,16,-4.0,-2.42587601078167,https://www.skynews.com.au/world-news/china-sends-71-warplanes-seven-ships-towards-taiwan-in-24-hours-after-us-passes-defence-bill-in-largest-incursion-into-nations-defence-zone-on-record/news-story/4bc6eadc80e1f7154fa5f93d47f25fa8,2022-12-26,regular,
1078366111,20230101,UKR,RUS,172,17,-5.0,-2.56410256410256,https://www.azadliq.org/a/yeni-il-erefersind-kiyev-semasinda-23-hedef-vurulub/32202987.html,2023-01-01,regular,
1077696176,20221226,CHN,TWN,180,18,-9.0,-3.66598778004074,https://www.bbc.com/turkce/articles/c97gyzn1q2vo,2022-12-26,regular,
1078260540,20221231,,USA,173,17,-5.0,-6.50289017341041,https://www.thestandard.com.hk/breaking-news/section/6/198695/Criminal-justice-postgrad-charged-with-murdering-4-Idaho-university-students,2022-12-31,regular,
1078254478,20221231,USA,,173,17,-5.0,-5.28667163067759,https://www.breitbart.com/politics/2022/12/30/tulsi-gabbard-permanent-washington-is-overrun-with-liars-and-opportunists-who-have-no-problem-whatsoever-deceiving-the-american-people/,2022-12-31,regular,
1077817447,20221227,FRA,,1721,17,-5.0,0.15444015444016,https://www.cinemablend.com/movies/great-old-movies-that-dont-get-talked-about-enough-and-how-to-watch-them,2022-12-27,regular,
1078230773,20221230,,JPN,138,13,-7.0,-0.23866348448687,https://www.mmafighting.com/2022/12/30/23530702/rizin-champion-roberto-satoshi-aj-mckee-fight-one-mistake-submit-him-bellator,2022-12-30,regular,
1078385081,20230101,ZWE,CHN,100,10,-5.0,-3.18021201413428,https://www.chinafile.com/conversation/what-does-mugabes-resignation-mean-china,2023-01-01,regular,
1078199068,20221230,USA,,173,17,-5.0,-5.93169562612343,http://www.progressive-charlestown.com/2022/12/trumps-brazen-tax-cheating-revealed.html,2022-12-30,regular,
1077985556,20221228,USA,,186,18,-10.0,0.83798882681564,https://www.kmbc.com/article/dogs-rescued-cold-cass-county-humane-society-in-st-louis/42356554,2022-12-28,regular,
1078335715,20230101,USA,,173,17,-5.0,-10.2459016393443,https://www.theadvocate.com/baton_rouge/news/crime_police/two-teens-killed-when-addis-police-unit-crashes-during-multi-parish-police-chase/article_279f5c34-894e-11ed-a683-5395a87bf4b6.html,2023-01-01,regular,
1077902710,20221228,UKR,RUS,163,16,-8.0,-1.81219110378912,https://www.lamarseillaise.fr/international/les-serbes-du-kosovo-appellent-belgrade-a-l-aide-JL12910876,2022-12-28,regular,
1077960378,20221228,,USA,150,15,-7.2,2.65654648956356,https://elnacional.com.do/academia-aerea-gradua-oficiales-con-especialidad-definidas/,2022-12-28,regular,
1077758438,20221227,NPL,USA,186,18,-10.0,-2.68336314847942,https://www.divyabhaskar.co.in/dvb-original/explainer/news/only-girls-save-what-is-charles-sobhrajs-plan-after-130728405.html,2022-12-27,regular,
1077900144,20221228,,GBR,141,14,-6.5,-3.4090909090909,https://www.thejournal.ie/drumcree-fears-5950932-Dec2022/,2022-12-28,regular,
1078036647,20221229,,RUS,130,13,-4.4,-3.63636363636363,https://www.huffingtonpost.gr/entry/ft-provlepseis-yia-serriknose-tes-oikonomias-tes-eerozones-to-2023_gr_63ac3cb2e4b0d6724fb99fa7,2022-12-29,regular,
1078261496,20221231,GBR,,173,17,-5.0,-1.0,https://www.wiltsglosstandard.co.uk/news/national/23221672.julian-assange-ask-prison-release-friend-vivienne-westwoods-funeral/,2022-12-31,regular,
1078255974,20221231,USA,IND,141,14,-6.5,1.51515151515152,https://zeenews.india.com/india/tripura-2023-assembly-polls-amit-shah-to-flag-off-bjp-s-rath-yatra-on-this-day-2556010.html,2022-12-31,regular,
1077996585,20221229,JPN,TWN,161,16,-4.0,3.4965034965035,https://www.bnnbloomberg.ca/taiwan-s-tsai-lauds-japan-s-new-security-strategy-kyodo-says-1.1864009,2022-12-29,regular,
1077860387,20221228,RUS,,172,17,-5.0,-3.56986078013295,https://www.thestar.com.my/news/world/2022/12/28/oil-prices-settle-mixed-as-traders-assess-supply-risks,2022-12-28,regular,
1078124175,20221230,USA,CHE,180,18,-9.0,-1.0593220338983,https://www.lausannecites.ch/node/179983,2022-12-30,regular,
1077854506,20221227,,USA,150,15,-7.2,-1.41509433962264,https://www.eluniversal.com.mx/mundo/norcorea-arranca-plenario-para-definir-su-politica-exterior-y-economica-en-2023,2022-12-27,regular,
1078085898,20221229,ITA,FRA,160,16,-4.0,-3.35429769392034,http://www.infomigrants.net/en/post/45742/italy-migrant-rescue-ship-carrying-scores-of-migrants-told-to-dock-1700km-away,2022-12-29,regular,
1078077061,20221229,CHN,JPN,141,14,-6.5,-3.29380764163373,https://tass.ru/opinions/16715603,2022-12-29,regular,
1078240685,20221231,USA,USA,173,17,-5.0,-10.8333333333334,https://www.wdrb.com/moscow-idaho-murders---ap-11-29-2022-2-jpg/image_af353482-8860-11ed-9ba1-530fdb32d80d.html,2022-12-31,regular,
1078094002,20221229,,DEU,173,17,-5.0,-0.81490104772992,https://zaxid.net/sviy_iyom_dlya_olafa_sholtsa_n1555409,2022-12-29,regular,
1077830217,20221227,USA,,173,17,-5.0,-9.0909090909091,https://news.yahoo.com/colorado-man-charged-hate-crimes-170717760.html,2022-12-27,regular,
1078368712,20230101,,USA,173,17,-5.0,-7.3671497584541,http://www.mcall.com/news/local/mc-nws-mahanoy-city-mystery-part-ii-20230101-biecwowarzcbjhas4ao3m7ybpm-story.html,2023-01-01,regular,
1078342482,20230101,RUS,RUS,138,13,-7.0,-4.24836601307189,https://www.devdiscourse.com/article/law-order/2304731-zelenskiy-putin-promise-victory-in-contrasting-new-year-speeches,2023-01-01,regular,
1078045052,20221229,UKR,RUS,182,18,-9.5,-4.88888888888889,https://www.politico.eu/article/dozens-russia-missiles-hit-ukraine-major-strike/,2022-12-29,regular,
1077695883,20221226,,GBR,173,17,-5.0,-10.2803738317757,https://www.mirror.co.uk/news/world-news/iran-arrests-seven-people-british-28816053,2022-12-26,regular,
1078135758,20221230,CHN,,151,15,-7.2,-2.72479564032698,https://abcnews.go.com/US/wireStory/us-chinese-intercept-caused-air-collision-95959092,2022-12-30,regular,
1078034702,20221229,CHN,USA,130,13,-4.4,1.02459016393442,https://www.presstv.ir/Detail/2022/12/29/695340/US-approves-possible-sale-of-anti-tank-systems-worth-180-million-to-Chinese-Taipei,2022-12-29,regular,
1077701772,20221226,USA,USA,1711,17,-9.2,-0.91623036649215,https://www.la-razon.com/energias-negocios/2022/12/23/ypfb-celebra-sus-86-anos-con-record-de-ingresos/,2022-12-26,regular,
1148519704,20221227,RUS,UKR,180,18,-9.0,1.57068062827225,https://www.ceskenoviny.cz/zpravy/rusko-a-indie-se-blizi-dohode-o-spolecne-vyrobe-vojenske-techniky-rekl-lavrov/2458641,2022-12-27,regular,
1082506696,20221231,USA,CHN,172,17,-5.0,-2.0997375328084,https://www.techspot.com/news/97424-netherlands-japan-agree-restrict-chipmaking-tools-china.html,2022-12-31,regular,
1078301463,20221231,USA,DEU,172,17,-5.0,-8.86426592797786,http://www.euronews.com/next/2022/12/31/people-jeffrey-epstein-banks,2022-12-31,regular,
1078308306,20221231,,USA,100,10,-5.0,-4.07673860911271,https://bearingarms.com/john-petrolino/2022/12/31/legal-challenge-to-portions-of-the-ny-safe-act-launched-n65722,2022-12-31,regular,
1078316334,20221231,USA,,173,17,-5.0,-7.380073800738,https://www.bizpacreview.com/2022/12/31/ca-felon-who-allegedly-killed-deputy-should-have-been-in-jail-for-life-at-the-time-of-the-crime-sheriff-1321091/,2022-12-31,regular,
1078221754,20221230,USA,RUS,173,17,-5.0,-6.41711229946524,https://www.krtv.com/news/crime-and-courts/what-we-know-about-the-suspect-arrested-in-connection-with-the-idaho-college-murders,2022-12-30,regular,
1078078171,20221229,USA,,1822,18,-9.0,-4.29242119382964,https://www.azcentral.com/story/news/local/arizona/2022/12/29/pima-county-tucson-grapple-with-increase-in-migrants-as-title-42-remains/69759707007/,2022-12-29,regular,
1078318913,20221231,,USA,173,17,-5.0,-8.08823529411764,https://www.rgj.com/story/news/2022/12/31/woman-smuggling-meth-heroin-into-nevada-state-prison-arrested/69769073007/,2022-12-31,regular,
1077808014,20221227,,GBR,154,15,-7.2,-4.05405405405405,https://www.theguardian.com/commentisfree/2022/dec/27/wood-burning-stove-environment-home-toxins,2022-12-27,regular,
1078092072,20221229,USA,,172,17,-5.0,-0.70546737213403,https://www.wrtv.com/news/national/lawmakers-work-to-protect-families-who-travel-for-gender-affirming-care,2022-12-29,regular,
1077770874,20221227,USA,,160,16,-4.0,-1.91082802547771,https://www.winknews.com/2022/12/26/southwest-airlines-cancels-nearly-2800-flights/,2022-12-27,regular,
1078292781,20221231,CHN,AUS,173,17,-5.0,-0.46082949308756,https://www.smh.com.au/national/challenges-of-2023-will-define-albanese-20221231-p5c9mm.html,2022-12-31,regular,
1077857766,20221227,,USA,1721,17,-5.0,-2.67639902676399,https://newsbusters.org/blogs/free-speech/paiten-iselin/2022/12/27/elon-musk-twitter-files-every-big-tech-company-engaged,2022-12-27,regular,
1077700678,20221226,GBR,,130,13,-4.4,-8.91089108910891,https://www.bbc.co.uk/news/uk-northern-ireland-64094068,2022-12-26,regular,
1077698529,20221226,CHN,,180,18,-9.0,-6.73400673400674,https://www.srugim.co.il/745625-%D7%A8%D7%95%D7%97%D7%95%D7%AA-%D7%9E%D7%9C%D7%97%D7%9E%D7%94-%D7%A2%D7%A9%D7%A8%D7%95%D7%AA-%D7%9E%D7%98%D7%95%D7%A1%D7%99%D7%9D-%D7%A1%D7%99%D7%A0%D7%99%D7%9D-%D7%97%D7%93%D7%A8%D7%95-%D7%9C%D7%98,2022-12-26,regular,
1077844442,20221227,,USA,173,17,-5.0,0.39946737683089,https://www.yahoo.com/lifestyle/brittney-griner-wife-rebuilding-lives-200440622.html,2022-12-27,regular,
1078368583,20230101,RUS,UKR,130,13,-4.4,-1.0028653295129,https://www.yna.co.kr/view/AKR20230101028700504,2023-01-01,regular,
1077683436,20221226,USA,,1724,17,-5.0,-5.36499560246262,https://www.iefimerida.gr/kosmos/kyklonas-bomba-ipa-stoys-37-oi-nekroi-kakokairia,2022-12-26,regular,
1078095993,20221229,BGR,RUS,141,14,-6.5,-3.75586854460094,https://menafn.com/1105365517/Bulgaria-Protests-To-Russia-After-Journalist-Grozev-Put-On-Wanted-List,2022-12-29,regular,
1077909221,20221228,UKR,RUS,130,13,-4.4,-2.4390243902439,https://www.baikal-daily.ru/news/16/448186/,2022-12-28,regular,
1077953961,20221228,,USA,173,17,-5.0,-10.6145251396648,https://www.fox32chicago.com/news/chicago-woman-stabbed-chihuahua-several-times-while-teen-was-on-walk-police,2022-12-28,regular,
1078120238,20221230,CHN,USA,151,15,-7.2,-1.84049079754601,https://www.bloomberg.com/news/newsletters/2022-12-29/five-things-you-need-to-know-to-start-your-day,2022-12-30,regular,
1078075627,20221229,DEU,,172,17,-5.0,-5.14950166112957,https://ria.ru/20221229/germaniya-1842319846.html,2022-12-29,regular,
1078091192,20221229,RUS,,160,16,-4.0,-2.24438902743142,https://www.investor.bg/a/560-vanshni-komentari/366637-tezi-deset-tochki-sa-ot-sashtestveno-znachenie-za-mira-v-ukrayna,2022-12-29,regular,
1078267105,20221231,RUS,BLR,180,18,-9.0,-2.56410256410256,https://www.capital.gr/story/3690193/welt-oi-5-paragontes-apo-tous-opoious-exartatai-o-polemos-stin-oukrania-to-2023,2022-12-31,regular,
1077754298,20221227,USA,,172,17,-5.0,-4.11954765751211,https://buffalonews.com/news/local/blizzard-of-the-century-life-safety-remains-focus-as-deaths-reach-28-in-buffalo-niagara/article_4bb42a66-8532-11ed-a1c7-6f186ef1589f.html,2022-12-27,regular,
1078065550,20221229,USA,,173,17,-5.0,-3.18066157760815,https://www.yorkdispatch.com/story/news/local/2022/12/28/unhoused-in-york-wrongfully-convicted-ernie-saw-life-through-rose-colored-glasses/69689591007/,2022-12-29,regular,
1077804168,20221227,USA,,173,17,-5.0,-8.66310160427806,http://www.wbiw.com/2022/12/27/june-2022-year-in-review/,2022-12-27,regular,
1078155794,20221230,DEU,,170,17,-7.0,0.88168063568085,https://www.funkytaurusmedia.com/shop_content.php?coID=3&XTCsid=l7ob7531lnn51g1ma4o3qq7or1,2022-12-30,regular,
1077657894,20221226,IRN,FRA,173,17,-5.0,-7.80141843971632,https://iranhumanrights.org/2018/05/who-are-the-dual-nationals-imprisoned-in-iran/,2022-12-26,regular,
1077734679,20221226,RUS,RUS,173,17,-5.0,-3.68731563421829,https://www.theepochtimes.com/department-of-justice-provides-update-on-john-durham-probe_4946019.html,2022-12-26,regular,
1078357848,20230101,,USA,173,17,-5.0,-3.55140186915887,https://news.yahoo.com/letters-no-reason-delay-crisis-101517692.html,2023-01-01,regular,
1078141896,20221230,USA,,173,17,-5.0,-5.8748427531903,https://uspolitics.einnews.com/pr_news/608656691/operation-lone-star-takes-historic-action-throughout-2022,2022-12-30,regular,
1078210140,20221230,,RUS,100,10,-5.0,-2.26244343891403,https://www.newsweek.com/russia-says-integration-annexed-land-full-swing-amid-massive-losses-1770451,2022-12-30,regular,
1077991698,20221229,JPN,,173,17,-5.0,-7.44186046511628,https://nichegamer.com/yuji-naka-indicted/,2022-12-29,regular,
1078207682,20221230,,USA,1823,18,-10.0,-6.74698795180723,https://www.warringtonguardian.co.uk/news/national/23221254.suspect-deaths-idaho-students-arrested-pennsylvania/,2022-12-30,regular,
1078244944,20221231,,USA,180,18,-9.0,-11.5740740740741,https://www.themountainpress.com/news/arrests/article_cd949218-e415-5677-b914-4403f8ffca0f.html,2022-12-31,regular,
1078282484,20221231,USA,,173,17,-5.0,-3.91566265060241,https://www.cbc.ca/news/world/obituary-pope-benedict-dead-95-1.6699491,2022-12-31,regular,
1077938285,20221228,USA,,173,17,-5.0,-5.19877675840978,https://www.record-eagle.com/news/local_news/governor-kidnap-plot-judge-consolidates-antrim-case/article_47c58024-8624-11ed-811a-bbc8c5409333.html,2022-12-28,regular,
1078241661,20221231,RUS,USA,173,17,-5.0,-3.04054054054055,https://www.eastidahonews.com/2022/12/justice-will-be-found-moscow-police-confirm-man-is-in-custody-unable-to-say-much-else/,2022-12-31,regular,
1078360572,20230101,,USA,173,17,-5.0,-0.41067761806981,https://news.yahoo.com/editorial-2022-living-nervously-110000462.html,2023-01-01,regular,
1078303311,20221231,,USA,173,17,-5.0,-8.78293601003764,https://www.nbcnews.com/think/opinion/george-santos-investigations-federal-state-prosecutors-seem-warranted-rcna63733,2022-12-31,regular,
1078248298,20221231,EUR,CHN,100,10,-5.0,2.66524520255864,https://dailytimes.com.pk/1045438/eus-central-asia-initiative/,2022-12-31,regular,
1077860738,20221228,USA,,150,15,-7.2,-4.65949820788531,https://news.antiwar.com/2022/12/27/netanyahu-appoints-iran-hawk-to-lead-israels-national-security-council/,2022-12-28,regular,
1077964046,20221228,,USA,172,17,-5.0,-5.3014553014553,https://www.christianpost.com/news/judge-blocks-san-francisco-from-clearing-homeless-encampments.html,2022-12-28,regular,
1078182927,20221230,CHN,UGA,173,17,-5.0,2.4948024948025,https://english.news.cn/20221230/0f9ec868d7884770a61a1b2d5d8fca34/c.html,2022-12-30,regular,
1077810138,20221227,USA,USA,100,10,-5.0,-1.1378002528445,https://www.bizpacreview.com/2022/12/27/as-rumors-fly-over-24-filing-pence-spox-sets-record-straight-while-suggesting-journos-were-pranked-1319996/,2022-12-27,regular,
1078261822,20221231,USA,,172,17,-5.0,-5.63380281690141,https://news.yahoo.com/abortion-arizona-15-week-law-030527518.html,2022-12-31,regular,
1078014052,20221229,,USA,160,16,-4.0,-5.82191780821918,https://www.digbycourier.ca/southwest-airlines-is-under-investigation-as-more-flights-are-canceled-due-to-the-storm-aviation/,2022-12-29,regular,
1077681941,20221226,USA,,161,16,-4.0,0.93123209169055,https://www.northjersey.com/story/news/new-jersey/2022/12/26/history-new-jersey-was-not-a-friend-to-abe-lincoln/69613811007/,2022-12-26,regular,
1078288904,20221231,UKR,RUS,138,13,-7.0,-9.82658959537575,https://www.bbc.com/news/world-europe-64135079,2022-12-31,regular,
1078319068,20221231,USA,,182,18,-9.5,-5.0251256281407,https://www.myleaderpaper.com/news/accidents/hillsboro-woman-man-hurt-in-atv-crash-near-cedar-hill/article_d33882e4-8937-11ed-a3a3-235f719db67a.html,2022-12-31,regular,
1148950631,20221230,USA,,172,17,-5.0,-3.53260869565217,https://www.oxygen.com/crime-news/gypsy-rose-blanchard-posts-first-selfie-of-freedom,2022-12-30,regular,
1078032766,20221229,USA,USA,173,17,-5.0,-7.54716981132075,https://www.foxla.com/news/california-school-photographer-arrested-in-connection-to-numerous-child-molestation-cases-police-say,2022-12-29,regular,
1077759732,20221227,UKR,RUS,130,13,-4.4,-5.06454816285998,http://www.msn.com/en-us/news/world/moscows-ultimatum-ukraine-fulfils-its-proposals-or-russian-army-will-decide/ar-AA15H9Ud,2022-12-27,regular,
1077792709,20221227,JPN,,163,16,-8.0,-1.93133047210301,https://www.busan.com/view/busan/view.php?code=2022122713574456124,2022-12-27,regular,
1078239162,20221231,USA,USA,173,17,-5.0,-3.0179445350734,https://www.wnep.com/article/news/local/wsu-governor-little-reaction-idaho-murders/293-ce8cc644-9231-486e-bf90-cf5a74fab64e,2022-12-31,regular,
1078047006,20221229,USA,,173,17,-5.0,-5.05709624796085,https://www.mykxlg.com/news/national/ap-news-summary-at-5-44-a-m-est/article_e2a23f01-6835-59ce-ae80-0ff1fb5dc13a.html,2022-12-29,regular,
1078039135,20221229,USA,,173,17,-5.0,-2.9951690821256,https://www.heraldscotland.com/opinion/23214936.fatal-attraction---people-fall-love-criminals/,2022-12-29,regular,
1078056736,20221229,FRA,,100,10,-5.0,-5.95238095238095,https://www.alo.rs/hronika/crna-hronika/709309/avganistan-general-subotica-hapsenje/vest,2022-12-29,regular,
1077669982,20221226,CHN,,100,10,-5.0,-1.80383314543405,https://www.news247.gr/sunday-edition/i-katazitoymeni-kineza-me-tin-golden-visa-ston-geraka.9883837.html,2022-12-26,regular,
1078314319,20221231,,RUS,141,14,-6.5,-5.15378221113882,https://www.parlamentnilisty.cz/arena/monitor/Pametnik-Vaclav-Vlk-o-paragrafech-proti-dezinformatorum-Naprosta-silenost-Srovnani-s-normalizaci-724819,2022-12-31,regular,
1078239146,20221231,USA,USA,173,17,-5.0,-2.08768267223382,https://www.ijpr.org/2022-12-30/oregon-supreme-court-finds-hundreds-convicted-by-nonunanimous-juries-deserve-new-trial,2022-12-31,regular,
1078095256,20221229,USA,USA,173,17,-5.0,-11.0898661567877,https://www.baltimorestar.com/news/273286150/dallas-white-collar-criminal-defense-lawyer-john-helm-new-web-resource-on-federal-white-collar-criminal-defense-is-live,2022-12-29,regular,
