GLOBALEVENTID,SQLDATE,Actor1CountryCode,Actor2CountryCode,EventCode,EventRootCode,GoldsteinScale,AvgTone,SOURCEURL,date,sample_type,event_label
1222009913,20250121,USA,PAN,173,17,-5.0,0.56657223796034,https://www.ertnews.gr/eidiseis/diethni/panamas-epistoli-ston-oie-meta-tis-apeiles-tou-tramp-gia-ti-dioryga/,2025-01-21,targeted,Trump inauguration
1221948018,20250121,,FRA,100,10,-5.0,-1.11731843575419,https://tn.com.ar/internacional/2025/01/21/la-salida-de-eeuu-del-acuerdo-de-paris-del-giro-con-venezuela-a-las-consecuencias-para-el-ambiente/,2025-01-21,targeted,Trump inauguration
1222326540,20250123,GBR,,138,13,-7.0,-3.86178861788618,https://www.thenational.scot/news/24879027.scotland-weather-john-swinney-chair-emergency-meeting/,2025-01-23,targeted,Trump inauguration
1221634811,20250120,GBR,,160,16,-4.0,-3.52564102564102,https://www.traveldailynews.com/aviation/balpa-secures-landmark-court-victory-against-ryanair-over-illegal-blacklisting-practices/,2025-01-20,targeted,Trump inauguration
1221689429,20250120,GBR,,172,17,-5.0,-0.35140562248996,https://www.salon.com/2025/01/20/paddington-is-10-years-old-but-the-bears-lessons-of-kindness-and-curiosity-are-timeless/,2025-01-20,targeted,Trump inauguration
1222651985,20250125,,USA,172,17,-5.0,-1.05633802816901,https://www.hjnews.com/news/local/heres-whats-on-the-table-for-utahs-2025-legislative-session/article_39cfdb7e-d904-11ef-a590-775f7df50086.html,2025-01-25,targeted,Trump inauguration
1222023308,20250122,AFG,USA,173,17,-5.0,0.96339113680154,https://www.wgrz.com/article/news/local/wife-of-western-new-york-man-released-by-taliban-excited-for-his-return/71-13b8acdd-b752-478b-b771-d030449d984a,2025-01-22,targeted,Trump inauguration
1221799232,20250121,USA,,173,17,-5.0,-4.72049689440994,https://eagletimes.com/2025/01/21/claremont-man-arrested-for-coke-and-heroin-trafficking-in-springfield/,2025-01-21,targeted,Trump inauguration
1222726193,20250125,UKR,USA,162,16,-5.6,2.21238938053098,https://glavnoe.in.ua/news/zelenskyj-sprostuvav-prypynennya-vijskovoyi-dopomohy-vid-ssha-ukrayini,2025-01-25,targeted,Trump inauguration
1222158229,20250122,CHN,,172,17,-5.0,-2.20125786163522,https://www.nbcdfw.com/news/business/money-report/tiktok-is-back-and-its-harming-kids-at-an-industrial-scale-says-psychologist/3747663/,2025-01-22,targeted,Trump inauguration
1222610760,20250124,USA,,173,17,-5.0,-12.1495327102803,https://katu.com/news/local/two-suspects-linked-to-portland-burglary-ring-indicted-on-multiple-charges,2025-01-24,targeted,Trump inauguration
1222288185,20250123,USA,,172,17,-5.0,-1.31578947368421,https://www.naftemporiki.gr/kosmos/1891297/tramp-nea-senaria-gia-10-000-stratiotes-sta-synora-ton-ipa-me-to-mexiko-ti-anaferei-eggrafo-gia-to-metanasteytiko/,2025-01-23,targeted,Trump inauguration
1222048784,20250122,,USA,100,10,-5.0,-6.89655172413793,https://www.standard.co.uk/news/london/trains-cancelled-beckenham-junction-victoria-southeastern-tube-tfl-b1206282.html,2025-01-22,targeted,Trump inauguration
1221948097,20250121,JPN,USA,1723,17,-5.0,-2.19780219780219,https://www.cafe.se/svenska-sneakerjatten-faller-efter-26-ar/,2025-01-21,targeted,Trump inauguration
1222402566,20250123,USA,USA,173,17,-5.0,-8.33333333333333,https://www.kuow.org:443/stories/ex-auburn-cop-sentenced-to-years-in-prison-for-murder-of-jessey-sarey,2025-01-23,targeted,Trump inauguration
1222229524,20250123,,USA,173,17,-5.0,-4.496253122398,https://www.woonsocketcall.com/news/national_and_world_news/ap-news-summary-at-9-37-p-m-est/article_265270a2-b73f-58fc-bf9f-c43d37faa7b1.html,2025-01-23,targeted,Trump inauguration
1221814070,20250121,USA,,173,17,-5.0,7.10526315789473,https://www.oneindia.com/international/donald-melania-trump-command-attention-at-commander-in-chief-inaugural-ball-with-elegant-dance-4048423.html,2025-01-21,targeted,Trump inauguration
1222192212,20250122,USA,USA,173,17,-5.0,-7.73809523809523,https://foxbaltimore.com/newsletter-daily/sun-maryland-senators-aide-charged-with-bilking-scholarship-funds-state-prosecutor-says,2025-01-22,targeted,Trump inauguration
1221967240,20250121,USA,USA,172,17,-5.0,-7.17488789237668,https://klewtv.com/news/local/idaho-legislator-proposes-bill-to-ban-mask-mandates-statewide,2025-01-21,targeted,Trump inauguration
1222889750,20250126,USA,,1821,18,-9.0,-4.42477876106194,https://www.shockya.com/news/2025/01/26/trump-restores-single-sex-prisons-executive-order-sparks-debate-over-safety-and-rights/,2025-01-26,targeted,Trump inauguration
1222894049,20250126,,USA,100,10,-5.0,-5.35714285714285,https://life.ru/p/1722468,2025-01-26,targeted,Trump inauguration
1222564563,20250124,USA,,1014,10,-5.0,-7.35294117647058,https://grenadachronicle.com/why-is-trump-releasing-the-last-files-on-jfk-rfl-mlk-assassinations/,2025-01-24,targeted,Trump inauguration
1222703015,20250125,RUS,,172,17,-5.0,-2.08333333333333,https://rv-ryazan.ru/v-ryazani-s-nachala-goda-bolee-sta-chelovek-oshtrafovali-za-nezakonnuyu-torgovlyu/,2025-01-25,targeted,Trump inauguration
1221719897,20250120,DEU,FRA,141,14,-6.5,-5.20661157024793,https://russian.rt.com/science/article/1422768-parizhskaya-mirnaya-konferenciya,2025-01-20,targeted,Trump inauguration
1285516818,20250123,USA,USA,160,16,-4.0,-2.11640211640212,https://www.oregonlive.com/portland/2026/01/ice-detains-family-seeking-emergency-care-for-child-at-portland-hospital.html,2025-01-23,targeted,Trump inauguration
1222789424,20250126,,USA,173,17,-5.0,-1.72413793103448,https://www.thewesterlysun.com/news/national/what-jfk-assassination-files-are-still-classified-trump-s-order-could-bring-them-to-light/article_1ca85226-c78e-5261-9fc1-bebc57bb6945.html,2025-01-26,targeted,Trump inauguration
1221954528,20250121,USA,JOR,173,17,-5.0,-8.37209302325582,https://legalnewsline.com/stories/669117963-chilean-nationals-indicted-for-burglary-spree-in-southwest-ohio,2025-01-21,targeted,Trump inauguration
1222066248,20250122,USA,USA,100,10,-5.0,-4.81283422459893,https://glavpost.com/politika/2025/01/22/kak-amerikantsy-otneslis-k-ukazu-trampa-o-zaprete-na-grazhdanstva-po-pravu-rozhdeniya/,2025-01-22,targeted,Trump inauguration
1221942864,20250121,GBR,,141,14,-6.5,0.72689511941848,https://theconversation.com/joan-plowright-a-leading-actress-in-british-theatres-post-war-class-revolution-247944,2025-01-21,targeted,Trump inauguration
1222358940,20250123,RUS,,173,17,-5.0,-6.85920577617328,https://www.newsit.gr/kosmos/rosos-katadikastike-se-17-xronia-fylaki-gia-esxati-prodosia-edine-aporrites-plirofories-stis-ipa/4290811/,2025-01-23,targeted,Trump inauguration
1222344730,20250123,,GBR,100,10,-5.0,-2.72232304900182,https://www.dailyrecord.co.uk/news/politics/polmont-custody-deaths-must-mark-34540625,2025-01-23,targeted,Trump inauguration
1222111040,20250122,JPN,,186,18,-10.0,-2.07006369426751,https://www.scientificamerican.com/article/modis-government-aims-to-trample-indias-history/,2025-01-22,targeted,Trump inauguration
1222431389,20250124,GBR,,173,17,-5.0,-7.97546012269939,https://www.thetimes.com/uk/scotland/article/terrorism-investigation-after-teenage-boy-arrested-outside-mosque-xz5q50b8r,2025-01-24,targeted,Trump inauguration
1222464887,20250124,USA,,173,17,-5.0,-10.0,https://krdo.com/news/2025/01/23/colorado-springs-man-man-sentenced-to-13-years-for-being-a-felon-in-possession-of-a-firearm/,2025-01-24,targeted,Trump inauguration
1222161657,20250122,USA,IRN,170,17,-7.0,-6.54205607476635,https://www.express.co.uk/news/world/2004139/horror-iran-combat-robots,2025-01-22,targeted,Trump inauguration
1223117962,20250121,USA,,138,13,-7.0,-5.39906103286384,https://www.msnbc.com/the-reidout/reidout-blog/trump-ice-raids-navajo-nation-arizona-newark-rcna189491,2025-01-21,targeted,Trump inauguration
1222784852,20250126,USA,,174,17,-5.0,-2.61437908496732,https://www.marketscreener.com/news/latest/Mexico-refuses-US-military-flights-deporting-migrants-officials-say-48873324/,2025-01-26,targeted,Trump inauguration
1222472498,20250124,RUS,,172,17,-5.0,0.0,http://trud-ost.ru/?p=929939,2025-01-24,targeted,Trump inauguration
1222593756,20250124,,USA,130,13,-4.4,0.36563071297989,https://www.breitbart.com/politics/2025/01/24/watch-vice-president-jd-vance-swears-in-john-ratcliffe-as-cia-director/,2025-01-24,targeted,Trump inauguration
1221986845,20250122,USA,,173,17,-5.0,-9.6,https://www.wdio.com/front-page/top-stories/two-jurors-dismissed-jury-selection-resumes-for-1986-chisholm-murder-case/,2025-01-22,targeted,Trump inauguration
1221925228,20250121,USA,,172,17,-5.0,-5.36082474226804,https://clarksvillenow.com/local/as-more-states-adopt-traffic-enforcement-cameras-heres-where-tennessee-stands/,2025-01-21,targeted,Trump inauguration
1222383136,20250123,,USA,100,10,-5.0,-3.66666666666667,https://www.yahoo.com/news/opinion-next-democrats-170000934.html,2025-01-23,targeted,Trump inauguration
1222526245,20250124,,USA,173,17,-5.0,-5.29801324503311,https://www.1073wrsw.com/large-amounts-of-meth-fentanyl-and-cocaine-found-in-warsaw-drug-bust/,2025-01-24,targeted,Trump inauguration
1222648528,20250125,,USA,174,17,-5.0,-3.93518518518518,https://www.thestar.com.my/news/world/2025/01/25/mexico-refuses-us-military-flight-deporting-migrants-sources-say,2025-01-25,targeted,Trump inauguration
1222698355,20250125,RUS,,138,13,-7.0,-2.62948207171315,https://inosmi.ru/20250125/polsha-271561112.html,2025-01-25,targeted,Trump inauguration
1222034419,20250122,,USA,173,17,-5.0,-9.9526066350711,https://www.yahoo.com/news/st-louis-man-admits-armed-044300593.html,2025-01-22,targeted,Trump inauguration
1221669987,20250120,USA,,141,14,-6.5,-5.57768924302789,https://www.downtoearth.org.in/health/global-study-highlights-underestimated-heart-disease-risks-in-hiv-patients,2025-01-20,targeted,Trump inauguration
1228139390,20250123,USA,,1721,17,-5.0,-4.19580419580419,https://www.euractiv.com/section/tech/news/trump-threatens-to-launch-tariff-attack-on-eu-tech-regulation/,2025-01-23,targeted,Trump inauguration
1222437767,20250124,,USA,173,17,-5.0,-2.72727272727273,https://www.nbcmiami.com/news/local/man-arrested-after-secret-service-stops-man-who-jumped-wall-at-trumps-mar-a-lago-club/3524231/,2025-01-24,targeted,Trump inauguration
1222524709,20250124,RUS,,1711,17,-9.2,-14.2857142857143,https://biztoc.com/x/ea83e51d84da578e,2025-01-24,targeted,Trump inauguration
1222617744,20250124,GBR,,172,17,-5.0,-3.52422907488987,https://www.thetimes.com/uk/politics/article/from-banning-xl-bullies-to-helping-the-treasury-get-its-bite-back-nhcnp0lxg,2025-01-24,targeted,Trump inauguration
1222639137,20250125,CHN,CAN,1014,10,-5.0,-2.59740259740259,https://wrp.org.uk/editorials/trump-is-set-to-impose-the-death-agony-of-the-us-capitalist-system-onto-the-working-class-of-the-world/,2025-01-25,targeted,Trump inauguration
1221740572,20250120,USA,,172,17,-5.0,1.09289617486339,https://kezj.com/ixp/658/p/read-idahos-outrageous-reaction-to-tiktok-ban/,2025-01-20,targeted,Trump inauguration
1222346391,20250123,EUR,,1043,10,-5.0,0.0,https://www.holosameryky.com/a/rutte-ssha-ukrayina-evropa-zbroya/7947342.html,2025-01-23,targeted,Trump inauguration
1221759194,20250121,USA,,130,13,-4.4,-4.61538461538462,https://www.telemundo52.com/noticias/local/bomberos-combaten-incendio-pequeno-de-maleza-en-griffith-park/2728951/,2025-01-21,targeted,Trump inauguration
1222441043,20250124,USA,,160,16,-4.0,-2.52100840336135,https://www.japantimes.co.jp/news/2025/01/24/world/politics/trump-federal-bureaucracy-remake/,2025-01-24,targeted,Trump inauguration
1222144197,20250122,USA,ISR,171,17,-9.2,-5.43572044866264,https://nypost.com/2025/01/22/us-news/masked-students-disrupt-columbia-classes-distribute-antisemitic-leaflets/,2025-01-22,targeted,Trump inauguration
1221572062,20250120,USA,USA,186,18,-10.0,-0.44987146529563,https://www.nbcphiladelphia.com/news/national-international/inauguration-day-traditions/4080706/,2025-01-20,targeted,Trump inauguration
1221852851,20250121,ITA,USA,173,17,-5.0,-7.2289156626506,https://www.yahoo.com/news/georgia-fire-chief-shot-dead-113351894.html,2025-01-21,targeted,Trump inauguration
1221756907,20250121,,USA,180,18,-9.0,-12.7659574468085,https://www.ky3.com/2025/01/20/arkansas-man-accused-assaulting-police-during-jan-6-insurrection/,2025-01-21,targeted,Trump inauguration
1222896093,20250126,USA,,174,17,-5.0,-7.64587525150905,https://www.yahoo.com/news/trump-imposes-25-tariff-colombia-195926890.html,2025-01-26,targeted,Trump inauguration
1221835223,20250121,,USA,141,14,-6.5,0.91272104962921,https://www.flcourier.com/news/i-have-a-dream/article_35924250-d7d2-11ef-9209-cb93a0b92dc4.html,2025-01-21,targeted,Trump inauguration
1222101827,20250122,AZE,RUS,173,17,-5.0,-4.02576489533011,https://www.sardarabad.com.ar/opinion8687/8687-erevan-defiende-su-falta-de-reaccion-ante-los-juicios-azeries-a-los-dirigentes-de-karabaj,2025-01-22,targeted,Trump inauguration
1222851895,20250126,,GBR,100,10,-5.0,-8.3223249669749,https://www.aol.co.uk/news/starmer-took-unequal-approach-southport-140448647.html,2025-01-26,targeted,Trump inauguration
1222878948,20250126,,USA,173,17,-5.0,-5.61797752808988,https://www.yahoo.com/news/dolton-mayor-tiffany-henyard-found-160827811.html,2025-01-26,targeted,Trump inauguration
1221692391,20250120,USA,,180,18,-9.0,-3.42530922930542,https://laist.com/news/climate-environment/what-sparks-a-wildfire-the-answer-often-remains-a-mystery,2025-01-20,targeted,Trump inauguration
1222401464,20250123,,USA,180,18,-9.0,-0.38961038961039,https://www.insidephilanthropy.com/home/as-trump-attacks-immigrants-heres-what-funders-can-do,2025-01-23,targeted,Trump inauguration
1222828844,20250126,USA,USA,174,17,-5.0,-1.64473684210526,https://www.bostonglobe.com/2025/01/26/opinion/opinion-renee-graham-bishop-challenges-trump/,2025-01-26,targeted,Trump inauguration
1222739383,20250125,,USA,141,14,-6.5,-3.77252252252253,https://www.digitaljournal.com/world/trump-victory-rally-in-vegas-caps-whirlwind-week/article,2025-01-25,targeted,Trump inauguration
1222791128,20250126,USA,,173,17,-5.0,-8.18815331010453,https://southernillinoisnow.com/2025/01/25/former-southeastern-illinois-police-chief-faces-federal-charges/,2025-01-26,targeted,Trump inauguration
1222122233,20250122,FRA,SYR,100,10,-5.0,-12.0,https://blueprint.ng/al-assad-france-hangs-fresh-arrest-warrant-on-ousted-syrian-leader/,2025-01-22,targeted,Trump inauguration
1285738519,20250125,USA,USA,1712,17,-9.2,2.17391304347826,https://www.thewrap.com/creative-content/tv-shows/snl-cold-open-trump-awards-mike-myers/,2025-01-25,targeted,Trump inauguration
1221835954,20250121,USA,,160,16,-4.0,-6.42201834862385,https://english.almanar.com.lb/2318120,2025-01-21,targeted,Trump inauguration
1222284160,20250123,FRA,DZA,173,17,-5.0,-9.64912280701756,https://english.aawsat.com/arab-world/5104228-france-arrests-new-algerian-influencer-tensions-soar,2025-01-23,targeted,Trump inauguration
1221958280,20250121,,USA,173,17,-5.0,-14.1891891891892,https://www.masslive.com/news/2025/01/wareham-woman-sentenced-to-prison-for-fentanyl-conspiracy-led-to-overdose-death.html,2025-01-21,targeted,Trump inauguration
1222860250,20250126,CHE,USA,139,13,-7.0,-0.16339869281045,https://timesofindia.indiatimes.com/world/us/donald-trumps-explosive-first-week-as-us-president-executive-orders-controversies-and-global-ambitions-we-are-so-back/articleshow/117580855.cms,2025-01-26,targeted,Trump inauguration
1222690734,20250125,GBR,,182,18,-9.5,-6.50887573964497,https://ekstrabladet.dk/nyheder/Udland/livsfarlige-eowyn-raserer-mere-end-1000-fly-aflyst/10508809,2025-01-25,targeted,Trump inauguration
1222134983,20250122,GBR,,173,17,-5.0,-15.9554730983302,https://www.mirror.co.uk/news/uk-news/interactive-map-shows-hundreds-jailed-34532592,2025-01-22,targeted,Trump inauguration
1221802663,20250121,PRK,JPN,181,18,-9.0,-4.62724935732648,https://english.kyodonews.net:443/news/2025/01/d0de96facf8d-mother-of-n-korea-abductee-hopes-trumps-return-will-bring-progress.html,2025-01-21,targeted,Trump inauguration
1222265824,20250123,USA,,180,18,-9.0,-2.09643605870021,https://www.ktre.com/2025/01/23/supporters-welcome-home-carthage-man-pardoned-by-trump/,2025-01-23,targeted,Trump inauguration
1222728837,20250125,USA,,100,10,-5.0,-6.37019230769231,https://www.eastbaytimes.com/2025/01/25/opinion-federal-workers-may-soon-face-moral-dilemmas/,2025-01-25,targeted,Trump inauguration
1222253567,20250123,RUS,UKR,180,18,-9.0,-3.44506517690875,https://dominicanrepublicpost.com/as-trump-takes-us-oath-ukraines-deep-strikes-weaken-russias-war-effort/,2025-01-23,targeted,Trump inauguration
1222523229,20250124,EUR,,138,13,-7.0,-9.27419354838707,https://www.news.de/politik/858312185/wladimir-putin-koennte-eskalieren-nach-sieg-im-ukraine-krieg-geheimdienste-warnen-vor-kreml-angriff-auf-europa-ab-2028/1/,2025-01-24,targeted,Trump inauguration
1221749079,20250120,USA,,130,13,-4.4,-1.63934426229508,https://www.10news.com/news/local-news/san-diego-news/red-flag-warning-in-effect-for-parts-of-san-diego-county-80k-could-lose-power,2025-01-20,targeted,Trump inauguration
1221754404,20250121,DEU,USA,130,13,-4.4,-0.12391573729863,https://thegrio.com/2025/01/20/elon-musk-outrage-hitler-salute-trump-inauguration-event/,2025-01-21,targeted,Trump inauguration
1222697484,20250125,ISR,USA,181,18,-9.0,-7.34229576008273,https://infotel.ca/newsitem/ml-mideast-wars/cp495937874,2025-01-25,targeted,Trump inauguration
1222757032,20250125,USA,VEN,174,17,-5.0,-4.09656181419166,https://www.nbcnews.com/news/us-news/immigrants-protected-legal-status-trump-era-rcna188754,2025-01-25,targeted,Trump inauguration
1221780996,20250121,USA,MEX,138,13,-7.0,-1.55884645362431,https://news.sky.com/story/sky-experts-on-trumps-inauguration-speech-and-what-is-coming-next-13293340,2025-01-21,targeted,Trump inauguration
1222839801,20250126,USA,,160,16,-4.0,-3.57142857142857,https://www.theguardian.com/us-news/2025/jan/26/neo-nazis-trump-extremism,2025-01-26,targeted,Trump inauguration
1222673977,20250125,,GBR,140,14,-6.5,-5.1413881748072,https://www.wiltsglosstandard.co.uk/news/24884115.protestors-gather-outside-raf-fairford-base-today/,2025-01-25,targeted,Trump inauguration
1222349099,20250123,,RUS,1312,13,-5.8,-2.64900662251655,https://www.rbc.ru/economics/23/01/2025/679232df9a794799787bf1fb,2025-01-23,targeted,Trump inauguration
1222675169,20250125,USA,,173,17,-5.0,-9.23076923076922,https://www.rediff.com/news/report/us-sc-clears-2611-terror-attack-convict-tahawwur-ranas-extradition-to-india/20250125.htm,2025-01-25,targeted,Trump inauguration
1222076531,20250122,RUS,RUS,100,10,-5.0,-1.64609053497943,https://andaluciainformacion.es/andalucia/1859414/putin-ordena-la-domiciliacion-de-las-empresas-rusas-registradas-en-los-paises-inamistosos/,2025-01-22,targeted,Trump inauguration
1221777235,20250121,,USA,173,17,-5.0,-1.42348754448399,https://www.castanetkamloops.net/news/World/528729/Donald-Trump-signs-first-round-of-executive-orders,2025-01-21,targeted,Trump inauguration
1222554204,20250124,RUS,UKR,182,18,-9.5,-8.03858520900317,https://www.francetvinfo.fr/monde/europe/manifestations-en-ukraine/guerre-en-ukraine-la-russie-a-rendu-les-corps-de-757-soldats-ukrainiens-affirme-kiev_7034462.html,2025-01-24,targeted,Trump inauguration
1222119472,20250122,USA,,160,16,-4.0,-1.0498687664042,https://www.baltimoresun.com/2025/01/22/trump-rescinds-biden-ai-executive-order/,2025-01-22,targeted,Trump inauguration
1222171265,20250122,RUS,RUS,130,13,-4.4,-4.16666666666667,https://kxel.com/2025/01/22/how-trump-is-likely-to-wield-americas-power-around-the-world/,2025-01-22,targeted,Trump inauguration
1222058025,20250122,,CHN,172,17,-5.0,0.2389486260454,https://www.yahoo.com/news/donald-trump-says-hes-open-093000003.html,2025-01-22,targeted,Trump inauguration
1222116126,20250122,,CHN,172,17,-5.0,2.04572803850782,https://www.eureporter.co/world/china-2/2025/01/22/us-strategy-to-curb-chinas-ai-advancements-will-intensify-further/,2025-01-22,targeted,Trump inauguration
1221822784,20250121,CHN,,172,17,-5.0,-4.22960725075529,https://ria.ru/20250121/tiktok-1994761941.html,2025-01-21,targeted,Trump inauguration
1223257048,20250128,USA,,173,17,-5.0,-8.45375722543352,https://www.fox2detroit.com/news/trump-ice-migrant-raids-states,2025-01-28,regular,
1223655725,20250130,,GBR,173,17,-5.0,-9.76163450624291,https://www.express.co.uk/news/politics/2007640/Channel-migrants-small-boats-France-UK,2025-01-30,regular,
1223108043,20250127,USA,,180,18,-9.0,-6.25,https://ktul.com/news/nation-world/army-doctor-sentenced-to-prison-in-sprawling-sexual-abuse-case-united-states-military-investigation-abusive-sexual-contact-assault-sex-offender,2025-01-27,regular,
1223799308,20250131,,USA,173,17,-5.0,-2.05314009661836,https://www.yahoo.com/news/witnesses-bring-emotional-testimony-against-044504435.html,2025-01-31,regular,
1223280143,20250128,GBR,USA,173,17,-5.0,-18.1818181818182,https://www.yahoo.com/news/former-alabama-jail-administrator-indicted-155511157.html,2025-01-28,regular,
1224074167,20250201,USA,,180,18,-9.0,-8.10810810810811,https://www.kazu.org/npr-news/2025-02-01/trump-says-airstrikes-on-isis-in-somalia-killed-terrorists-without-harming-civilians,2025-02-01,regular,
1223015823,20250127,,GBR,173,17,-5.0,-2.67665952890793,https://www.bbc.com/urdu/articles/cr7e4l7k7d9o,2025-01-27,regular,
1286693014,20250130,SLV,USA,173,17,-5.0,-4.28265524625267,https://www.alternet.org/wehle-scotus-trump/,2025-01-30,regular,
1223686387,20250130,RUS,,172,17,-5.0,-2.53164556962025,https://www.newsler.ru/politics/2025/01/30/v-rossii-zapretyat-satanizm,2025-01-30,regular,
1223480672,20250129,,FRA,173,17,-5.0,-4.40771349862259,https://www.napolitoday.it/eventi/cena-con-delitto-carnevale-vic-street.html,2025-01-29,regular,
1223542045,20250129,,USA,181,18,-9.0,-10.840108401084,https://www.breitbart.com/crime/2025/01/29/long-island-women-charged-sex-trafficking-case-missing-14-year-old-girl/,2025-01-29,regular,
1223939253,20250131,SEN,FRA,100,10,-5.0,-0.87976539589442,https://www.aa.com.tr/en/africa/after-expelling-french-military-chadian-president-says-autonomous-security-is-absolute-priority/3468216,2025-01-31,regular,
1223691741,20250130,USA,,130,13,-4.4,0.43613707165109,https://windsorstar.com:443/news/economy/trumps-commerce-tariff-threat-just-the-beginning,2025-01-30,regular,
1223620983,20250130,,USA,173,17,-5.0,-4.77759472817133,https://www.myeasternshoremd.com/qa/news/easton-ice-arrest-not-school-related-official-says/article_e2785bd8-dd9c-11ef-9200-2f8170e93fa9.html,2025-01-30,regular,
1223303984,20250128,USA,,1712,17,-9.2,-5.40540540540541,https://www.yahoo.com/news/eastern-iowa-community-colleges-receive-185519051.html,2025-01-28,regular,
1223067891,20250127,USA,USA,173,17,-5.0,-14.4508670520231,https://turnto10.com/news/local/4-accused-of-assaulting-robbing-man-in-fall-river-arrest-charges-zip-ties-kidnapping-armed-robbery-masked-weapon-evidence-arraignment-jan-27-2025,2025-01-27,regular,
1223666850,20250130,USA,,174,17,-5.0,-6.13747954173486,https://www.firstpost.com/world/united-states/will-trumps-guantanamo-bay-move-to-hold-migrants-backfire-13857729.html,2025-01-30,regular,
1223916477,20250131,USA,,173,17,-5.0,-6.44441987321244,https://www.yahoo.com/news/chinese-chemical-executives-cleared-us-183008866.html,2025-01-31,regular,
1223997081,20250201,USA,USA,172,17,-5.0,-1.66666666666666,https://www.yahoo.com/news/benton-county-schools-react-bell-041941824.html,2025-02-01,regular,
1223162962,20250128,CHN,,150,15,-7.2,-5.53505535055351,https://www.koat.com/article/new-mexico-korean-war-veteran-burial/63580559,2025-01-28,regular,
1223727753,20250130,,USA,173,17,-5.0,-8.71369294605809,https://wobm.com/ixp/385/p/nj-man-brandon-dennis-prison-for-killing-victim-patrick-trotter-hiding-body-under-leaves/,2025-01-30,regular,
1224065570,20250201,,USA,100,10,-5.0,-7.01357466063348,https://www.lbc.co.uk/news/trump-says-us-airstrikes-have-killed-many-isis-terrorists-hiding-in-caves/,2025-02-01,regular,
1223347044,20250129,USA,USA,100,10,-5.0,-0.19920318725099,https://www.bostonglobe.com/2025/01/28/business/elon-musk-x-visa-financial-services-talking-points/,2025-01-29,regular,
1223859884,20250131,FRA,,173,17,-5.0,-3.53260869565218,https://www.maltatoday.com.mt/news/court_and_police/133414/patrick_spiteri_spared_effective_imprisonment_after_being_found_guilty_of_defrauding_leslie_bricusse,2025-01-31,regular,
1225140194,20250131,,USA,100,10,-5.0,-2.87398673544583,https://www.dailymail.co.uk/news/article-14371235/Black-Hawk-crew-night-vision-goggles-DC-plane-crash.html,2025-01-31,regular,
1223405905,20250129,RUS,RUS,173,17,-5.0,-1.83908045977012,https://www.rnz.co.nz/news/world/540314/australina-prime-minister-pm-says-oscar-jenkins-may-be-alive-and-in-russian-captivity,2025-01-29,regular,
1224083883,20250201,USA,,172,17,-5.0,-3.15068493150685,https://truthout.org/articles/a-forged-viral-post-has-made-pro-palestine-students-in-missouri-live-in-fear/,2025-02-01,regular,
1223335769,20250129,USA,USA,100,10,-5.0,-5.94758064516129,https://nypost.com/2025/01/28/us-news/andrew-cuomos-covid-record-in-spotlight-as-he-weighs-run-for-mayor/,2025-01-29,regular,
1223262253,20250128,USA,,173,17,-5.0,-4.54545454545455,https://wajr.com/2025/01/27/one-arrested-after-high-speed-pursuit-in-harrison-county/,2025-01-28,regular,
1224360368,20250127,USA,ISR,100,10,-5.0,-2.02020202020202,https://www.jpost.com/international/article-840502,2025-01-27,regular,
1223086631,20250127,USA,,1821,18,-9.0,-3.03413400758533,https://ucsdguardian.org/2025/01/27/aes-reporter-notebook-neil-gaiman-british-fantasist-accused-of-sexual-assault/,2025-01-27,regular,
1223032878,20250127,USA,,186,18,-10.0,-3.30788804071247,https://www.banglanews24.com/national/news/bd/1461151.details,2025-01-27,regular,
1223554759,20250130,USA,,173,17,-5.0,-3.89610389610389,https://www.seoghoer.dk/krimi/oj-simpson-sagen-danske-bettina-fandt-de-blodige-lig,2025-01-30,regular,
1224185974,20250202,USA,,160,16,-4.0,0.69686411149826,https://www.winnipegfreepress.com/breakingnews/2025/02/02/usaid-security-leaders-on-leave-after-trying-to-keep-musks-doge-from-classified-info-officials-say,2025-02-02,regular,
1223507489,20250129,USA,,130,13,-4.4,-7.06260032102729,https://www.kctv5.com/2025/01/29/tuberculosis-outbreak-kansas-is-alarming-its-not-biggest-us-history-though-cdc-says/,2025-01-29,regular,
1223599160,20250130,,RUS,141,14,-6.5,-5.6,https://www.shorouknews.com/news/view.aspx?cdate=30012025&id=5453f4c5-37db-4bef-a9c6-f91c552b25a4,2025-01-30,regular,
1223535647,20250129,RUS,AUS,186,18,-10.0,-1.82815356489945,https://ziare.com/razboi-ucraina/razboi-ucraina-soldat-australian-prizonier-1920465,2025-01-29,regular,
1223117043,20250128,USA,NIC,173,17,-5.0,-7.90190735694823,https://www.turnto23.com/politics/president-trumps-first-100-days/ice-other-agencies-carry-out-arrest-operations-across-multiple-cities,2025-01-28,regular,
1223048908,20250127,,USA,180,18,-9.0,-7.71513353115727,https://www.mainlinemedianews.com/2025/01/27/convicted-montgomery-county-child-predator-accused-of-avoiding-apprehension-rejects-plea-offer/,2025-01-27,regular,
1223998217,20250201,USA,PAN,141,14,-6.5,-1.87007874015748,https://www.newsday.com/news/nation/rubio-panama-canal-costa-rica-el-salvador-guatemala-dominican-republic-e62664,2025-02-01,regular,
1223009763,20250127,USA,,173,17,-5.0,-2.2680412371134,https://www.mercurynews.com/2025/01/27/derek-kinnison-pardoned-for-jan-6-crimes-gets-heros-welcome-at-temecula-church/,2025-01-27,regular,
1224063502,20250201,RUS,UKR,173,17,-5.0,-8.28729281767956,https://www.mtdemocrat.com/news/national/russia-fires-deadly-barrage-on-ukraine-as-it-presses-on-key-city/article_ecc766f7-3a76-59c1-a85d-96e105e89b56.html,2025-02-01,regular,
1223338471,20250129,USA,,173,17,-5.0,-10.3260869565217,https://cbs2iowa.com/news/local/marshalltown-man-charged-with-grooming-after-alleged-explicit-chats-with-supposed-child,2025-01-29,regular,
1223461186,20250129,,USA,100,10,-5.0,-2.96,https://lasvegassun.com/news/2025/jan/29/schools-panic-as-trump-administration-demands-scru/,2025-01-29,regular,
1223239323,20250128,,USA,162,16,-5.6,-2.70963017209813,https://www.yahoo.com/news/live/california-wildfires-latest-rain-brings-relief--and-mudslides--to-burn-areas-in-los-angeles-135204386.html,2025-01-28,regular,
1223427787,20250129,RUS,,181,18,-9.0,-12.9496402877697,https://lenta.ru/news/2025/01/29/vosstanovlena-kartina-raspravy-brakoniera-nad-rossiyskimi-lesnikami/,2025-01-29,regular,
1223053820,20250127,USA,,186,18,-10.0,-4.50450450450451,https://blackamericaweb.com/2025/01/27/martin-luther-kings-family-speaks-out-after-trump-orders-mlk-assassination-files-to-be-declassified/,2025-01-27,regular,
1223082871,20250127,USA,,173,17,-5.0,-9.48275862068966,https://www.yahoo.com/news/longview-man-arrested-1-000-180837669.html,2025-01-27,regular,
1223346818,20250129,USA,,162,16,-5.6,2.44343891402715,https://www.mercurynews.com/2025/01/28/vacaville-fire-protection-district-employee-shares-tale-of-helping-on-la-fires/,2025-01-29,regular,
1223581657,20250130,USA,USA,160,16,-4.0,-4.84375,https://apnews.com/article/federal-grants-loans-pause-trump-supreme-court-87f4951ad01ea2782ef5290642b0305e,2025-01-30,regular,
1223054451,20250127,DEU,ITA,174,17,-5.0,-5.68181818181818,https://www.yahoo.com/news/photos-show-horrors-auschwitz-75-141500499.html,2025-01-27,regular,
1223272524,20250128,,GBR,180,18,-9.0,-4.76190476190476,https://www.echolive.ie/nationalnews/arid-41563357.html,2025-01-28,regular,
1224199935,20250202,USA,CAN,100,10,-5.0,-2.375,https://www.cochranetimespost.ca:443/news/canadian-american-united-steelworkers-blast-donald-trumps-trade-war,2025-02-02,regular,
1223747870,20250130,USA,CHN,173,17,-5.0,1.70940170940171,https://www.marketscreener.com/quote/stock/KLA-CORPORATION-40328827/news/KLA-forecasts-upbeat-third-quarter-on-strong-demand-for-chipmaking-tools-48918322/,2025-01-30,regular,
1223312316,20250128,,USA,173,17,-5.0,-12.4629080118694,https://www.kmbc.com/article/olathe-man-sentenced-fentanyl-conspiracy-missing-woman-remains/63592432,2025-01-28,regular,
1223972000,20250201,USA,VEN,173,17,-5.0,-2.93809024134313,https://www.voicenews.com/2025/01/31/venezuela-6-americans-freed/,2025-02-01,regular,
1224176117,20250202,CHN,,138,13,-7.0,-4.48143405889885,https://indianexpress.com/article/explained/explained-global/how-trumps-new-tariffs-will-affect-china-and-the-us-9813792/,2025-02-02,regular,
1222915189,20250127,JPN,CHN,172,17,-5.0,-4.65116279069767,https://www.scmp.com/news/hong-kong/health-environment/article/3296330/should-hong-kong-end-japanese-seafood-import-ban-after-chinese-test-results,2025-01-27,regular,
1222961724,20250127,USA,,173,17,-5.0,-8.22784810126583,https://www.journaldemontreal.com/2025/01/27/des-dizaines-dimmigrants-illegaux-arretes-en-floride,2025-01-27,regular,
1223009009,20250127,HUN,RUS,163,16,-8.0,-3.74639769452449,https://www.euractiv.com/section/politics/news/hungary-lifts-blockade-on-eu-russia-sanctions-renewal/,2025-01-27,regular,
1223882182,20250131,GBR,GBR,130,13,-4.4,-3.59744474430363,https://www.milfordmercury.co.uk/news/national/24901173.keir-starmer-spoke-freed-hostage-emily-damari-family-says/,2025-01-31,regular,
1223868732,20250131,USA,PAK,1822,18,-9.0,-3.86138613861386,https://fpif.org/trumps-new-cuba-policy-bad-for-cuba-and-migrants/,2025-01-31,regular,
1224190211,20250202,USA,,100,10,-5.0,0.74587107085775,https://www.easternecho.com/article/2025/01/emu-alumnus-james-tatum-iii-talks-money-and-what-you-should-know,2025-02-02,regular,
1223121435,20250128,GBR,,163,16,-8.0,-6.99223085460598,https://www.kaaltv.com/news/political-news/belarus-opposition-and-western-leaders-reject-election-result-that-extends-strongmans-rule/,2025-01-28,regular,
1222920070,20250127,USA,,163,16,-8.0,-8.64197530864199,https://www.rtl.nl/nieuws/buitenland/artikel/5491404/deportatie-vs-colombia-sancties,2025-01-27,regular,
1223047412,20250127,USA,,1723,17,-5.0,-2.56410256410256,https://wjla.com/news/local/traffic-alert-herndon-virginia-road-closures-water-main-large-break-vehicles-clean-up-police-monday,2025-01-27,regular,
1223359561,20250129,,USA,100,10,-5.0,-2.06812652068126,https://www.cbsnews.com/news/rubio-foreign-aid-freeze-leads-to-usaid-staff-suspensions-contractor-terminations/,2025-01-29,regular,
1223550509,20250130,USA,,100,10,-5.0,-4.38709677419355,https://www.yahoo.com/news/utah-refugee-group-reacts-trump-222258296.html,2025-01-30,regular,
1223087026,20250127,CHN,ECU,186,18,-10.0,-5.66666666666666,https://www.extra.ec/noticia/actualidad/extorsion-santa-lucia-victima-le-exigian-10-000-dolares-diciembre-120016.html,2025-01-27,regular,
1224059015,20250201,USA,,172,17,-5.0,-2.27272727272727,https://www.singaporestar.com/news/275009823/spthailand-bangkok-badminton-bwf-thailand-masters,2025-02-01,regular,
1223078450,20250127,,USA,130,13,-4.4,-4.42477876106195,https://www.wkyc.com/article/news/local/stark-county/macedonia-police-rescue-baby-stop-stolen-vehicle-i-271/95-550198f7-beb9-40e4-8b4b-6d3a3194c3a1,2025-01-27,regular,
1223929450,20250131,USA,,173,17,-5.0,-13.2867132867132,https://www.krtv.com/news/crime-and-courts/alleged-mt-militia-member-charged-with-child-sexual-abuse-after-standoff-with-police,2025-01-31,regular,
1224071928,20250201,,USA,100,10,-5.0,0.93240093240094,https://www.nbcphiladelphia.com/news/national-international/opal-lee-responds-to-dei-executive-order-pens-open-letter-to-president/4096112/,2025-02-01,regular,
1223703291,20250130,,USA,100,10,-5.0,-1.69491525423728,https://www.jdsupra.com/legalnews/executive-order-ends-affirmative-action-9485319/,2025-01-30,regular,
1223588209,20250130,USA,,180,18,-9.0,-4.42804428044281,https://www.dailymail.co.uk/tvshowbiz/article-14340455/jay-z-legal-request-sex-assault-lawsuit-tony-buzbee.html,2025-01-30,regular,
1223449749,20250129,RUS,,163,16,-8.0,-3.54609929078015,https://www.thehindubusinessline.com/companies/us-sanctions-on-russia-to-have-little-impact-on-indias-ural-cargoes/article69154107.ece,2025-01-29,regular,
1223144152,20250128,,CHN,173,17,-5.0,-7.35294117647059,https://www.wtok.com/2025/01/27/philadelphia-woman-sentenced-over-three-years-federal-prison/,2025-01-28,regular,
1223041654,20250127,USA,IND,138,13,-7.0,-6.62068965517241,https://www.theweek.in/wire-updates/entertainment/2025/01/16/ent9-celeb-attacks.html,2025-01-27,regular,
1223427786,20250129,RUS,,160,16,-4.0,-2.56769374416434,https://rodina-history.ru/2025/01/29/kakaia-on-svinia.html,2025-01-29,regular,
1223097909,20250127,HND,USA,173,17,-5.0,-8.26709062003179,https://www.fox5ny.com/news/trump-ice-migrant-raids-states,2025-01-27,regular,
1223740078,20250130,RUS,ISR,130,13,-4.4,-4.01785714285714,https://www.bignewsnetwork.com/news/275004051/israel-sends-missile-to-ukraine---axios,2025-01-30,regular,
1223646090,20250130,,USA,130,13,-4.4,-2.57370145063173,https://www.bankingnews.gr/diethni/articles/784039/nea-ekseliksi-evropaiki-doliofthora-tou-nato-kata-trump-to-oukraniko-tha-traviksei-poly-i-teleftaia-efkairia-tis-evropis,2025-01-30,regular,
1223161524,20250128,DEU,EGY,100,10,-5.0,-3.20512820512821,https://en.tempo.co/read/1968842/following-trumps-comments-berlin-says-that-palestinians-should-not-be-forced-to-leave-gaza,2025-01-28,regular,
1223482520,20250129,USA,,160,16,-4.0,-2.16346153846154,https://www.myhorrynews.com/news/local-agencies-report-few-problems-in-winter-storm-response/article_53b4ebd8-dda5-11ef-84dc-33c8834dd274.html,2025-01-29,regular,
1223293586,20250128,USA,CHN,130,13,-4.4,-1.47194112235511,https://www.motherjones.com/politics/2025/01/trump-inaugural-syngenta-china/,2025-01-28,regular,
1223602483,20250130,,USA,100,10,-5.0,-4.40074906367041,https://elpais.com/america-colombia/2025-01-30/trump-contra-petro-lecciones-de-una-brevisima-pelea.html,2025-01-30,regular,
1223329971,20250129,,USA,173,17,-5.0,-10.5960264900663,https://www.yahoo.com/news/leesburg-police-arrest-pennsylvania-man-212709411.html,2025-01-29,regular,
1224005672,20250201,USA,,173,17,-5.0,-9.63855421686747,https://www.fox26houston.com/news/harris-county-crime-father-accused-assaulting-his-infant-child-multiple-times,2025-02-01,regular,
1224106462,20250202,USA,,180,18,-9.0,-9.37500000000004,https://www.foxbangor.com/news/local/dennis-dechaine-convicted-of-murdering-a-12-year-old-girl-in-1988-has-his-request/article_b57ce0de-e109-11ef-a520-97e358830e2e.html,2025-02-02,regular,
1223706327,20250130,USA,DEU,141,14,-6.5,-3.6077705827937,https://www.nysun.com/article/german-parliament-considers-ban-right-wing-afd-party-resolution-immigration-crackdown,2025-01-30,regular,
1223281473,20250128,USA,FRA,180,18,-9.0,-8.51648351648348,https://www.newsweek.com/congo-protests-embassies-arson-2022167,2025-01-28,regular,
1223717369,20250130,USA,USA,173,17,-5.0,-6.33893919793015,https://www.orlandosentinel.com/2025/01/30/seminole-carjacking-jordanish-torres-garcia-winter-springs/,2025-01-30,regular,
1223325286,20250128,USA,CHN,130,13,-4.4,-2.37467018469657,https://www.nbcdfw.com/news/business/money-report/all-options-on-the-table-with-panama-canal-says-trumps-top-maritime-official/3752730/,2025-01-28,regular,
1223335628,20250129,USA,,1711,17,-9.2,-3.601108033241,https://www.cutbankpioneerpress.com/story/2025/01/29/news/bcc-commemorates-bear-river-massacre-celebrates-blackfoot-stories-from-bear-river/1452.html,2025-01-29,regular,
1223658943,20250130,FRA,MAR,174,17,-5.0,-3.41207349081365,https://news.bg/int-politics/marin-lyo-pen-iska-frantsiya-da-vazprieme-podhoda-na-tramp-za-migrantite.html,2025-01-30,regular,
1223377190,20250129,,USA,173,17,-5.0,-5.88054589357343,https://www.winnipegfreepress.com/world/2025/01/28/judge-set-to-sentence-former-sen-bob-menendez-who-was-convicted-of-taking-bribes-of-cash-and-gold,2025-01-29,regular,
1223743137,20250130,EUR,,186,18,-10.0,2.55164034021871,https://www.csmonitor.com/Books/Book-Reviews/2025/0130/islamesque-forgotten-muslim-artisans-diana-darke,2025-01-30,regular,
1223298533,20250128,GBR,,1821,18,-9.0,-11.5853658536585,https://www.iwradio.co.uk/news/sky-news/child-sex-abuse-ring-victims-were-failed-by-the-system-scottish-government-admits/,2025-01-28,regular,
1223507490,20250129,USA,,130,13,-4.4,-1.19521912350598,https://news.delaware.gov/2025/01/29/ag-jennings-releases-know-your-rights-guidance-on-immigration/,2025-01-29,regular,
1224021563,20250201,FRA,ITA,160,16,-4.0,1.1437908496732,https://www.firstonline.info/era-trump-dobbiamo-convivere-con-il-mondo-che-cambia-parla-lambasciatore-valensise-nuovo-presidente-iai/,2025-02-01,regular,
1227747551,20250220,USA,,180,18,-9.0,-15.0068212824011,https://www.clevelandbanner.com/news/jail-dockets-2-20-25/article_8dbcb0fa-d511-5484-8ec4-446fcbe9e890.html,2025-02-20,targeted,German federal election
1227644625,20250220,,USA,173,17,-5.0,-3.61663652802893,https://www.nbcmiami.com/investigations/woman-arrested-for-2nd-time-accused-of-operating-unlicensed-post-cosmetic-surgery-home/3548043/,2025-02-20,targeted,German federal election
1227607362,20250220,USA,UKR,160,16,-4.0,-3.93401015228427,https://www.bbc.co.uk/news/articles/cjev2j70v19o,2025-02-20,targeted,German federal election
1227191051,20250218,,CHN,154,15,-7.2,3.94144144144144,http://en.people.cn/n3/2025/0218/c90000-20277964.html,2025-02-18,targeted,German federal election
1229292491,20250221,KOR,USA,154,15,-7.2,-2.59259259259259,https://www.upi.com/Top_News/World-News/2025/02/28/North-Korea-cruise-missile-launch-nuclear-deterrence-Kim-Jong-Un/5951740730997/,2025-02-21,targeted,German federal election
1227060613,20250217,,RUS,100,10,-5.0,-6.26843657817109,https://www.yahoo.com/news/deportation-weapon-tragic-fate-children-142500360.html,2025-02-17,targeted,German federal election
1227446901,20250219,USA,,174,17,-5.0,1.12359550561798,https://www.tanjug.rs/svet/politika/142190/tramp-nalozio-ministarstvu-pravde-da-otpusti-sve-preostale-tuzioce-iz-bajdenove-ere/vest,2025-02-19,targeted,German federal election
1228014864,20250221,MDA,RUS,172,17,-5.0,-7.69230769230769,https://aif.ru/society/v-moldavii-zablokirovali-dostup-k-telegram-kanalu-sputnik-moldova,2025-02-21,targeted,German federal election
1227436783,20250219,,GBR,141,14,-6.5,-3.93630103295622,https://www.thewestmorlandgazette.co.uk/news/24944212.jf-hornby-boss-warns-inheritance-tax-nightmare/,2025-02-19,targeted,German federal election
1227698904,20250220,GBR,,138,13,-7.0,-4.67836257309942,https://www.inverness-courier.co.uk/news/70mph-gales-to-hit-highlands-met-office-warns-374924/,2025-02-20,targeted,German federal election
1227320858,20250218,USA,,172,17,-5.0,-8.09716599190284,https://www.livescience.com/health/fertility-pregnancy-birth/us-abortion-bans-have-driven-a-surge-in-infant-deaths-study-finds,2025-02-18,targeted,German federal election
1227181948,20250218,FRA,,173,17,-5.0,-5.85774058577406,https://www.yahoo.com/news/knew-victims-paedophile-french-surgeon-041553126.html,2025-02-18,targeted,German federal election
1227613435,20250220,IRL,DEU,173,17,-5.0,-3.50877192982456,https://maritime-executive.com/article/master-of-factory-trawler-arrested-in-cork-ireland,2025-02-20,targeted,German federal election
1227470824,20250219,RUS,,172,17,-5.0,-2.54237288135593,https://ura.news/news/1052891296,2025-02-19,targeted,German federal election
1227879356,20250221,,DEU,173,17,-5.0,-5.64345991561182,https://www.aljazeera.net/encyclopedia/2025/2/21/%D9%85%D8%AC%D8%B2%D8%B1%D8%A9-%D8%A7%D9%84%D8%AA%D8%B6%D8%A7%D9%85%D9%86-%D8%A7%D9%84%D8%AC%D8%B1%D9%8A%D9%85%D8%A9-%D8%A7%D9%84%D8%AA%D9%8A-%D8%A7%D8%B3%D8%AA%D9%87%D8%AF%D9%81,2025-02-21,targeted,German federal election
1226995593,20250217,RUS,UKR,180,18,-9.0,-4.19580419580419,https://telma.com.mk/2025/02/17/ukraina-izvrshi-masoven-napad-so-dronovi-vrz-krasnodarskata-oblast-vo-rusija/,2025-02-17,targeted,German federal election
1228131421,20250222,RUS,,154,15,-7.2,-5.60747663551401,https://seputarmiliter.id/posts/510776/drone-ukraina-sukses-hancurkan-artileri-koksan-milik-korut,2025-02-22,targeted,German federal election
1227649637,20250220,USA,,141,14,-6.5,-1.66163141993958,https://temple-news.com/university-faculty-and-students-protest-cuts-to-higher-education-research/,2025-02-20,targeted,German federal election
1227838845,20250221,FRA,RUS,130,13,-4.4,-4.04312668463612,https://yourdemocracy.net/drupal/node/54410,2025-02-21,targeted,German federal election
1227437652,20250219,USA,,130,13,-4.4,-5.88235294117647,https://www.thetruecitizen.com/articles/georgia-house-may-extend-deadline-for-property-tax-break-offer/,2025-02-19,targeted,German federal election
1228019928,20250221,,USA,173,17,-5.0,-12.3376623376623,https://www.theacorn.com/articles/guilty-man-admits-guilt-in-murder-attempted-murder-case/,2025-02-21,targeted,German federal election
1228213180,20250223,,RUS,154,15,-7.2,-3.26760563380281,https://www.thenational.scot/politics/24956070.strategic-problem-stop-russia-attacking-ukraine/,2025-02-23,targeted,German federal election
1227613218,20250220,,USA,173,17,-5.0,-7.71929824561404,https://cdapress.com/news/2025/feb/19/judge-in-bryan-kohbergers-idaho-student-murder-case-issues-evidence-challenge-decisions/,2025-02-20,targeted,German federal election
1227698769,20250220,CHN,CHN,100,10,-5.0,-1.68918918918919,https://www.newkerala.com/news/o/china-opposes-vietnams-actions-spratly-islands-245,2025-02-20,targeted,German federal election
1227714833,20250220,GBR,AFR,1821,18,-9.0,-1.43517088169955,https://www.dorsetecho.co.uk/news/24950224.abbotsbury-butcher-faces-deportation-south-africa/,2025-02-20,targeted,German federal election
1228282063,20250223,EUR,,138,13,-7.0,-1.64609053497942,http://pressorg24.com/news?id=764352,2025-02-23,targeted,German federal election
1227114852,20250217,UKR,RUS,150,15,-7.2,-3.9269406392694,https://english.elpais.com/international/2025-02-17/no-trace-of-more-than-60000-people-in-ukraine-a-litmus-test-for-the-peace-process.html,2025-02-17,targeted,German federal election
1228108950,20250222,GBR,GBR,173,17,-5.0,-2.61096605744126,https://www.ndtv.com/world-news/royal-society-elon-musk-uks-oldest-scientific-academy-to-decide-action-soon-7767787,2025-02-22,targeted,German federal election
1227992890,20250221,USA,,130,13,-4.4,-5.41401273885351,https://www.yahoo.com/news/dem-congressman-torches-trump-doj-155546697.html,2025-02-21,targeted,German federal election
1228012006,20250221,USA,,172,17,-5.0,0.16155088852989,https://www.washingtonexaminer.com/news/investigations/3326206/pentagon-spent-millions-transgender-research-accommodation/,2025-02-21,targeted,German federal election
1227361131,20250218,,USA,173,17,-5.0,-9.35672514619883,https://kfdm.com/news/local/guatemalan-national-found-in-lumberton-sentenced-for-illegally-entering-us-four-times,2025-02-18,targeted,German federal election
1228202244,20250223,GBR,,180,18,-9.0,-5.22147257260193,https://www.dailymail.co.uk/news/article-14408277/crime-neighbourhood-England-Wales-LOVE-peaceful-ghost-town-police.html,2025-02-23,targeted,German federal election
1227743763,20250220,USA,,182,18,-9.5,-5.83941605839416,https://abc7chicago.com/post/california-fire-captain-rebecca-marodi-killed-stabbed-own-home-ramona-san-diego-sheriffs-office-says/15936739/,2025-02-20,targeted,German federal election
1228221372,20250223,,USA,173,17,-5.0,-6.67134831460675,https://dailyvoice.com/nj/middle-township/staff/23/sam-barron/,2025-02-23,targeted,German federal election
1227876067,20250221,USA,GBR,172,17,-5.0,-3.23076923076923,https://6abc.com/post/action-news-investigation-victims-claim-drinks-were-spiked-bars-disturbing-nationwide-trend/15937601/,2025-02-21,targeted,German federal election
1227947208,20250221,RUS,UKR,164,16,-7.0,-2.46422893481717,https://www.globalsecurity.org/wmd/library/news/china/2025/02/china-250221-rferl01.htm,2025-02-21,targeted,German federal election
1227045154,20250217,USA,TWN,154,15,-7.2,-4.62287104622871,https://www.moneycontrol.com/news/world/report-challenges-china-s-military-readiness-amid-rapid-buildup-12943273.html,2025-02-17,targeted,German federal election
1227967875,20250221,,RUS,100,10,-5.0,1.23456790123457,https://tass.ru/obschestvo/23211587,2025-02-21,targeted,German federal election
1227250204,20250218,USA,,173,17,-5.0,-4.68227424749164,https://www.yahoo.com/news/florida-politicians-indulge-conspiracy-theorists-110452769.html,2025-02-18,targeted,German federal election
1228280239,20250223,USA,,130,13,-4.4,-2.15605749486653,https://www.columbian.com/news/2025/feb/23/starbucks-kl-gates-and-amazon-ditch-diversity-mentions-amid-trump-threats/,2025-02-23,targeted,German federal election
1227012558,20250217,,USA,182,18,-9.5,-6.94444444444444,https://www.kcra.com/article/kentucky-flooding-snow-deaths/63816287,2025-02-17,targeted,German federal election
1227401392,20250219,USA,,173,17,-5.0,-7.89473684210526,https://www.kmmo.com/2025/02/18/two-subjects-charged-after-pettis-county-authorities-search-sedalia-residence/,2025-02-19,targeted,German federal election
1227585594,20250219,USA,USA,173,17,-5.0,-7.37240075614367,https://www.kwch.com/2025/02/19/report-andrew-lester-dies-while-awaiting-sentencing-second-degree-assault-conviction/,2025-02-19,targeted,German federal election
1227639859,20250220,,USA,173,17,-5.0,-9.69696969696969,https://www.koaa.com/news/crime/man-accused-of-running-over-and-killing-parole-officer-found-guilty-wednesday,2025-02-20,targeted,German federal election
1227392035,20250219,,RUS,173,17,-5.0,-5.04201680672269,https://www.gdnonline.com:443/Details/1345325,2025-02-19,targeted,German federal election
1228295589,20250223,CHN,,172,17,-5.0,-3.45423143350604,https://radaronline.com/p/meghan-markle-faces-business-blow-banned-selling-clothes-as-ever-brand/,2025-02-23,targeted,German federal election
1227543582,20250219,RUS,,130,13,-4.4,-7.78688524590164,https://kuban24.tv/item/putin-predupredil-o-posledstviyah-ataki-obekta-ktk-v-krasnodarskom-krae,2025-02-19,targeted,German federal election
1227428832,20250219,USA,,1821,18,-9.0,-6.94915254237288,https://www.wgal.com/article/ice-arrests-rape-suspect-in-york/63835529,2025-02-19,targeted,German federal election
1227417873,20250219,RUS,SAU,161,16,-4.0,0.0,https://ura.news/news/1052891080,2025-02-19,targeted,German federal election
1226984235,20250217,DEU,CHN,100,10,-5.0,1.44578313253013,https://www.globalsecurity.org/wmd/library/news/china/2025/02/china-250216-globaltimes05.htm,2025-02-17,targeted,German federal election
1227291891,20250218,GBR,,180,18,-9.0,-4.0,https://www.aljazeera.net/misc/2025/2/18/%D8%A8%D8%B3%D8%A8%D8%A8-%D8%A7%D9%84%D9%88%D8%B6%D9%88%D8%A1-%D9%85%D8%AF%D8%B1%D8%B3-%D9%8A%D9%83%D8%B3%D8%B1-%D8%B0%D8%B1%D8%A7%D8%B9-%D8%AA%D9%84%D9%85%D9%8A%D8%B0-%D8%A8%D8%A5%D8%AD%D8%AF%D9%89,2025-02-18,targeted,German federal election
1226994888,20250217,USA,AFG,130,13,-4.4,-1.22399020807834,https://www.dailymail.co.uk/news/article-14404825/Starmer-Ukraine-Paris-crisis-summit-Trump-Europe-peace-Russia-Putin.html,2025-02-17,targeted,German federal election
1227338113,20250218,TCD,USA,173,17,-5.0,-16.822429906542,https://www.clevelandbanner.com/news/jail-dockets-2-18-25/article_96696b91-222c-59be-ac79-f7e4a39668b7.html,2025-02-18,targeted,German federal election
1226938128,20250217,USA,USA,173,17,-5.0,-5.82822085889571,https://www.silive.com/news/2025/02/woman-banned-from-walmarts-across-us-after-self-checkout-scam-report-says.html,2025-02-17,targeted,German federal election
1227186627,20250218,USA,USA,172,17,-5.0,-2.30263157894737,https://twitchy.com/warren-squire/2025/02/18/former-cnn-host-jim-acosta-is-calling-on-media-to-come-together-boycott-trump-administration-n2408500,2025-02-18,targeted,German federal election
1227181501,20250218,RUS,RUS,100,10,-5.0,-1.38568129330254,https://news.bg/int-politics/isw-rusiya-ne-pregovarya-s-ukrayna-a-iska-palna-kapitulatsiya.html,2025-02-18,targeted,German federal election
1227985201,20250221,UKR,RUS,173,17,-5.0,-8.21643286573146,https://www.yahoo.com/news/ukraines-security-files-charges-absentia-150533845.html,2025-02-21,targeted,German federal election
1290394749,20250222,,USA,138,13,-7.0,-2.29485396383867,https://economictimes.indiatimes.com/news/international/world-news/trumps-treasured-negotiating-edge-dulled-by-tariff-defeat/articleshow/128662984.cms,2025-02-22,targeted,German federal election
1227390985,20250219,USA,,180,18,-9.0,-7.97202797202797,https://www.fbherald.com/news/state/haygood-appears-in-court-before-june-2025-trial/article_ba42ec27-b047-5cb4-ab3d-6b1b98482581.html,2025-02-19,targeted,German federal election
1227756972,20250220,CHN,,180,18,-9.0,-1.32978723404255,https://www.globaltimes.cn/page/202502/1328803.shtml,2025-02-20,targeted,German federal election
1227932226,20250221,RUS,RUS,100,10,-5.0,0.87719298245614,https://aif.ru/society/putin-prisvoil-komanduyushchemu-chernomorskim-flotom-pinchuku-zvanie-admirala,2025-02-21,targeted,German federal election
1227121283,20250217,USA,USA,141,14,-6.5,-3.74280230326296,https://www.wunc.org/politics/2025-02-17/raleigh-protest-griffin-ballot-challenge-supreme-court,2025-02-17,targeted,German federal election
1227081743,20250217,USA,USA,1014,10,-5.0,0.0,https://www.foxnews.com/politics/naacp-urges-black-consumers-steer-buying-power-away-companies-dei-initiatives,2025-02-17,targeted,German federal election
1227991942,20250221,FRA,DEU,173,17,-5.0,-6.12397311426438,https://www.eurasiareview.com/21022025-will-hamas-evade-justice-oped/,2025-02-21,targeted,German federal election
1228301764,20250223,KOR,EUR,174,17,-5.0,2.05479452054794,https://www.timeturk.com/teknoloji/avrupa-da-akilli-telefon-savaslari-2024-te-zirveye-kim-oturdu-haber-1805188,2025-02-23,targeted,German federal election
1227982810,20250221,USA,PAN,174,17,-5.0,-2.21518987341772,https://www.independent.co.uk/news/world/americas/costa-rica-donald-trump-panama-b2702440.html,2025-02-21,targeted,German federal election
1227313399,20250218,GBR,,180,18,-9.0,-2.6685393258427,https://www.thehollywoodgossip.com/2025/02/guy-pearce-accuses-kevin-spacey-of-sexual-harassment/,2025-02-18,targeted,German federal election
1227804780,20250220,RUS,,150,15,-7.2,-4.40528634361234,"https://geekweek.interia.pl/militaria/news-frontowy-kraj-nato-chce-zestrzeliwac-rosyjskie-drony,nId,20949077",2025-02-20,targeted,German federal election
1226942609,20250217,RUS,,100,10,-5.0,-4.06001765225066,https://www.thetimes.com/comment/columnists/article/keep-calm-this-isnt-another-munich-sell-out-9qp2fl7s9,2025-02-17,targeted,German federal election
1227757031,20250220,CHN,,130,13,-4.4,1.4569536423841,https://www.taipeitimes.com/News/front/archives/2025/02/21/2003832239,2025-02-20,targeted,German federal election
1227044110,20250217,GBR,,1821,18,-9.0,-10.1143889223359,https://gazette.com/news/wex/musk-eyes-connection-between-britain-s-grooming-gangs-and-censorship/article_89787989-c0b4-581f-a808-ff72811620e7.html,2025-02-17,targeted,German federal election
1227093085,20250217,USA,,172,17,-5.0,0.8130081300813,https://www.longislandpress.com/2025/02/17/midway-jewish-omer-neutra/,2025-02-17,targeted,German federal election
1228052042,20250222,USA,CHN,172,17,-5.0,4.49101796407186,https://www.theepochtimes.com/shenyun/the-stage-is-set-for-shen-yun-performing-arts-in-stamford-5814276,2025-02-22,targeted,German federal election
1227036260,20250217,USA,,130,13,-4.4,-6.95825049701789,https://www.yakimaherald.com/news/local/crime_and_courts/defense-attorneys-raise-concerns-after-witness-mentions-stolen-gun-found-in-wapato-drive-by/article_4972dc90-eb0e-11ef-92f9-87405414f3cc.html,2025-02-17,targeted,German federal election
1228135756,20250222,EUR,,130,13,-4.4,-3.68171021377672,https://fondsk.ru/news/2025/02/22/yaponskie-smi-vosprinimayut-sblizhenie-trampa-i-putina-kak-zakhvatyvayuschee-i,2025-02-22,targeted,German federal election
1227117226,20250217,USA,,172,17,-5.0,0.74626865671642,https://www.masslive.com/worcester/2025/02/worcester-tapas-bar-named-a-top-restaurant-for-2025.html,2025-02-17,targeted,German federal election
1227288189,20250218,RUS,,139,13,-7.0,-1.95758564437194,https://tass.ru/info/23176531,2025-02-18,targeted,German federal election
1227643543,20250220,UKR,USA,174,17,-5.0,-2.70833333333333,https://www.news4jax.com/news/local/2025/02/20/ukrainian-refugee-in-jacksonville-fears-being-kicked-out-of-the-us-during-indefinite-immigration-freeze/,2025-02-20,targeted,German federal election
1227946198,20250221,GBR,USA,173,17,-5.0,0.0,https://www.postandcourier.com/news/ss-united-states-south-carolina-ocean-liner/article_43cb6f0c-efd0-11ef-a1f6-7f2e9c808c40.html,2025-02-21,targeted,German federal election
1227112025,20250217,,USA,173,17,-5.0,-7.03851261620186,https://www.mcall.com/2025/02/17/2-in-cultlike-group-with-ties-to-border-patrol-agents-killing-and-delaware-county-couples-killing-have-been-arrested/,2025-02-17,targeted,German federal election
1227136259,20250217,RUS,BLR,180,18,-9.0,-1.84254606365159,https://www.imerisia.gr/kosmos/105984_zelenski-kaneis-den-thelei-ena-deytero-afganistan-aystires-proeidopoiiseis-pros-ti,2025-02-17,targeted,German federal election
1228019765,20250221,FRA,GBR,186,18,-10.0,3.05263157894737,https://www.flaunt.com/post/dr-aaron-roni-neumark-shadowplay-issue,2025-02-21,targeted,German federal election
1227080492,20250217,,GBR,130,13,-4.4,0.80213903743316,https://www.civilserviceworld.com/professions/article/john-tuckett-icibi-borders-inspector-appointment-finland-wfh-warning,2025-02-17,targeted,German federal election
1227859554,20250221,RUS,,1821,18,-9.0,-3.85321100917431,https://www.newjerseyhills.com/bernardsville_news/news/a-stupid-statement-area-ukraine-supporters-blast-trumps-war-of-words-with-zelensky/article_076b5816-ef9d-11ef-bc3d-fbdf27d727a9.html,2025-02-21,targeted,German federal election
1227055396,20250217,DEU,,140,14,-6.5,-3.76782077393075,https://hotair.com/david-strom/2025/02/17/insane-margaret-brennan-said-nazis-weaponized-free-speech-n3799885,2025-02-17,targeted,German federal election
1227526962,20250219,USA,ARM,172,17,-5.0,-2.1505376344086,https://www.panarmenian.net/rus/news/319556/,2025-02-19,targeted,German federal election
1227665410,20250220,EUR,USA,100,10,-5.0,-1.48648648648649,https://www.kauppalehti.fi/uutiset/eurooppa-on-geopoliittisesti-rampa-kunnes-trump-saa-tahtonsa-lapi/60cfd0a2-8bcd-4ad0-aae6-b4e8153718d6,2025-02-20,targeted,German federal election
1227883423,20250221,UKR,RUS,138,13,-7.0,-2.8235294117647,https://www.actualno.com/america/rubio-objavi-pri-kakvi-uslovija-shte-se-sreshtnat-trymp-i-putin-news_2398931.html,2025-02-21,targeted,German federal election
1227908501,20250221,,USA,139,13,-7.0,-9.66981132075473,https://www.irishnews.com/news/world/luigi-mangione-to-appear-in-court-over-unitedhealthcare-chiefs-death-2FMV3M5375JTZCF6GDCXE3ZCHY/,2025-02-21,targeted,German federal election
1227998227,20250221,EUR,DEU,141,14,-6.5,-2.91902071563089,https://www.hoy.com.ni/2025/02/21/como-jd-vance-se-deshonro-a-si-mismo-y-a-su-pais-en-munich/,2025-02-21,targeted,German federal election
1227335989,20250218,USA,,173,17,-5.0,-12.8440366972477,https://www.kttn.com/missouri-authorities-indict-undocumented-immigrant-on-child-sexual-charges/,2025-02-18,targeted,German federal election
1227432565,20250219,,USA,141,14,-6.5,-4.40729483282674,https://www.thecollegefix.com/down-with-donald-trump-florida-student-groups-protest-at-state-capitol-on-presidents-day/,2025-02-19,targeted,German federal election
1227518896,20250219,AFG,USA,164,16,-7.0,-0.20964360587002,https://www.geo.tv/latest/591493-pakistan-seeks-un-support-in-countering-cross-border-terrorism-from-afghanistan,2025-02-19,targeted,German federal election
1227339883,20250218,,USA,140,14,-6.5,-1.26156433978133,http://www.expressnews.com/news/article/edgewood-isd-superintendent-q-and-a-immigration-20151282.php,2025-02-18,targeted,German federal election
1226993380,20250217,USA,ISR,152,15,-7.2,-1.51006711409396,https://www.aa.com.tr/tr/analiz/trumpin-gazze-plani-ve-arap-devletlerinin-tutumu/3484226,2025-02-17,targeted,German federal election
1227406020,20250219,,USA,130,13,-4.4,-5.3475935828877,https://www.dailymail.co.uk/yourmoney/article-14411021/recall-toyota-tacoma-trucks-mud-causes-brakes-fail.html,2025-02-19,targeted,German federal election
1227401387,20250219,USA,,1723,17,-5.0,-7.77777777777778,https://www.nbcconnecticut.com/news/local/crash-closes-route-72-west-in-new-britain/3502503/,2025-02-19,targeted,German federal election
1227196161,20250218,USA,,141,14,-6.5,2.72277227722772,https://www.salemnews.net/news/neighborhood-news/2025/02/across-our-communities-885/,2025-02-18,targeted,German federal election
1228131419,20250222,RUS,,150,15,-7.2,-0.64935064935065,https://www.m24.ru/news/politika/22022025/772866,2025-02-22,targeted,German federal election
1228213727,20250223,ISR,DEU,138,13,-7.0,-7.00808625336926,http://www.nspm.rs/hronika/nemacka-berlinska-policija-uhapsila-osumnjicenog-za-napad-nozem-u-petak-uvece-kod-spomenika-holokaustu.-za-napad-je-osumnjicen-19-godisnji-migrant-iz-avganistana.html,2025-02-23,targeted,German federal election
1229688998,20250302,UKR,USA,164,16,-7.0,0.16170763260026,https://lasvegassun.com/news/2025/mar/02/the-latest-britain-hosts-a-summit-of-european-lead/,2025-03-02,regular,
1228403054,20250224,RUS,UKR,100,10,-5.0,0.10729613733906,https://spravy.pravda.sk/svet/clanok/742095-obdiv-a-pohrdanie-moskva-sa-tesi-a-kyjev-citi-sklamanie-preco-trump-ide-poruke-putinovi-a-naopak-zelenskeho-ponizuje/,2025-02-24,regular,
1229222835,20250228,UKR,RUS,100,10,-5.0,0.9228740936058,https://adevarul.ro/stiri-interne/evenimente/trupe-romanesti-in-ucraina-expertii-raspund-la-2425159.html,2025-02-28,regular,
1229371034,20250228,USA,,182,18,-9.5,-0.91575091575091,https://www.express.co.uk/celebrity-news/2021034/gene-hackman-home-santa-fe-death,2025-02-28,regular,
1229372584,20250228,KOR,RUS,130,13,-4.4,-2.72108843537415,https://fakti.bg/world/953428-severnokoreiskoto-voenno-komandvane-kam-boicite-shte-se-biete-sreshtu-ujnokoreiski-vragove-na-ruska-zema,2025-02-28,regular,
1228486878,20250224,USA,GBR,100,10,-5.0,-1.24401913875598,https://www.thetimes.com/uk/politics/article/keir-starmer-trump-meeting-white-house-rktszz9l5,2025-02-24,regular,
1228600994,20250225,FRA,FRA,1821,18,-9.0,-10.5633802816901,https://www.euronews.com/my-europe/2025/02/25/french-ex-surgeon-on-trial-for-alleged-sexual-assault-of-299-people,2025-02-25,regular,
1229701814,20250302,USA,,1014,10,-5.0,-3.03030303030303,https://www.prnewswire.com/news-releases/us-lumber-coalition-applauds-president-trumps-additional-measures-to-investigate-unfair-trade-practices-302389425.html,2025-03-02,regular,
1229671468,20250302,USA,,141,14,-6.5,2.93577981651376,https://www.hellomagazine.com/fashion/817397/riley-keough-radiant-chanel-mini-dress/,2025-03-02,regular,
1229293896,20250228,USA,,160,16,-4.0,-3.81679389312977,https://www.chicagotribune.com/2025/02/28/chicago-history-february-28/,2025-02-28,regular,
1228510408,20250224,,USA,180,18,-9.0,-9.83606557377052,https://www.tucsonsentinel.com/local/report/022425_garcia_sentencing/ex-pima-sheriffs-dept-sgt-garcia-gets-one-year-jail-attempted-sexual-assault-fellow-deputy/,2025-02-24,regular,
1229037465,20250227,USA,USA,160,16,-4.0,-3.87596899224806,http://www.northescambia.com/2025/02/appeals-court-overturns-state-ethics-commission-finding-against-doug-underhill,2025-02-27,regular,
1229185643,20250227,USA,,173,17,-5.0,-9.19881305637986,https://foxsanantonio.com/newsletter-daily/black-market-deer-hunting-texas-game-wardens-crack-down-on-breeding-industry,2025-02-27,regular,
1229158849,20250227,USA,,182,18,-9.5,-9.16905444126072,https://www.news18.com/world/did-gene-hackman-wife-die-of-carbon-monoxide-poisoning-internet-abuzz-with-speculations-9243748.html,2025-02-27,regular,
1229605672,20250302,USA,,180,18,-9.0,-0.58892815076561,https://www.themorningsun.com/2025/02/28/trump-zelenskyy-congress-reaction/,2025-03-02,regular,
1229343389,20250228,RUS,,160,16,-4.0,5.2757793764988,https://www.thetimes.com/uk/politics/article/simpering-starmer-pandered-to-trump-with-cheap-stunt-of-kings-letter-fttxwlzgv,2025-02-28,regular,
1229544027,20250301,,FRA,1821,18,-9.0,-9.87460815047017,https://www.sudouest.fr:443/faits-divers/proces-le-scouarnec-voyage-au-bout-de-l-enfer-et-de-la-perversion-23455905.php,2025-03-01,regular,
1229418530,20250228,,USA,172,17,-5.0,-6.44329896907217,https://wtop.com/montgomery-county/2025/02/md-man-who-scammed-74-year-old-out-of-1m-in-gold-bar-scheme-pleads-guilty/,2025-02-28,regular,
1229051673,20250227,GBR,,173,17,-5.0,-6.19047619047619,https://www.romania-insider.com/tate-brothers-leave-romania-february-2025,2025-02-27,regular,
1229602130,20250302,RUS,,162,16,-5.6,0.1733102253033,https://thevoiceslu.com/2025/03/independence-in-dependence-now-is-the-time-pt-6/,2025-03-02,regular,
1228512503,20250224,USA,,173,17,-5.0,-11.4832535885167,https://www.wdam.com/2025/02/24/jones-co-woman-sentenced-unnatural-intercourse-with-dog-forrest-co/,2025-02-24,regular,
1228765067,20250226,USA,,173,17,-5.0,-4.36720142602496,https://www.yahoo.com/news/2-suspects-high-speed-chase-234600673.html,2025-02-26,regular,
1229414002,20250228,USA,USA,173,17,-5.0,-8.7227414330218,https://kbat.com/ixp/192/p/texas-man-life-sentence/,2025-02-28,regular,
1228429794,20250224,,GBR,160,16,-4.0,-4.32900432900432,https://www.newcastleherald.com.au/story/8901022/uk-mp-jailed-for-10-weeks-for-punching-passer-by/,2025-02-24,regular,
1228839328,20250226,RUS,,173,17,-5.0,-14.6919431279621,https://www.nakanune.ru/news/2025/02/26/22809025/,2025-02-26,regular,
1228386376,20250224,FRA,RUS,173,17,-5.0,-4.76190476190477,https://www.sudouest.fr:443/international/russie/russie-la-condamnation-du-francais-laurent-vinatier-a-trois-ans-de-prison-maintenue-en-appel-23387389.php,2025-02-24,regular,
1229165668,20250227,JOR,GBR,180,18,-9.0,-11.9246861924686,https://yellowhammernews.com/birmingham-serial-killer-was-paroled-13-years-early-before-murder-spree-that-left-at-least-14-dead/,2025-02-27,regular,
1228846561,20250226,CHN,PAK,100,10,-5.0,3.52941176470588,https://www.adgully.com/etnow-in-business-conclave-2025-charting-india-s-path-to-viksit-bharat-156768.html,2025-02-26,regular,
1229345102,20250228,,USA,100,10,-5.0,-6.73470853238193,https://www.winnipegfreepress.com/world/2025/02/28/alabama-city-divided-over-whether-to-abolish-police-department-accused-of-culture-of-corruption,2025-02-28,regular,
1229109560,20250227,FRA,,173,17,-5.0,-12.292817679558,https://dailyjournal.net/2025/02/27/police-incidents-feb-27/,2025-02-27,regular,
1229597417,20250302,USA,,141,14,-6.5,-6.6793893129771,https://glavred.info/world/zelenskiy-geroy-mitinguyushchie-zastavili-vice-prezidenta-ssha-sbezhat-s-kurorta-10643873.html,2025-03-02,regular,
1229611561,20250302,USA,,100,10,-5.0,0.0,https://protv.md/international/donald-trump-a-semnat-un-decret-prin-care-engleza-devine-limba-oficiala-a-statelor-unite---2715817.html,2025-03-02,regular,
1229133455,20250227,GBR,,1712,17,-9.2,-4.03655750190404,https://www.dailymail.co.uk/real-estate/article-14417807/jeffrey-epstein-palm-beach-mansion-demolished-replaced.html,2025-02-27,regular,
1228552383,20250225,,USA,173,17,-5.0,-6.01202404809619,https://13wham.com/news/local/mother-of-sam-nordquist-demands-justice-as-two-more-charged-in-sons-death-minnesota-ontario-county-hopewell,2025-02-25,regular,
1228367728,20250224,NZL,RUS,163,16,-8.0,0.45662100456621,https://www.yahoo.com/news/zealand-announces-expansion-sanctions-against-021440394.html,2025-02-24,regular,
1228512702,20250224,USA,USA,100,10,-5.0,-6.84380032206119,https://www.mirror.co.uk/news/us-news/crucial-murder-details-missing-gabby-34741790,2025-02-24,regular,
1228524901,20250225,GBR,,160,16,-4.0,-2.939015429831,https://www.wsws.org/en/articles/2025/02/24/skzq-f24.html,2025-02-25,regular,
1228647551,20250225,USA,UKR,1031,10,-5.0,0.4,https://www.volynnews.com/news/all/u-yes-proponuiut-ukrayini-okremu-uhodu-pro-korysni-kopalyny/,2025-02-25,regular,
1228449199,20250224,USA,,182,18,-9.5,-6.01503759398496,https://www.ocregister.com/2025/02/24/oc-to-pay-28-million-for-babys-brain-injury-after-home-placement-by-social-workers/,2025-02-24,regular,
1228932935,20250226,,USA,175,17,-9.0,-7.5589459084605,https://patriotpost.us/alexander/114909-pardoned-j6-offender-killed-in-altercation-with-police-2025-02-26,2025-02-26,regular,
1229296244,20250228,USA,,173,17,-5.0,-4.29799426934098,https://www.frontpagemag.com/the-navy-may-want-to-stop-recruiting-chinese-nationals/,2025-02-28,regular,
1228495088,20250224,UKR,RUS,180,18,-9.0,-1.27213769019705,https://www.kyivpost.com/opinion/47724,2025-02-24,regular,
1228554910,20250225,CHN,MYS,141,14,-6.5,-2.17391304347826,https://www.straitstimes.com/asia/se-asia/new-search-for-missing-malaysian-mh370-plane-begins,2025-02-25,regular,
1229226288,20250228,USA,,172,17,-5.0,-4.8263684520306,https://www.oxygen.com/dateline-unforgettable/crime-news/brian-dripps-killed-angie-dodge-chris-tapp-exonerated,2025-02-28,regular,
1229035726,20250227,USA,,160,16,-4.0,-4.76190476190476,https://www.mississippivalleypublishing.com/daily_gate/daily_gate/sad-day-for-the-u-s-a-at-the-u-n/article_175c5a22-f45c-11ef-be52-fbfb146c6a08.html,2025-02-27,regular,
1229186131,20250227,CHN,,150,15,-7.2,-4.14878397711015,https://www.foxnews.com/politics/lisa-mcclain-china-taiwan-sanctions-bill,2025-02-27,regular,
1228402493,20250224,EUR,USA,160,16,-4.0,0.510204081632651,https://news.bg/int-politics/putin-i-si-dzinpin-provedoha-vtori-telefonen-razgovor-za-godinata.html,2025-02-24,regular,
1228629299,20250225,AFG,GBR,173,17,-5.0,-2.9891304347826,https://bdnews24.com/world/0da59ac3851d,2025-02-25,regular,
1229464525,20250301,USA,,173,17,-5.0,-4.67625899280575,https://www.yahoo.com/news/ice-raids-least-3-homes-023431341.html,2025-03-01,regular,
1228350697,20250224,USA,,160,16,-4.0,-4.23162583518931,https://www.fox10phoenix.com/news/ag-kris-mayes-works-stop-actions-trump-musk-doge-amid-federal-layoffs,2025-02-24,regular,
1229456859,20250301,USA,,173,17,-5.0,-2.88315629742034,https://www.yahoo.com/news/hanceville-citizens-demand-answers-police-002743195.html,2025-03-01,regular,
1229177477,20250227,DEU,DEU,173,17,-5.0,-7.75444264943457,https://www.berliner-zeitung.de/mensch-metropole/mit-120-kmh-in-marzahn-unterwegs-berliner-polizist-wegen-todesfahrt-verurteilt-li.2302876,2025-02-27,regular,
1228387233,20250224,CHN,KAZ,173,17,-5.0,-7.76255707762561,https://prescottenews.com/2025/02/24/deportation-ad-campaign-leave-our-country-now-or-be-hunted-down-and-deported-the-center-square/,2025-02-24,regular,
1228910851,20250226,FRA,,181,18,-9.0,-3.18688118811881,https://www.lrb.co.uk/the-paper/v47/n04/youssef-ben-ismail/rob-kill-and-burn,2025-02-26,regular,
1228905471,20250226,,DEU,152,15,-7.2,-2.22929936305732,https://www.thelocal.de/20250226/police-pledge-tightened-security-measures-for-germanys-carnival-season,2025-02-26,regular,
1229361035,20250228,USA,UKR,1724,17,-5.0,-0.72289715005539,https://www.yahoo.com/news/xi-hails-putin-positive-efforts-160348510.html,2025-02-28,regular,
1228801486,20250226,FRA,DNK,130,13,-4.4,-1.40597539543058,https://www.theepochtimes.com/world/liberal-leadership-contenders-discuss-countering-trump-take-jabs-at-each-other-at-english-language-debate-5816462,2025-02-26,regular,
1229692611,20250302,RUS,,180,18,-9.0,0.23474178403756,https://www.jagran.com/news/national-european-countries-will-present-a-new-peace-agreement-to-america-23893706.html,2025-03-02,regular,
1229138342,20250227,,USA,173,17,-5.0,-6.22568093385214,https://www.dailysignal.com/2025/02/27/ice-arrests-illegal-aliens-increase-627-under-trump/,2025-02-27,regular,
1228403770,20250224,,GBR,1821,18,-9.0,-4.0,https://921wlhr.com/roytons-man-charged-with-multiple-counts-of-child-molestation-rape/,2025-02-24,regular,
1229583387,20250302,RUS,USA,130,13,-4.4,-2.19941348973607,https://www.bbc.co.uk/news/articles/cnvz566n523o,2025-03-02,regular,
1229317440,20250228,IND,USA,100,10,-5.0,-5.95744680851064,https://www.dailyexcelsior.com/shah-asks-delhi-police-to-take-action-against-networks-helping-illegal-bangladeshis-rohingyas/,2025-02-28,regular,
1229543475,20250301,UKR,USA,160,16,-4.0,0.390625,https://www.taipeitimes.com/News/front/archives/2025/03/02/2003832735,2025-03-01,regular,
1228717633,20250225,USA,,141,14,-6.5,3.29292929292929,https://ladailypost.com/advancing-the-science-of-reading-act-passes-senate-moves-on-to-house/,2025-02-25,regular,
1229141275,20250227,RUS,,161,16,-4.0,0.39154267815192,https://news.mail.ru/politics/65067102/,2025-02-27,regular,
1229235109,20250228,,USA,130,13,-4.4,-1.3869625520111,https://www.wtae.com/article/pittsburgh-researcher-nih-cuts/63961080,2025-02-28,regular,
1229589169,20250302,,RUS,173,17,-5.0,-5.8974358974359,https://slguardian.org/russian-cleric-arrested-in-alleged-plot-to-kill-putins-confessor/,2025-03-02,regular,
1229309304,20250228,USA,,163,16,-8.0,-5.73770491803279,https://en.dailypakistan.com.pk/28-Feb-2025/unfolding-the-role-of-the-us-in-afghanistans-current-situation,2025-02-28,regular,
1229186745,20250227,RUS,,172,17,-5.0,2.61569416498994,https://watermarkonline.com/2025/02/27/kurts-place-to-open-at-former-city-side-lounge/,2025-02-27,regular,
1228318519,20250224,GBR,RUS,172,17,-5.0,-4.22794117647059,https://news.sky.com/story/russian-oligarchs-with-links-to-kremlin-face-uk-ban-under-new-sanctions-13315744,2025-02-24,regular,
1229309379,20250228,USA,PAK,174,17,-5.0,-2.7027027027027,https://tribune.com.pk/story/2531483/pakistan-confirms-afghanistan-attempted-to-establish-post-on-border,2025-02-28,regular,
1228996089,20250227,RUS,UKR,100,10,-5.0,1.05263157894737,https://eleccions.elpuntavui.cat/politica/article/17-politica/2512265-trump-anuncia-aranzels-del-25-a-europa-la-ue-es-va-crear-per-fotre-els-eua.html,2025-02-27,regular,
1229094679,20250227,USA,,180,18,-9.0,-10.204081632653,https://www.news18.com/movies/diddy-jay-z-target-lawyer-over-egregious-misconduct-aa-9243593.html,2025-02-27,regular,
1228655844,20250225,USA,USA,130,13,-4.4,-3.07692307692308,https://www.independent.co.uk/news/world/americas/us-politics/trump-live-updates-musk-doge-email-fire-federal-workers-b2704194.html,2025-02-25,regular,
1229184634,20250227,,USA,173,17,-5.0,-7.67676767676768,https://timesofindia.indiatimes.com/world/us/dreamt-of-having-sex-with-them-married-teacher-assaults-10-minor-boys-at-us-school-reveals-bizarre-regret/articleshow/118611848.cms,2025-02-27,regular,
1229171389,20250227,USA,,173,17,-5.0,-8.89328063241104,https://pressofatlanticcity.com/news/local/crime-courts/article_325f6928-f528-11ef-9bcd-0766313487fe.html,2025-02-27,regular,
1230163230,20250226,USA,,173,17,-5.0,-9.8143236074271,https://qns.com/2025/03/queens-duo-indicted-elderly-neighbor-scam/,2025-02-26,regular,
1229049741,20250227,MEX,USA,173,17,-5.0,0.846262341325811,https://www.olneyenterprise.com/news/review-book-solves-mystery-davy-crockett%E2%80%99s-demise,2025-02-27,regular,
1229627244,20250302,GBR,,1821,18,-9.0,-1.5817223198594,https://www.firstpost.com/opinion/shadow-warrior-what-zelenskys-debacle-says-about-us-newfound-clarity-13867967.html,2025-03-02,regular,
1229335096,20250228,USA,,173,17,-5.0,-9.93303571428576,https://www.wctrib.com/news/local/pennock-minnesota-woman-charged-in-23-000-robbery-pleads-guilty-to-striking-man-with-car,2025-02-28,regular,
1228927852,20250226,USA,USA,173,17,-5.0,-7.75862068965517,https://www.nbclosangeles.com/news/local/oc-judge-murder-trial/3641302/,2025-02-26,regular,
1229208297,20250228,USA,,173,17,-5.0,-5.82959641255606,https://mykiss1031.com/ixp/514/p/hutto-texas-three-dead/,2025-02-28,regular,
1229112509,20250227,USA,,162,16,-5.6,2.85714285714285,https://www.ctvnews.ca/world/article/trump-administration-says-its-cutting-90-of-usaid-foreign-aid-contracts/,2025-02-27,regular,
1229130072,20250227,USA,USA,172,17,-5.0,-3.16076294277929,https://dnyuz.com/2025/02/26/in-trumps-washington-a-moscow-like-chill-takes-hold/,2025-02-27,regular,
1228717649,20250225,USA,,181,18,-9.0,-6.35208711433757,https://www.jewishpress.com/news/us-news/five-americans-still-held-hostage-by-hamas/2025/02/25/,2025-02-25,regular,
1228767552,20250226,USA,,173,17,-5.0,-3.52941176470588,https://www.theblaze.com/news/j6ers-florida-conviction-is-covered-by-president-trumps-jan-20-pardon-doj-says,2025-02-26,regular,
1229583570,20250302,USA,,1822,18,-9.0,-0.41194644696189,https://www.slashfilm.com/1797504/breaking-bad-actors-bryan-cranston-anna-gunn-seinfeld-roles/,2025-03-02,regular,
1229265689,20250228,RUS,RUS,172,17,-5.0,-8.69565217391304,https://sib.fm/news/2025/02/28/zhitelyam-novosibirska-zapretili-vyezzhat-na-led,2025-02-28,regular,
1229191682,20250227,USA,USA,172,17,-5.0,-0.56338028169014,https://www.yahoo.com/news/bret-baier-fires-back-chuck-220009178.html,2025-02-27,regular,
1229684055,20250302,GBR,,130,13,-4.4,-5.98958333333333,https://www.liverpoolecho.co.uk/news/uk-world-news/girl-4-dies-house-fire-31113602,2025-03-02,regular,
1229282762,20250228,,USA,170,17,-7.0,0.81168831168831,https://www.foxnews.com/travel/american-airlines-passenger-claims-witness-gate-lice-crackdown-ahead-boarding,2025-02-28,regular,
1228674121,20250225,,GBR,142,14,-6.5,-10.3225806451613,https://www.democracynow.org/2025/2/25/headlines/laila_soueif_hunger_striking_mother_of_jailed_activist_alaa_abd_el_fattah_has_been_hospitalized,2025-02-25,regular,
1228601061,20250225,,CHN,1721,17,-5.0,-1.13168724279836,https://www.thehindu.com/sci-tech/science/chinese-rivals-to-musks-starlink-accelerate-race-to-dominate-satellite-internet/article69261419.ece,2025-02-25,regular,
1228753354,20250226,EGY,USA,160,16,-4.0,2.74725274725275,https://www.beckershospitalreview.com/finance/5-hospital-closures-in-a-week.html,2025-02-26,regular,
1229273446,20250228,RUS,UKR,138,13,-7.0,5.57491289198606,https://lb.ua/world/2025/02/28/663078_tramp_hoche_zupiniti_viynu_togo_yak.html,2025-02-28,regular,
1229599596,20250302,USA,,1711,17,-9.2,-5.99613152804643,https://www.yahoo.com/news/u-marshals-arrest-man-las-013023785.html,2025-03-02,regular,
1229657379,20250302,USA,UKR,164,16,-7.0,-0.164882730895715,https://www.wgauradio.com/news/world/latest-britain-is/YPWVRVCJ2VDAFPV3NPSINNITFA/,2025-03-02,regular,
1228501194,20250224,AFG,GBR,173,17,-5.0,-3.46320346320347,https://www.hindustantimes.com/world-news/taliban-detains-uk-couple-chinese-american-in-bamiyan-family-demands-release-101740429923626.html,2025-02-24,regular,
1229078174,20250226,EUR,RUS,163,16,-8.0,3.62204724409449,https://www.globalsecurity.org/wmd/library/news/ukraine/2025/02/ukraine-250225-pl-mfa01.htm,2025-02-26,regular,
1229343570,20250228,USA,,160,16,-4.0,-0.30211480362538,https://mycolumbuspower.com/4570909/ohio-state-dei/,2025-02-28,regular,
1297423556,20250403,USA,USA,172,17,-5.0,-2.22222222222223,https://www.fox9.com/news/minnesota-legislature-nudification-ban-politics,2025-04-03,regular+targeted,'Liberation Day' broad US tariffs announced
1236234647,20250405,,USA,1823,18,-10.0,-8.73563218390804,https://foxwilmington.com/illegal-immigrant-charged-after-virginia-man-found-stabbed-to-death-in-strangers-home-ice/,2025-04-05,regular+targeted,'Liberation Day' broad US tariffs announced
1235902232,20250403,DEU,,138,13,-7.0,-5.15021459227468,https://www.yahoo.com/news/germany-faces-triple-threat-us-101128085.html,2025-04-03,regular+targeted,'Liberation Day' broad US tariffs announced
1235475323,20250401,GRC,EUR,173,17,-5.0,-6.5843621399177,https://www.express.co.uk/news/world/2035309/marine-le-pen-donald-trump,2025-04-01,regular+targeted,'Liberation Day' broad US tariffs announced
1235226718,20250331,UKR,RUS,100,10,-5.0,-4.69407575267077,https://www.n-tv.de/politik/21-44-Selenskyj-Brutalitaet-russischer-Angriffe-zeigt-Putins-Desinteresse-an-Diplomatie--article25667135.html,2025-03-31,regular+targeted,'Liberation Day' broad US tariffs announced
1236347833,20250405,RUS,UKR,182,18,-9.5,-9.67741935483871,https://tass.com/defense/1939319,2025-04-05,regular+targeted,'Liberation Day' broad US tariffs announced
1235392466,20250331,CAN,USA,1383,13,-7.0,-2.79503105590062,https://www.journal-news.com/nation-world/trump-has-begun-another-trade-war-heres-a-timeline-of-how-we-got-here/RI4G7L3OBNG5LBSH554JPAGTTM/,2025-03-31,regular+targeted,'Liberation Day' broad US tariffs announced
1235538758,20250401,,DEU,1711,17,-9.2,-3.70370370370371,https://g1.globo.com/rj/rio-de-janeiro/noticia/2025/04/01/castro-diz-que-90percent-dos-fuzis-apreendidos-no-rj-vieram-dos-eua.ghtml,2025-04-01,regular+targeted,'Liberation Day' broad US tariffs announced
1235301342,20250331,CHN,,150,15,-7.2,-2.14424951267057,https://www.aa.com.tr/tr/analiz/dunya-siyaseti-tek-kutupluluktan-cok-kutupluluga-mi-evriliyor/3524398,2025-03-31,regular+targeted,'Liberation Day' broad US tariffs announced
1235626019,20250402,USA,,130,13,-4.4,-5.37313432835821,https://www.10tv.com/article/news/local/whitehall-police-ovi-woman-found-unresponsive-in-vehicle-with-child-inside/530-d94c50bd-889c-449d-98f8-51ff33d070dc,2025-04-02,regular+targeted,'Liberation Day' broad US tariffs announced
1235422493,20250401,,USA,100,10,-5.0,-10.6537530266343,https://cbs4local.com/news/el-paso-shooting/el-paso-walmart-shooting-victims-family-speaks-out-on-das-decision-against-death-penalty,2025-04-01,regular+targeted,'Liberation Day' broad US tariffs announced
1236248629,20250405,USA,,130,13,-4.4,-7.23860589812332,https://www.kitv.com/news/crime/late-night-kona-traffic-scare-ends-in-arrest-on-palani-road/article_d495a2af-d612-4f29-a545-e54424385238.html,2025-04-05,regular+targeted,'Liberation Day' broad US tariffs announced
1236295302,20250405,CHN,CHN,130,13,-4.4,-3.22061191626409,https://www.forbes.com/sites/esatdedezade/2025/04/05/trump-extends-tiktok-ban-deadline-again---apps-fate-hangs-in-the-balance/,2025-04-05,regular+targeted,'Liberation Day' broad US tariffs announced
1241677497,20250404,USA,MEX,174,17,-5.0,-11.2554112554113,https://www.timesheraldonline.com/2025/05/03/vallejo-police-arrest-suspect-in-attempted-murder-from-2024/,2025-04-04,regular+targeted,'Liberation Day' broad US tariffs announced
1235974429,20250403,,USA,173,17,-5.0,-6.25,https://woay.com/kanawha-county-teacher-arrested-for-alleged-assault-on-a-special-needs-student/,2025-04-03,regular+targeted,'Liberation Day' broad US tariffs announced
1236361306,20250405,,RUS,160,16,-4.0,-1.95121951219512,https://thehill.com/policy/national-security/5231833-democrat-lawmakers-donald-trump-national-security-firings/,2025-04-05,regular+targeted,'Liberation Day' broad US tariffs announced
1235438283,20250401,FRA,,154,15,-7.2,-2.08510638297873,https://adevarul.ro/blogurile-adevarul/competitia-umbrelelor-cat-de-realista-este-2432624.html,2025-04-01,regular+targeted,'Liberation Day' broad US tariffs announced
1236351456,20250405,USA,,141,14,-6.5,-1.14942528735632,https://www.kcra.com/article/california-capitol-protests-trump-musk-hands-off/64395558,2025-04-05,regular+targeted,'Liberation Day' broad US tariffs announced
1236106527,20250404,DEU,,173,17,-5.0,-4.46247464503043,https://elpais.com/cultura/2025-04-04/la-cancelacion-de-un-discurso-del-filosofo-israelo-aleman-omri-boehm-enrarece-la-conmemoracion-de-la-liberacion-de-buchenwald.html,2025-04-04,regular+targeted,'Liberation Day' broad US tariffs announced
1235914726,20250403,,USA,100,10,-5.0,-4.48598130841121,https://www.dailycardinal.com/article/2025/04/while-trump-deports-immigrants-this-wisconsin-farm-cant-run-without-them,2025-04-03,regular+targeted,'Liberation Day' broad US tariffs announced
1236310847,20250405,USA,,173,17,-5.0,-8.53658536585366,https://www.courant.com/2025/04/05/ct-man-found-guilty-of-possessing-a-firearm-as-part-of-a-large-scale-gun-trafficking-operation/,2025-04-05,regular+targeted,'Liberation Day' broad US tariffs announced
1235337134,20250331,USA,USA,141,14,-6.5,-6.25,https://www.vrt.be/vrtnws/nl/2025/03/31/brand-tesla-dealer-in-rome/,2025-03-31,regular+targeted,'Liberation Day' broad US tariffs announced
1236367958,20250406,USA,,160,16,-4.0,3.55677154582763,https://www.eonline.com/news/1415756/jessica-alba-vacations-with-her-3-kids-amid-divorce,2025-04-06,regular+targeted,'Liberation Day' broad US tariffs announced
1236245522,20250405,,USA,173,17,-5.0,-3.83141762452107,https://www.catholicnewsagency.com/news/263191/arrest-made-in-murder-of-kansas-archdiocesan-priest,2025-04-05,regular+targeted,'Liberation Day' broad US tariffs announced
1235443981,20250401,RUS,,1823,18,-10.0,0.53351117039013,https://www.cross.bg/zosima-pystinyata-zemyata-1767847.html,2025-04-01,regular+targeted,'Liberation Day' broad US tariffs announced
1235766903,20250402,COL,FRA,173,17,-5.0,-3.06603773584905,https://www.elheraldo.co/deportes/2025/04/02/condenado-el-exmedico-de-nairo-quintana-por-haber-intentado-doparle-en-el-tour-de-2020/,2025-04-02,regular+targeted,'Liberation Day' broad US tariffs announced
1235308895,20250331,FRA,,1722,17,-5.0,-3.58056265984655,https://www.internazionale.it/ultime-notizie/2025/03/31/francia-condanna-marine-le-pen,2025-03-31,regular+targeted,'Liberation Day' broad US tariffs announced
1236214169,20250404,USA,,173,17,-5.0,-7.37327188940092,https://www.suntelegraph.com/story/2025/04/03/news/russell-sentenced-45-50-years-in-death-of-child/20541.html,2025-04-04,regular+targeted,'Liberation Day' broad US tariffs announced
1235263934,20250331,,FRA,173,17,-5.0,0.87412587412588,https://www.hurriyetdailynews.com/french-chefs-quake-as-michelin-prepares-new-guide-207497,2025-03-31,regular+targeted,'Liberation Day' broad US tariffs announced
1235238517,20250331,USA,,172,17,-5.0,-1.81818181818182,https://www.ky3.com/2025/03/31/states-move-ban-or-restrict-use-synthetic-dyes-used-candies-cereal/,2025-03-31,regular+targeted,'Liberation Day' broad US tariffs announced
1235486175,20250401,USA,,173,17,-5.0,-2.60586319218241,https://www.hawaiitribune-herald.com/2025/04/01/hawaii-news/three-cited-in-kona-for-piciking-undersized-opihi/,2025-04-01,regular+targeted,'Liberation Day' broad US tariffs announced
1235967399,20250403,USA,,173,17,-5.0,-10.8459869848156,https://www.al.com/crime/2025/04/convicted-killer-avoids-possible-execution-with-guilty-plea-to-second-birmingham-murder.html,2025-04-03,regular+targeted,'Liberation Day' broad US tariffs announced
1235719988,20250402,EUR,USA,173,17,-5.0,-2.71317829457364,https://www.insurancejournal.com/news/international/2025/04/02/818016.htm,2025-04-02,regular+targeted,'Liberation Day' broad US tariffs announced
1236457174,20250406,,USA,100,10,-5.0,-7.55813953488372,https://www.foxnews.com/media/pam-bondi-puts-faith-ice-key-source-decision-deport-alleged-ms-13-gang-member,2025-04-06,regular+targeted,'Liberation Day' broad US tariffs announced
1235640045,20250402,USA,,130,13,-4.4,-9.20245398773006,https://jcpost.com/posts/630794ea-5b57-4edf-b4f7-37287ee10249,2025-04-02,regular+targeted,'Liberation Day' broad US tariffs announced
1236471910,20250406,CHN,AUS,130,13,-4.4,-2.73291925465838,https://home.nzcity.co.nz/news/article.aspx?id=420007,2025-04-06,regular+targeted,'Liberation Day' broad US tariffs announced
1235449511,20250401,,FRA,173,17,-5.0,-3.29411764705882,https://www.lemonde.fr/en/international/article/2025/04/01/macron-calls-for-gesture-of-mercy-and-humanity-from-algerian-leader-for-jailed-writer_6739723_4.html,2025-04-01,regular+targeted,'Liberation Day' broad US tariffs announced
1236457977,20250406,GBR,ISR,170,17,-7.0,-3.75335120643431,https://www.azzaman.com/%D9%84%D9%86%D8%AF%D9%86-%D8%AA%D8%AA%D9%87%D9%85-%D8%A5%D8%B3%D8%B1%D8%A7%D8%A6%D9%8A%D9%84-%D8%A8%D9%85%D9%86%D8%B9-%D8%AF%D8%AE%D9%88%D9%84-%D9%86%D8%A7%D8%A6%D8%A8%D8%AA%D9%8A%D9%86-%D8%A8%D8%B1/,2025-04-06,regular+targeted,'Liberation Day' broad US tariffs announced
1235448408,20250401,RUS,UKR,173,17,-5.0,0.14477017734346,https://www.firstpost.com/world/ukrainians-underground-how-yellow-ribbon-uses-non-violence-to-resist-russian-occupation-13876042.html,2025-04-01,regular+targeted,'Liberation Day' broad US tariffs announced
1235314183,20250331,RUS,,173,17,-5.0,-6.50406504065041,https://lenta.ru/news/2025/03/31/kapitan-perevernuvshegosya-v-tsarskom-sele-pontona-s-24-lyudmi-otdelalsya-uslovnym-srokom/,2025-03-31,regular+targeted,'Liberation Day' broad US tariffs announced
1236238678,20250405,USA,,173,17,-5.0,-11.1111111111111,https://www.yoursourceone.com/columbia_basin/omak-murder-case-concludes-with-seventeen-year-prison-sentence-for-convicted-man/article_813f30a6-d043-4202-8062-385e8974da02.html,2025-04-05,regular+targeted,'Liberation Day' broad US tariffs announced
1236206078,20250404,CHN,,138,13,-7.0,-6.06060606060606,https://www.breitbart.com/asia/2025/04/04/china-imposes-34-tariff-on-all-u-s-imports/,2025-04-04,regular+targeted,'Liberation Day' broad US tariffs announced
1235722995,20250402,,CHN,150,15,-7.2,-2.82087447108604,https://www.thetimes.com/world/asia/article/china-taiwan-military-drills-8cp3qjp0c,2025-04-02,regular+targeted,'Liberation Day' broad US tariffs announced
1235645994,20250402,DEU,UKR,100,10,-5.0,4.02010050251256,https://www.rts.rs/vesti/ratu-u-ukrajini/5686940/berbokova-sporazum-o-mineralima-treba-da-bude-kompatibilan-sa-pravom-eu-novi-udari-dronovima-na-odesu-i-zaporozje.html,2025-04-02,regular+targeted,'Liberation Day' broad US tariffs announced
1235879318,20250403,EUR,RUS,100,10,-5.0,1.47783251231527,https://utro.ru/news/politics/2025/04/03/1559690.shtml,2025-04-03,regular+targeted,'Liberation Day' broad US tariffs announced
1235832488,20250403,USA,,186,18,-10.0,-4.34782608695653,https://local12.com/newsletter-daily/police-execute-multiple-search-warrants-clermont-county-prostitution-probe-prostitutes-guns-weapons-dangerous-crime-criminals-task-force-natura-foot-spa-solicitation-warrant-investigation-cincinnati-ohio,2025-04-03,regular+targeted,'Liberation Day' broad US tariffs announced
1236347561,20250405,,GBR,180,18,-9.0,-5.30503978779841,https://www.alternet.org/russell-brand-marcotte-salon/,2025-04-05,regular+targeted,'Liberation Day' broad US tariffs announced
1236479305,20250406,EUR,ISR,141,14,-6.5,-7.50000000000003,https://www.aljazeeramubasher.net/news/2025/4/6/%D9%88%D9%82%D9%81%D8%A7%D8%AA-%D8%A7%D8%AD%D8%AA%D8%AC%D8%A7%D8%AC%D9%8A%D8%A9-%D9%81%D9%8A-%D8%A3%D9%88%D8%B1%D9%88%D8%A8%D8%A7-%D8%AA%D9%86%D8%AF%D9%8A%D8%AF%D8%A7,2025-04-06,regular+targeted,'Liberation Day' broad US tariffs announced
1236073766,20250404,JPN,,100,10,-5.0,-6.16438356164384,https://asianews.network/argument-over-online-game-led-to-fatal-stabbing-of-16-year-old-girl-in-japan/,2025-04-04,regular+targeted,'Liberation Day' broad US tariffs announced
1235562458,20250401,,USA,160,16,-4.0,-5.69329660238751,https://www.roundupweb.com/story/2025/04/02/energy/jury-finds-greenpeace-at-fault-for-protest-damages-awards-pipeline-developer-more-than-660-million/22153.html,2025-04-01,regular+targeted,'Liberation Day' broad US tariffs announced
1236107130,20250404,RUS,UKR,138,13,-7.0,-9.87654320987653,https://www.5-tv.ru/news/5020541/fsb-predotvratila-terakt-vobsezitii-kursantov-voennyh-vuzov-vpodmoskove/,2025-04-04,regular+targeted,'Liberation Day' broad US tariffs announced
1235534139,20250401,HUN,EUR,173,17,-5.0,-1.70454545454545,https://www.bbc.com/news/articles/czd31gm82gno,2025-04-01,regular+targeted,'Liberation Day' broad US tariffs announced
1236017314,20250403,USA,,173,17,-5.0,-10.1604278074866,https://www.yahoo.com/news/6-indicted-charged-federal-drug-204554840.html,2025-04-03,regular+targeted,'Liberation Day' broad US tariffs announced
1235365468,20250331,CAN,FRA,173,17,-5.0,-0.35677879714577,https://www.edmontonexaminer.com:443/opinion/canadian-election-is-already-breaking-records/wcm/fbb9ab7b-2e30-4e2e-8c40-8da5562ddce3,2025-03-31,regular+targeted,'Liberation Day' broad US tariffs announced
1235861730,20250403,USA,,160,16,-4.0,-2.21187427240977,https://www.durangoherald.com/articles/federal-budget-cuts-dry-up-funding-for-la-plata-county-public-health-resources/,2025-04-03,regular+targeted,'Liberation Day' broad US tariffs announced
1235645744,20250402,USA,USA,173,17,-5.0,0.4040404040404,https://www.nbcdfw.com/news/politics/trump-white-house-brushes-off-wisconsin-loss-warning-signs-musk/3806115/,2025-04-02,regular+targeted,'Liberation Day' broad US tariffs announced
1236160058,20250404,USA,,100,10,-5.0,1.96078431372549,https://www.wmky.org/news/2025-04-04/reverse-job-fair-flips-the-script-for-students-and-employers,2025-04-04,regular+targeted,'Liberation Day' broad US tariffs announced
1235899097,20250403,DEU,DEU,154,15,-7.2,2.33644859813084,https://www.globalsecurity.org/military/library/news/2025/04/mil-250402-lithuania-mnd01.htm,2025-04-03,regular+targeted,'Liberation Day' broad US tariffs announced
1235734509,20250402,UKR,RUS,182,18,-9.5,-7.40740740740741,https://www.yahoo.com/news/russians-strike-residential-building-kharkiv-132934327.html,2025-04-02,regular+targeted,'Liberation Day' broad US tariffs announced
1236216272,20250404,USA,USA,173,17,-5.0,-0.66287878787879,https://www.yahoo.com/news/landry-considers-putting-formerly-indicted-210552952.html,2025-04-04,regular+targeted,'Liberation Day' broad US tariffs announced
1236072824,20250404,RUS,,130,13,-4.4,-4.32900432900433,https://nepszava.hu/3274793_ki-a-magyar,2025-04-04,regular+targeted,'Liberation Day' broad US tariffs announced
1236127039,20250404,,USA,180,18,-9.0,-6.28019323671497,https://www.ocolly.com/news/man-sentenced-to-30-years-in-prison-after-attacking-mother-osu-police-officers-at-lake/article_26a04fa1-ceb5-4caf-be68-7a76bf43ce84.html,2025-04-04,regular+targeted,'Liberation Day' broad US tariffs announced
1236015617,20250403,USA,,130,13,-4.4,-14.7058823529412,https://www.wfsb.com/2025/04/03/dangerous-fugitive-with-multiple-firearm-charges-arrested-norwich/,2025-04-03,regular+targeted,'Liberation Day' broad US tariffs announced
1236082035,20250404,USA,USA,172,17,-5.0,-2.9263370332997,https://spectator.org/will-white-house-balk-or-succeed-yank-tiktok-china/,2025-04-04,regular+targeted,'Liberation Day' broad US tariffs announced
1235503603,20250401,IRN,USA,130,13,-4.4,-4.01069518716577,https://www.hurriyetdailynews.com/iran-will-have-no-choice-but-to-acquire-nukes-if-attacked-khamenei-adviser-207565,2025-04-01,regular+targeted,'Liberation Day' broad US tariffs announced
1235392661,20250331,GBR,,141,14,-6.5,-0.81967213114754,https://www.johnogroat-journal.co.uk/news/maree-todd-welcomes-progress-on-highland-affordable-homes-378417/,2025-03-31,regular+targeted,'Liberation Day' broad US tariffs announced
1235942895,20250403,GBR,,186,18,-10.0,-7.43321718931473,https://timesofindia.indiatimes.com/world/rest-of-world/canada-election-2025-why-conservative-candidate-don-patel-was-dropped-for-heart-hugging-emoji/articleshow/119947319.cms,2025-04-03,regular+targeted,'Liberation Day' broad US tariffs announced
1235432463,20250401,,USA,173,17,-5.0,-8.06451612903226,https://www.fox10tv.com/2025/04/01/2-drivers-involved-separate-deadly-crashes-now-face-murder-charges/,2025-04-01,regular+targeted,'Liberation Day' broad US tariffs announced
1235848352,20250403,,USA,100,10,-5.0,-7.14285714285714,https://www.alaskasnewssource.com/2025/04/03/former-palmer-pilot-responsible-near-mid-air-collision-sentenced/,2025-04-03,regular+targeted,'Liberation Day' broad US tariffs announced
1297762985,20250405,USA,USA,1712,17,-9.2,0.0,https://victorygirlsblog.com/white-house-ballroom-and-bunker-victims-of-tds/,2025-04-05,regular+targeted,'Liberation Day' broad US tariffs announced
1236475187,20250406,USA,TWN,150,15,-7.2,1.51515151515152,https://www.tanjug.rs/svet/politika/153077/g7-kineske-vojne-vezbe-oko-tajvana-su-destabilizujuce/vest,2025-04-06,regular+targeted,'Liberation Day' broad US tariffs announced
1236224168,20250404,USA,,173,17,-5.0,-8.31426392067124,https://www.mainlinemedianews.com/2025/04/04/lower-providence-contractor-gets-prison-for-defrauding-customers-in-6-pa-counties/,2025-04-04,regular+targeted,'Liberation Day' broad US tariffs announced
1297323188,20250402,GBR,,130,13,-4.4,-6.82819383259912,https://www.infosecurity-magazine.com/news/most-cni-firms-5m-downtime-ot/,2025-04-02,regular+targeted,'Liberation Day' broad US tariffs announced
1235663134,20250402,ITA,DEU,173,17,-5.0,-2.72596843615495,https://www.thelocal.it/20250402/today-in-italy-a-roundup-of-the-latest-news-on-wednesday-59,2025-04-02,regular+targeted,'Liberation Day' broad US tariffs announced
1235908158,20250403,CHN,,100,10,-5.0,-4.31654676258992,https://www.leparisien.fr/economie/droits-de-douane-reciproques-europe-asie-les-annoncent-de-trump-secouent-deja-les-marches-boursiers-03-04-2025-OUU64FVMHVAGFDPMB6CBYG2TUY.php,2025-04-03,regular+targeted,'Liberation Day' broad US tariffs announced
1236164196,20250404,DEU,,141,14,-6.5,-3.06513409961685,https://www.yahoo.com/news/victims-commissioner-east-german-repression-142625288.html,2025-04-04,regular+targeted,'Liberation Day' broad US tariffs announced
1235801629,20250402,,RUS,180,18,-9.0,-5.43735224586289,https://tsn.ua/ru/ato/rossiya-gotovit-novyy-ryvok-na-fronte-chto-izvestno-i-est-li-ugroza-2800241.html,2025-04-02,regular+targeted,'Liberation Day' broad US tariffs announced
1235610359,20250402,,USA,160,16,-4.0,-4.23728813559323,https://www.breitbart.com/politics/2025/04/01/san-francisco-chronicle-warns-trump-may-reverse-ghost-gun-restrictions/,2025-04-02,regular+targeted,'Liberation Day' broad US tariffs announced
1235634230,20250402,USA,,172,17,-5.0,-1.931330472103,https://www.yahoo.com/news/oregon-lawmakers-consider-bill-bans-010132073.html,2025-04-02,regular+targeted,'Liberation Day' broad US tariffs announced
1235973449,20250403,EUR,USA,138,13,-7.0,-2.61780104712042,https://www.elliberal.com.ar/nota/44554/2025/04/guerra-comercial--china-y-europa-le-advirtieron-a-trump-que-habra-represalias-tras-los-nuevos-aranceles,2025-04-03,regular+targeted,'Liberation Day' broad US tariffs announced
1235445578,20250401,RUS,,173,17,-5.0,-9.02777777777778,https://24tv.ua/ru/rossija-ne-zapustila-shahedy-010425-gde-vrag-atakoval-nochju-novosti-ukrainy-24-kanal_n2788986,2025-04-01,regular+targeted,'Liberation Day' broad US tariffs announced
1236212636,20250404,USA,SLV,173,17,-5.0,-4.67625899280576,https://www.mediaite.com/news/just-in-judge-orders-return-of-man-trump-admin-sent-to-el-salvador-mega-prison-by-error/,2025-04-04,regular+targeted,'Liberation Day' broad US tariffs announced
1236321580,20250405,,USA,173,17,-5.0,-0.85653104925054,https://www.yahoo.com/news/democrats-look-push-gop-turf-140000405.html,2025-04-05,regular+targeted,'Liberation Day' broad US tariffs announced
1235883472,20250403,USA,ISR,160,16,-4.0,-8.48214285714286,https://www.bbc.co.uk/news/articles/c807lm2003zo,2025-04-03,regular+targeted,'Liberation Day' broad US tariffs announced
1235256084,20250331,ZAF,EUR,100,10,-5.0,0.17513134851138,https://www.birminghammail.co.uk/news/midlands-news/exact-date-23c-mini-heatwave-31315571,2025-03-31,regular+targeted,'Liberation Day' broad US tariffs announced
1236385891,20250406,USA,USA,141,14,-6.5,-4.77815699658703,https://www.nbcrightnow.com/on-tv/kennewick-protest-draws-thousands-against-trump-administration/article_8e609f64-6f15-43bd-b1b8-674f7f5e3110.html,2025-04-06,regular+targeted,'Liberation Day' broad US tariffs announced
1236137516,20250404,,RUS,138,13,-7.0,-15.0,https://russian.rt.com/ussr/news/1459109-oficer-vsu-terakt-krasnodar,2025-04-04,regular+targeted,'Liberation Day' broad US tariffs announced
1236139326,20250404,IRN,RUS,100,10,-5.0,2.91970802919708,https://www.nile.eg/%D8%A7%D9%84%D9%83%D8%B1%D9%85%D9%84%D9%8A%D9%86-%D9%8A%D8%AF%D8%B9%D9%88-%D9%83%D9%84-%D8%A7%D9%84%D8%A3%D8%B7%D8%B1%D8%A7%D9%81-%D9%84%D8%B6%D8%A8%D8%B7-%D8%A7%D9%84%D9%86%D9%81%D8%B3-%D8%A8%D8%B4,2025-04-04,regular+targeted,'Liberation Day' broad US tariffs announced
1235754714,20250402,GBR,,186,18,-10.0,0.74441687344913,https://www.thetimes.com/business-money/companies/article/avon-technologies-from-near-death-to-us-militarys-top-helmet-supplier-gpn0fzs3c,2025-04-02,regular+targeted,'Liberation Day' broad US tariffs announced
1236397791,20250406,USA,,172,17,-5.0,-6.22837370242215,https://dailyinqilab.com/international/news/749257,2025-04-06,regular+targeted,'Liberation Day' broad US tariffs announced
1236820083,20250401,,USA,180,18,-9.0,-7.36342042755345,https://www.yahoo.com/news/1-4-men-accused-mace-145626400.html,2025-04-01,regular+targeted,'Liberation Day' broad US tariffs announced
1236334215,20250405,GBR,,173,17,-5.0,-5.10948905109489,https://www.nacion.com/viva/estas-son-las-10-series-mas-vistas-en-netflix/WDVTYXDMXNDRFKSDVUQHV4RDBQ/story/,2025-04-05,regular+targeted,'Liberation Day' broad US tariffs announced
1235419452,20250401,,USA,180,18,-9.0,-12.5,https://www.yahoo.com/news/man-arrested-sexual-assault-east-232628892.html,2025-04-01,regular+targeted,'Liberation Day' broad US tariffs announced
1235688891,20250402,,USA,130,13,-4.4,-3.91459074733096,https://www.yahoo.com/news/ron-johnson-needs-read-constitution-100232743.html,2025-04-02,regular+targeted,'Liberation Day' broad US tariffs announced
1236349144,20250405,USA,,130,13,-4.4,-2.56797583081571,https://www.staradvertiser.com/2025/04/05/breaking-news/hawaii-among-states-challenging-trumps-effort-to-dismantle-library-agency/,2025-04-05,regular+targeted,'Liberation Day' broad US tariffs announced
1235350478,20250331,RUS,CHN,100,10,-5.0,-6.65083135391924,https://comandir.com/2025/03/31/493448-nostradamus-o-tretej-mirovoj-otvety-na-voprosy-o-budushhem-chelovechestva.html,2025-03-31,regular+targeted,'Liberation Day' broad US tariffs announced
1235360802,20250331,DEU,,173,17,-5.0,-4.5822102425876,https://www1.wdr.de/nachrichten/rheinland/diskussion-um-verweilverbot-bruesseler-platz-100.html,2025-03-31,regular+targeted,'Liberation Day' broad US tariffs announced
1235699044,20250402,USA,,1043,10,-5.0,-2.4074074074074,https://www.yahoo.com/news/academy-legal-world-time-stay-100000433.html,2025-04-02,regular+targeted,'Liberation Day' broad US tariffs announced
1236227209,20250404,USA,,100,10,-5.0,-6.43776824034334,https://www.kcrg.com/2025/04/04/iowa-dental-board-cancels-hearing-removes-documents-detailing-patient-death/,2025-04-04,regular+targeted,'Liberation Day' broad US tariffs announced
1236465459,20250406,FRA,EGY,180,18,-9.0,-8.97435897435898,https://surgiu.com.br/2025/04/06/motorista-de-aplicativo-e-fatalmente-baleado-apos-reagir-a-tentativa-de-assalto/,2025-04-06,regular+targeted,'Liberation Day' broad US tariffs announced
1241258667,20250501,RUS,,100,10,-5.0,-7.6923076923077,https://news.liga.net/politics/news/zelenskii-vvel-sanktsii-protiv-arestovicha,2025-05-01,regular,
1241404709,20250502,UKR,RUS,1384,13,-7.0,-7.82608695652174,https://unn.ua/news/tspd-rnbo-vybukhy-v-krymu-na-voiennykh-obiektakh-ye-vykliuchno-skladovoiu-bezpeky,2025-05-02,regular,
1241548862,20250503,USA,CAN,182,18,-9.5,-3.13901345291479,https://www.aol.com/vermont-man-left-home-run-000916944.html,2025-05-03,regular,
1240670839,20250428,USA,,172,17,-5.0,5.27704485488127,https://www.miaminewtimes.com/restaurants/acclaimed-chef-kwame-onwuachi-to-bring-indian-flavor-to-south-beach-22961906,2025-04-28,regular,
1241551976,20250503,USA,,173,17,-5.0,-6.94444444444444,https://gazette.com/news/local/carjacking-suspect-wanted-in-string-of-crimes-arrested-by-colorado-springs-police/article_c88a7fe5-4f11-4544-ab0f-3fba8f6f2873.html,2025-05-03,regular,
1241190793,20250501,UKR,RUS,1822,18,-9.0,-4.95495495495496,https://www.aol.co.uk/release-ukrainian-prisoners-russia-key-040014029.html,2025-05-01,regular,
1241385088,20250502,USA,ISR,140,14,-6.5,-3.17460317460318,https://www.boston.com/news/local-news/2025/05/01/pro-palestine-students-claim-victory-after-israeli-weapons-manufacturer-leaves-mit-program/,2025-05-02,regular,
1240738104,20250429,,USA,173,17,-5.0,-7.24233983286908,https://www.yahoo.com/news/adams-county-man-sentenced-life-011612453.html,2025-04-29,regular,
1241475910,20250502,GBR,,1043,10,-5.0,-6.3752276867031,https://jerseyeveningpost.com/morenews/uknews/2025/05/02/tackling-climate-change-vital-says-swinney-in-warning-over-dangerous-rhetoric/,2025-05-02,regular,
1241735771,20250504,RUS,EUR,130,13,-4.4,0.0,https://profile.ru/news/abroad/fico-strany-es-ne-hotyat-razreshat-prolet-samoleta-v-rossiju-na-9-maya-1698644/,2025-05-04,regular,
1240701360,20250428,USA,,1712,17,-9.2,-2.34791889007471,https://www.myjoyonline.com/child-damages-e50m-rothko-painting-in-dutch-museum/,2025-04-28,regular,
1241290499,20250501,USA,,130,13,-4.4,-0.23696682464455,https://www.washingtonexaminer.com/policy/immigration/3397609/may-day-protests-trump-agenda-nationwide-thursday/,2025-05-01,regular,
1241395227,20250502,UKR,RUS,1312,13,-5.8,-0.84485407066052,https://1news.az/news/20250501053226914-Vesennyaya-diplomatiya-pochemu-Baku-stanovitsya-tochkoi-peresecheniya-interesov,2025-05-02,regular,
1241553614,20250503,USA,JOR,173,17,-5.0,-5.55555555555556,https://www.yahoo.com/news/charlotte-man-arrested-deadly-hit-012035900.html,2025-05-03,regular,
1240534503,20250428,FRA,ITA,173,17,-5.0,-3.19148936170213,https://tribune.com.pk/story/2542706/napoleon-letter-sold-at-auction-for-30000,2025-04-28,regular,
1241383357,20250502,USA,,1821,18,-9.0,-4.76190476190477,https://www.nbcdfw.com/investigations/fort-worth-police-sex-assualt-kit-backlog-nearly-clear/3830413/,2025-05-02,regular,
1240624365,20250428,RUS,UKR,130,13,-4.4,-3.45454545454545,https://www.indiatvnews.com/news/world/russia-announces-temporary-ceasefire-in-ukraine-from-may-8-10-to-mark-wwii-victory-day-2025-04-28-987716,2025-04-28,regular,
1241628708,20250503,USA,,171,17,-9.2,-6.14334470989761,https://www.zazoom.it/2025-05-03/appicco-un-incendio-e-fece-tre-morti-a-milano-ma-lolanda-non-trasferisce-il-detenuto-carceri-italiane-inumane/16894358/,2025-05-03,regular,
1241639916,20250503,USA,,1821,18,-9.0,-6.92395005675369,https://www.sltrib.com/news/2025/05/03/sugar-house-rapist-who-confessed/,2025-05-03,regular,
1241328738,20250501,,USA,172,17,-5.0,0.32327586206897,https://nypost.com/2025/05/01/business/uae-backed-firm-to-use-trump-family-crypto-to-buy-2b-stake-in-binance/,2025-05-01,regular,
1241067986,20250430,,RUS,130,13,-4.4,-1.05263157894737,http://www.bignewsnetwork.com/news/278195315/russian-airport-gets-historic-stalingrad-name-back,2025-04-30,regular,
1241220526,20250501,DEU,,173,17,-5.0,-4.70588235294117,https://www.abc.net.au/news/2025-05-01/secret-note-hidden-in-dachau-built-violin-tells-tale-of-survival/105232486,2025-05-01,regular,
1240733076,20250429,USA,,180,18,-9.0,-7.83582089552239,https://www.koaa.com/news/covering-colorado/two-men-arrested-on-outstanding-warrants-during-colorado-springs-underground-nightclub-raid,2025-04-29,regular,
1241621057,20250503,RUS,UKR,160,16,-4.0,3.17460317460318,https://1news.az/news/20250503033219826-Zelenskii-prizval-SSHA-otmenit-vizy-deputatam-Rady,2025-05-03,regular,
1241528219,20250502,USA,USA,141,14,-6.5,-2.35008103727715,https://kesq.com/news/national-world/cnn-national/2025/05/02/apple-fast-facts-4/,2025-05-02,regular,
1241016754,20250430,,EUR,130,13,-4.4,2.01117318435754,https://www.fleetnews.co.uk/car-reviews/suzuki-evitara,2025-04-30,regular,
1241688298,20250504,RUS,UKR,180,18,-9.0,2.60521042084168,https://www.zazoom.it/2025-05-04/batiste-un-maestro-del-xxi-secolo-si-puo-reinventare-pure-beethoven/16896486/,2025-05-04,regular,
1247485351,20250504,USA,,130,13,-4.4,-4.14878397711016,https://tribuneonlineng.com/trade-truce-us-provoking-frictions-says-china/,2025-05-04,regular,
1241424262,20250502,CHN,,161,16,-4.0,-1.67644593461861,https://www.latimes.com/california/story/2025-05-02/china-allegedly-tried-to-influence-this-politician-she-says-shes-not-going-anywhere,2025-05-02,regular,
1241134319,20250430,GBR,,173,17,-5.0,-6.94288913773796,http://www.womeninandbeyond.org/?p=27576,2025-04-30,regular,
1241616150,20250503,USA,AFR,180,18,-9.0,-1.28398791540785,https://www.nakedcapitalism.com/2025/05/three-mind-blowing-indie-film-festivals-that-show-actual-good-movies.html,2025-05-03,regular,
1241433625,20250502,GBR,,173,17,-5.0,-6.72727272727272,https://www.chroniclelive.co.uk/news/uk-news/russell-brand-appears-court-first-31557577,2025-05-02,regular,
1241635587,20250503,,RUS,1312,13,-5.8,-6.97674418604651,https://kafanews.com/novosti/218786/v-ssha-zayavili-o-vozmoshnom-vvedenii-ocherednykh-sanktsiy-protiv-rossii_2025-05-03,2025-05-03,regular,
1241597796,20250503,UKR,RUS,172,17,-5.0,-7.67676767676768,https://www.thejournal.ie/russian-attack-on-kharkiv-wounds-47-6694926-May2025/,2025-05-03,regular,
1241519208,20250502,,USA,173,17,-5.0,-10.752688172043,https://www.wfmj.com/story/52742023/brookfield-man-indicted-on-federal-charges-of-child-pornography-following-2019-conviction,2025-05-02,regular,
1240527337,20250428,GBR,PAK,182,18,-9.5,-6.52173913043478,https://www.arabnews.com/node/2598703/pakistan,2025-04-28,regular,
1240971254,20250430,,GBR,130,13,-4.4,-1.23456790123456,https://www.thestatesman.com/entertainment/hollywood/amal-clooney-george-clooneys-wife-may-face-us-entry-ban-whats-going-on-1503426621.html,2025-04-30,regular,
1240545801,20250428,USA,CUB,186,18,-10.0,-5.26315789473684,https://www.nhgazette.com/2025/04/28/mon-apr-28/,2025-04-28,regular,
1241120565,20250430,USA,RUS,160,16,-4.0,-3.43347639484979,https://acento.com.do/france24/putin-apoyaria-cese-al-fuego-con-ucrania-pero-antes-pide-resolver-asuntos-de-interes-nacional-9491639.html,2025-04-30,regular,
1301588589,20250429,FRA,,173,17,-5.0,-8.29545454545455,https://www.yahoo.com/news/articles/russian-paramilitary-carried-air-strikes-112943253.html,2025-04-29,regular,
1240793778,20250429,,USA,173,17,-5.0,-7.63157894736842,https://country1029wkik.com/local-news/bf2fd68b154b9e31b26f4393869df99a,2025-04-29,regular,
1240984722,20250430,USA,UKR,100,10,-5.0,-5.76923076923072,https://www.gazetaexpress.com/une-po-e-shpetoj-trump-ukraina-do-te-shkaterrohet-shume-shpejt/,2025-04-30,regular,
1241054715,20250430,,RUS,172,17,-5.0,-1.16279069767442,https://rg.ru/2025/04/30/reg-cfo/bloger-akim-apachev-oshtrafovan-za-vezd-v-kurskuiu-sudzhu.html,2025-04-30,regular,
1241027057,20250430,RUS,RUS,100,10,-5.0,1.51946818613485,https://www.trud.ru/article/30-04-2025/1707241_oxvachen_blagogoveniem_spetsposlannik_trampa_vosxitilsja_kremlem.html,2025-04-30,regular,
1241465658,20250502,,USA,173,17,-5.0,-3.49740932642487,https://www.wowt.com/2025/05/02/6-things-you-need-know-friday-may-2/,2025-05-02,regular,
1241733495,20250504,USA,,130,13,-4.4,0.30150753768845,https://www.mankatofreepress.com/news/local_news/ask-us-city-water-likely-has-fewer-plastic-particles-than-bottled/article_113530ff-a2f6-4ea2-bc0d-f7f8037bc45a.html,2025-05-04,regular,
1241323542,20250501,USA,,130,13,-4.4,-6.59536541889483,https://965therock.com/ixp/114/p/texas-national-guard-border-efforts/,2025-05-01,regular,
1241506941,20250502,USA,,1383,13,-7.0,-7.4468085106383,https://www.wyomingnewsnow.tv/news/national/new-york-leads-u-s-with-greatest-number-of-antisemitic-incidents/article_1e4535ed-2804-5043-8b7a-94be39e7b91f.html,2025-05-02,regular,
1240646050,20250428,USA,CHN,183,18,-10.0,-4.56852791878173,https://www.wmur.com/article/philadelphia-fireworks-atm-explosion/64609437,2025-04-28,regular,
1241140442,20250430,USA,,173,17,-5.0,-9.88142292490116,https://www.yahoo.com/news/lancaster-city-man-sentenced-life-194329192.html,2025-04-30,regular,
1240781117,20250429,,USA,173,17,-5.0,-9.0909090909091,https://kyma.com/news/crime/2025/04/29/second-arrest-made-in-kristi-noem-purse-theft/,2025-04-29,regular,
1241765653,20250504,DEU,DEU,138,13,-7.0,-2.02360876897133,https://www.dagelijksestandaard.nl/politiek/ralf-dekker-fvd-veroordeelt-duitse-aanval-op-afd-en-terecht,2025-05-04,regular,
1241260328,20250501,USA,,173,17,-5.0,-4.51745379876797,https://medicalxpress.com/news/2025-05-broken-mental-health-tiny-cell.html,2025-05-01,regular,
1240707740,20250428,USA,GBR,172,17,-5.0,-5.79710144927536,https://www.bbc.com/news/articles/cvg95j7e25ro,2025-04-28,regular,
1240904012,20250429,USA,USA,100,10,-5.0,0.87719298245614,https://vtdigger.org/2025/04/29/conservative-group-challenging-noncitizen-voting-in-burlington-appeals-to-vermont-supreme-court/,2025-04-29,regular,
1241371147,20250502,USA,USA,100,10,-5.0,-5.35168195718655,https://tulsaworld.com/news/state-regional/government-politics/article_7aa11e07-957b-4ab2-b197-929c220537da.html,2025-05-02,regular,
1240625576,20250428,RUS,USA,130,13,-4.4,-5.94405594405594,https://www.bankingnews.gr/diethni/articles/799687/synagermos-sti-syria-kyvernitikes-dynameis-anoiksan-pyr-se-rosiko-metagogiko-ypopta-drones-parakolouthoyn-ti-khmeimim,2025-04-28,regular,
1240671767,20250428,RUS,FIN,154,15,-7.2,-1.51975683890577,https://dorzeczy.pl/swiat/720360/rosja-zamierza-przesunac-wojska-na-granicez-finlandia.html,2025-04-28,regular,
1241771931,20250504,USA,CAN,130,13,-4.4,-1.9704433497537,https://thecaribbeancamera.com/canada-chooses-stability-over-populism/,2025-05-04,regular,
1241047241,20250430,GBR,GBR,173,17,-5.0,-7.63052208835341,https://www.express.co.uk/news/uk/2048746/Richard-Burrows-scout-leader-jailed-sex-offences,2025-04-30,regular,
1240860354,20250429,USA,,100,10,-5.0,-4.01529636711281,https://www.dw.com/en/100-days-of-trump-us-recession-looms-as-bold-promises-burst/a-72374395,2025-04-29,regular,
1241086767,20250430,USA,USA,162,16,-5.6,-1.2720156555773,https://marylandreporter.com/2025/04/30/state-roundup-trump-cuts-to-maryland-schools-will-still-be-deep-but-not-as-deep-as-first-thought-state-leads-coalition-to-save-americorps/,2025-04-30,regular,
1241509261,20250502,USA,RUS,173,17,-5.0,-2.85437832607644,https://www.theaquarian.com/2025/05/02/the-freak-show-russian-roulette/,2025-05-02,regular,
1241395336,20250502,,EUR,154,15,-7.2,-2.69360269360269,https://nuclear-news.net/2025/05/02/2-b1-europe-is-drilling-for-world-war-iii/,2025-05-02,regular,
1241663837,20250503,USA,USA,138,13,-7.0,-0.5249343832021,https://www.mediaite.com/news/trade-should-not-be-a-weapon-warren-buffett-gives-final-warning-as-ceo-on-trump-tariffs-without-saying-his-name/,2025-05-03,regular,
1241305048,20250501,,USA,173,17,-5.0,-9.63257199602785,https://www.al.com/politics/2025/05/mo-brooks-trump-looks-to-alabama-to-rescue-his-falling-poll-numbers.html,2025-05-01,regular,
1241282899,20250501,,DEU,143,14,-6.5,-2.12765957446808,https://www.deutschlandfunk.de/kommentar-zum-arbeitgeber-kirche-sonderregelungen-schaden-der-glaubwuerdigkeit-100.html,2025-05-01,regular,
1241776693,20250504,USA,USA,173,17,-5.0,-6.1688311688312,https://www.wbls.com/news/justice-ketanji-brown-jackson-condemns-trumps-relentless-attacks-on-judges/,2025-05-04,regular,
1241628891,20250503,ARE,USA,100,10,-5.0,-4.50856627592425,https://www.forbes.com/sites/pauliddon/2025/05/03/prospects-and-challenges-of-a-yemeni-ground-offensive-against-houthis/,2025-05-03,regular,
1241621887,20250503,USA,,173,17,-5.0,-6.32805995004163,https://jonathanturley.org/2025/05/03/squatter-syndrome-how-the-inefficiencies-of-our-legal-system-is-making-a-mockery-of-our-immigration-laws/comment-page-2/,2025-05-03,regular,
1241054873,20250430,RUS,UKR,100,10,-5.0,-3.07017543859649,https://vn.20minut.ua/lyudi/krizhopilskiy-sud-rozglyadae-spravu-pro-podil-milyardiv-poroshenkiv-ch-11960611.html,2025-04-30,regular,
1241514888,20250502,USA,USA,180,18,-9.0,-2.74636510500808,https://townhall.com/columnists/tomknighton/2025/05/02/while-left-wants-ban-on-assault-weapons-theyre-the-reason-they-wont-get-one-n2656467,2025-05-02,regular,
1240827413,20250429,,USA,172,17,-5.0,-0.95890410958904,https://www.cjr.org/analysis/karoline-leavitt-surreal-briefing-room-trump-press-pool.php,2025-04-29,regular,
1241519334,20250502,PSE,USA,173,17,-5.0,-14.9082568807339,https://www.aol.com/news/illinois-man-sentenced-53-years-172315874.html,2025-05-02,regular,
1240763050,20250429,RUS,,180,18,-9.0,0.0,https://lenta.ru/news/2025/04/29/v-gosdume-soobschili-o-skorom-okruzhenii-krasnoarmeyska-v-dnr/,2025-04-29,regular,
1241090244,20250430,GBR,USA,173,17,-5.0,-4.3046357615894,https://www.unionleader.com/news/crime/woman-accused-of-performing-cosmetic-procedures-without-a-license-in-apartment-now-in-ice-custody/article_cde2abc6-076b-46a7-bf1b-d25c0abad180.html,2025-04-30,regular,
1241259859,20250501,PRK,RUS,154,15,-7.2,-2.76073619631902,https://www.kyivpost.com/post/51839,2025-05-01,regular,
1241280974,20250501,OMN,USA,161,16,-4.0,-3.08880308880309,https://parsi.euronews.com/2025/05/01/iran-us-nuclear-talks-postponed-oman-logistical-reasons-may-3-meeting-delayed,2025-05-01,regular,
1241217773,20250501,USA,,100,10,-5.0,-4.26894343649946,https://auto.economictimes.indiatimes.com/news/commercial-vehicle/house-votes-to-repeal-californias-clean-truck-policies/120787832,2025-05-01,regular,
1241052844,20250430,GBR,IRL,180,18,-9.0,-3.80434782608696,https://www.irishnews.com/news/northern-ireland/gerry-adams-tells-court-he-liked-but-did-not-have-many-dealings-with-british-spy-denis-donaldson-KCS572HCMVL2JBOXYBRGXZL2TE/,2025-04-30,regular,
1241529051,20250502,EUR,FRA,172,17,-5.0,-4.36681222707424,https://www.wyomingnewsnow.tv/news/national/trump-team-lashes-out-at-germany-for-censure-of-far-right-group/article_dda49255-b525-58de-b5d8-074d7fb28b54.html,2025-05-02,regular,
1241506779,20250502,RUS,TGO,181,18,-9.0,-0.99502487562189,https://charter97.org/en/news/2025/5/2/639182/,2025-05-02,regular,
1240699523,20250428,USA,,173,17,-5.0,-6.85920577617328,https://www.wymt.com/2025/04/28/former-fire-chief-treasurer-indicted-perry-co/,2025-04-28,regular,
1241292794,20250501,,USA,160,16,-4.0,-2.94117647058823,https://www.elpreg.org/comunidad/universidades-de-%C3%A9lite-en-el-foco-de-la-casa-blanca,2025-05-01,regular,
1240782827,20250429,UKR,RUS,180,18,-9.0,-3.66666666666666,https://www.digi24.ro/stiri/externe/expulzarea-fortelor-ucrainene-din-kursk-de-catre-rusia-elimina-un-obstacol-in-calea-pacii-scrie-reuters-3218353,2025-04-29,regular,
1240937315,20250430,RUS,RUS,100,10,-5.0,-4.67153284671533,https://www.singletonargus.com.au/story/8954345/us-calls-for-concrete-proposals-to-end-ukraine-war/,2025-04-30,regular,
1240801436,20250429,,GBR,173,17,-5.0,-8.43373493975899,https://www.scottishconstructionnow.com/articles/four-imprisoned-for-demolition-industry-corruption-worth-over-ps600000,2025-04-29,regular,
1241121966,20250430,USA,,130,13,-4.4,-0.57803468208093,https://citylimits.org/opinion-the-housing-zoning-tools-nyc-needs-to-fix-whats-broken/,2025-04-30,regular,
1241335881,20250501,USA,,1383,13,-7.0,-10.6837606837607,https://943thepoint.com/ixp/385/p/little-egg-harbor-bomb-hoax/,2025-05-01,regular,
1241463537,20250502,,USA,173,17,-5.0,-6.70103092783505,https://pasoroblesdailynews.com/sheriffs-office-detectives-arrest-suspects-in-auto-scam/211004/,2025-05-02,regular,
1240529268,20250428,RUS,UKR,100,10,-5.0,-2.23450546865812,https://www.yourdemocracy.net.au/drupal/node/55200,2025-04-28,regular,
1240506863,20250428,USA,,173,17,-5.0,5.64738292011019,https://efe.com/cultura/2025-04-28/premios-platino-xii-edicion-alfombra-roja-eva-longoria-moda/,2025-04-28,regular,
1241403726,20250502,RUS,,100,10,-5.0,-2.84552845528455,https://www.newsday.co.zw/local-news/article/200041399/chinhoyi-gets-substantive-chamber-secretary,2025-05-02,regular,
1241761449,20250504,USA,GBR,1044,10,-5.0,4.25531914893617,https://turnto10.com/news/local/rhode-island-celebrates-its-249th-independence-day-state-house-providence-independence-roger-williams-may-4-2025,2025-05-04,regular,
1241034629,20250430,USA,,180,18,-9.0,-13.953488372093,https://www.newsonjapan.com/article/145593.php,2025-04-30,regular,
1240531102,20250428,USA,,180,18,-9.0,-7.88530465949821,https://www.canberratimes.com.au/story/8952797/trump-calls-virginia-giuffres-death-a-horrible-thing/,2025-04-28,regular,
1241493920,20250502,USA,,134,13,-5.8,-5.84415584415584,https://www.fox26houston.com/news/south-houston-milan-machete-houston-federally-charged-fbi,2025-05-02,regular,
1240913019,20250429,FRA,CHN,139,13,-7.0,6.33147113594041,http://www.ctgtribune.com/news/20250430_878138.html,2025-04-29,regular,
1240702530,20250428,,USA,173,17,-5.0,-9.1381035428403,https://www.clickorlando.com/news/national/2025/04/28/louisiana-death-row-conviction-overturned-as-mans-lawyers-cite-faulty-forensic-analysis/,2025-04-28,regular,
1241044298,20250430,GBR,,173,17,-5.0,-7.46268656716418,https://www.dailyrecord.co.uk/in-your-area/lanarkshire/biker-club-founder-terrified-female-35143735,2025-04-30,regular,
1246106123,20250526,RUS,FIN,172,17,-5.0,-1.23223774374264,https://www.teraz.sk/zahranicie/finsko-si-predvolalo-ruskeho-velvysla/880928-clanok.html,2025-05-26,regular,
1246501276,20250528,RUS,UKR,180,18,-9.0,-4.4392523364486,https://mb.com.ph/2025/05/28/zelenskyy-visits-berlin-as-he-seeks-more-support-for-ukraine-in-the-war-against-russia,2025-05-28,regular,
1246929788,20250530,GBR,PSE,130,13,-4.4,-1.24610591900311,https://telegrafi.com/macron-tregoi-shtate-kushtet-e-frances-qe-ta-njohe-si-shtet-palestinen/,2025-05-30,regular,
1246156949,20250526,RUS,,1721,17,-5.0,-2.08333333333334,https://ansabrasil.com.br/brasil/noticias/cultura/2025/05/26/teatro-alla-scala-abrira-temporada-com-opera-russa-censurada_1f283bef-6449-4527-8591-9e577b7b05e1.html,2025-05-26,regular,
1246848108,20250530,USA,,173,17,-5.0,-3.30383480825958,https://www.santafenewmexican.com/news/local_news/advocates-population-swells-in-new-mexico-ice-detention-center-in-torrance-county/article_1a347ab1-c8bc-4243-b0cc-249422870544.html,2025-05-30,regular,
1247228699,20250601,UKR,RUS,180,18,-9.0,-4.66595001721364,https://www.inewsgr.com/93/i-oukrania-exapelyse-maziki-epithesi-me-drones-enantion-aeroporikon-vaseon-sti-rosia--katastrafikan-40-rosika-vomvardistika.htm,2025-06-01,regular,
1247090884,20250531,FRA,ISR,131,13,-5.8,-6.52173913043478,https://en.tempo.co/read/2012767/macron-threatens-sanctions-on-israelis-as-gaza-faces-aid-crisis,2025-05-31,regular,
1246358675,20250527,HRV,EUR,1044,10,-5.0,-3.67604824813326,https://consortiumnews.com/2025/05/27/diana-johnstone-serbias-organized-chaos/,2025-05-27,regular,
1246199897,20250527,USA,,173,17,-5.0,-3.20284697508897,https://www.yahoo.com/news/kansas-city-woman-sentenced-covid-003300388.html,2025-05-27,regular,
1246373520,20250527,,USA,173,17,-5.0,-11.3178294573644,https://www.legalnewsline.com/southeast-texas-record/southeast-texas-record/student-pimped-out-by-teacher-blames-school-too-late/article_7b656389-755b-4523-926d-700be4871812.html,2025-05-27,regular,
1246791581,20250529,RUS,KOR,1384,13,-7.0,-3.45821325648415,https://korrespondent.net/world/4786111-razvedka-uznala-chem-putyn-otplatyl-kym-chen-ynu-za-uchastye-v-voine,2025-05-29,regular,
1246688202,20250529,CHN,,100,10,-5.0,-3.74149659863946,https://expert.ru:443/news/sud-v-ssha-priznal-vvedennye-donaldom-trampom-poshliny-nezakonnymi/,2025-05-29,regular,
1246712663,20250529,,CHN,160,16,-4.0,-10.7142857142857,https://alwasat.ly/news/international/478334,2025-05-29,regular,
1247263265,20250601,,USA,173,17,-5.0,-3.11284046692607,https://www.dailyherald.com/20250601/crime/mchenry-woman-70-charged-in-2003-wisconsin-killing/,2025-06-01,regular,
1246818581,20250529,,USA,173,17,-5.0,-11.764705882353,https://www.dailyindependent.com/news/man-charged-with-burglary-indecent-exposure/article_516a7b14-95ac-46bd-93de-85bfa86e5270.html,2025-05-29,regular,
1246188843,20250527,USA,,141,14,-6.5,0.6588579795022,https://arabamericannews.com/2009/01/10/News-briefs/?t=1748303114,2025-05-27,regular,
1246437704,20250528,,RUS,130,13,-4.4,-3.22834645669292,https://www.digi24.ro/stiri/externe/cum-se-pregateste-ucraina-sa-infrunte-ofensiva-de-vara-a-rusiei-si-cat-ar-trebui-sa-dureze-razboiul-ca-rusii-sa-isi-atinga-obiectivele-3258287,2025-05-28,regular,
1246168596,20250526,USA,,130,13,-4.4,-4.77326968973747,https://azcapitoltimes.com/news/2025/05/26/when-will-arizona-republicans-wake-up-to-the-threat-of-anti-vaccine-misinformation/,2025-05-26,regular,
1246553660,20250528,USA,,100,10,-5.0,1.12359550561798,https://www.colombia.com/deportes/giro-de-italia/como-quedo-egan-bernal-y-einer-rubio-en-la-general-tras-la-etapa-17-del-giro-de-italia-2025-521034,2025-05-28,regular,
1246224477,20250527,,USA,143,14,-6.5,-2.89855072463768,https://www.theepochtimes.com/epochtv/medicaid-purge-would-remove-illegal-immigrants-and-some-able-bodied-americans-5863809,2025-05-27,regular,
1246700437,20250529,JPN,,173,17,-5.0,0.0,https://www.agenzianova.com/news/dazi-usa-il-mediatore-del-giappone-acquistare-armamenti-puo-riequilibrare-la-bilancia-commerciale/,2025-05-29,regular,
1246976332,20250530,,RUS,180,18,-9.0,-3.73692077727952,https://korrespondent.net/ukraine/4786342-letniaia-kampanyia-rossyy-protyv-ukrayny-prohnozy,2025-05-30,regular,
1246995163,20250530,USA,,173,17,-5.0,-5.95238095238095,https://www.mlive.com/news/2025/05/ex-house-speaker-lee-chatfield-to-stand-trial-for-alleged-misuse-of-funds.html,2025-05-30,regular,
1247139853,20250531,RUS,UKR,100,10,-5.0,-5.59006211180124,https://www.yahoo.com/news/ukraine-evacuates-more-locations-sumy-161223993.html,2025-05-31,regular,
1246908611,20250530,RUS,UKR,100,10,-5.0,11.304347826087,https://life.ru/p/1756837,2025-05-30,regular,
1246572380,20250528,,FRA,173,17,-5.0,-13.2075471698113,https://article.wn.com/view/2025/05/28/French_court_jails_pedophile_surgeon_for_20_years_over_abuse/,2025-05-28,regular,
1247068015,20250531,RUS,TUR,173,17,-5.0,1.15236875800256,https://www.aol.co.uk/must-real-trump-abandoning-ukraine-050000239.html,2025-05-31,regular,
1246908297,20250530,EUR,RUS,172,17,-5.0,0.44642857142857,https://www.danas.rs/vesti/politika/srbija-i-rusija-rade-na-jacanju-vazduhoplovnih-veza-kaze-ambasador-srbije-u-moskvi/,2025-05-30,regular,
1246064700,20250526,RUS,UKR,138,13,-7.0,-5.98802395209581,https://nr2.com.ua/politika/2025/05/26/rossiya-planiruet-novoe-nastuplenie-kakie-tri-ukrainskie-oblasti-pod-ugrozoj/,2025-05-26,regular,
1246246691,20250527,RUS,,173,17,-5.0,-6.13207547169808,https://news.mail.ru/incident/66307289/,2025-05-27,regular,
1246466983,20250528,RUS,UKR,180,18,-9.0,-6.04133545310016,https://www.durangoherald.com/articles/zelenskyy-visits-berlin-as-he-seeks-more-support-for-ukraine-in-the-war-against-russia/,2025-05-28,regular,
1247088643,20250531,CHN,,130,13,-4.4,0.86767895878525,https://www.prabhasakshi.com/international/china-secret-agency-shook-the-world-for-the-first-time-india-saw-the-brain-of-chanakya,2025-05-31,regular,
1247101933,20250531,RUS,UKR,173,17,-5.0,-4.37086092715231,https://www.rferl.org/a/russia-ukraine-sumy-kherson-instanbul/33430303.html,2025-05-31,regular,
1246249552,20250527,KOR,JPN,164,16,-7.0,0.315457413249216,https://www.koreaherald.com/article/10496958,2025-05-27,regular,
1246754603,20250529,USA,,173,17,-5.0,-0.27624309392265,https://nypost.com/2025/05/29/entertainment/todd-julie-chrisley-returning-to-reality-tv-after-prison-releases/,2025-05-29,regular,
1247273282,20250601,ISR,USA,180,18,-9.0,-2.11693548387096,https://www.dailysignal.com/2025/06/01/elias-rodriguez-son-the-lefts-revolutionary-ecosystem/,2025-06-01,regular,
1248107146,20250529,USA,,130,13,-4.4,-14.7058823529412,https://www.wtol.com/article/news/crime/caregiver-pleads-not-guilty-to-new-charge-in-death-of-man-tangled-in-harness/512-cb041e11-8a48-4d2b-8d87-2ed6fb511132,2025-05-29,regular,
1247058556,20250531,,USA,173,17,-5.0,-11.8181818181818,https://www.nwaonline.com/news/2025/may/30/maynard-man-arrested-on-first-degree-murder-charge/,2025-05-31,regular,
1246627163,20250529,USA,,173,17,-5.0,-2.72193166079571,https://www.abcactionnews.com/news/national-news/trump-pardons-reality-show-couple-convicted-of-bank-fraud-and-tax-crimes,2025-05-29,regular,
1246897839,20250530,,GBR,130,13,-4.4,-3.81944444444444,https://www.darlingtonandstocktontimes.co.uk/news/national/25199994.farage-introducing-poison-politics-warns-starmer-amid-row-reform-ad/,2025-05-30,regular,
1246198420,20250527,,DEU,174,17,-5.0,2.88713910761155,https://www.vesti-online.com/festival-i-simpozijum-posveceni-ljubici-maric/,2025-05-27,regular,
1246584170,20250528,,GBR,173,17,-5.0,-12.1673003802281,https://saudigazette.com.sa/article/652229/World/Andrew-and-Tristan-Tate-charged-with-rape-and-trafficking-in-UK-extradition-pending,2025-05-28,regular,
1246543251,20250528,RUS,RUS,186,18,-10.0,-3.00442757748261,https://www.yahoo.com/news/germany-help-ukraine-produce-long-145208637.html,2025-05-28,regular,
1246565607,20250528,GBR,GBR,1821,18,-9.0,-13.6054421768708,https://abc17news.com/news/national-world/cnn-world/2025/05/28/uk-prosecutors-confirm-charges-against-tate-brothers-including-rape-and-human-trafficking/,2025-05-28,regular,
1246120720,20250526,GBR,,173,17,-5.0,-10.6446776611694,https://www.dailystar.co.uk/news/latest-news/feuding-families-scrap-baby-shower-35288630,2025-05-26,regular,
1246608675,20250528,USA,,180,18,-9.0,-13.9784946236559,https://www.yahoo.com/news/former-dekalb-officer-takes-plea-212428974.html,2025-05-28,regular,
1246562217,20250528,,USA,173,17,-5.0,-10.546875,https://drgnews.com/2025/05/28/mclaughlin-man-sentenced-to-4-years-in-federal-prison-for-assault-with-a-dangerous-weapon/,2025-05-28,regular,
1246868236,20250530,,DEU,130,13,-4.4,-6.06544293695131,https://www.newsru.co.il/israel/30may2025/idf_urim.html,2025-05-30,regular,
1246134838,20250526,UKR,RUS,100,10,-5.0,-6.89655172413793,https://www.zazoom.it/2025-05-26/putin-costretti-ad-agire-in-ucraina-accusa-kiev-di-violenze-nel-donbass/17060424/,2025-05-26,regular,
1246264277,20250527,USA,USA,154,15,-7.2,-1.06951871657754,https://tribune.net.ph/2025/05/27/navy-denies-nmesis-deployment-in-kamandag-is-a-threat-to-any-country,2025-05-27,regular,
1246601341,20250528,USA,,173,17,-5.0,-6.61157024793389,https://www.winnipegfreepress.com/world/2025/05/28/trump-pardons-former-ny-rep-michael-grimm-after-tax-fraud-conviction,2025-05-28,regular,
1247214856,20250601,,USA,1821,18,-9.0,-6.79314565483477,https://www.cleveland.com/court-justice/2025/05/he-will-get-his-some-day-how-a-facebook-friend-request-led-to-a-fatal-shooting-in-the-cuyahoga-valley-national-park.html,2025-06-01,regular,
1246174874,20250526,USA,,173,17,-5.0,-5.61031084154662,https://dailyinterlake.com/news/2025/may/26/ag-knudsen-blasts-gallatin-county-attorney-for-advising-against-ice-contract/,2025-05-26,regular,
1247184901,20250601,USA,,173,17,-5.0,10.3448275862069,https://www.tvguide.co.uk/schedule/2df81c05-cf31-5fb8-ba12-54ddc8c17b7e/my-lottery-dream-home,2025-06-01,regular,
1246041962,20250526,CHN,,100,10,-5.0,-0.99337748344371,https://gcaptain.com/china-criticises-plan-to-return-darwin-port-to-australian-ownership/,2025-05-26,regular,
1246901581,20250530,RUS,RUS,173,17,-5.0,-10.2040816326531,https://ria.ru/20250530/gorbunov-2019923915.html,2025-05-30,regular,
1246620787,20250529,,USA,173,17,-5.0,-6.60888407367281,https://www.nbcnewyork.com/news/national-international/grant-hardin-devil-in-ozarks-arkansas-prison-escape/6281571/,2025-05-29,regular,
1247089730,20250531,USA,,173,17,-5.0,-6.3389391979301,https://www.arkansasonline.com/news/2025/may/31/us-begins-move-to-toss-boeings-criminal-charge/,2025-05-31,regular,
1247146323,20250531,DEU,HUN,173,17,-5.0,-6.73469387755102,https://www.hna.de/niedersachsen/rechtsextremist-soll-afd-mitglied-gewesen-sein-partei-spricht-von-betrug-93762495.html,2025-05-31,regular,
1247382728,20250526,,USA,173,17,-5.0,-4.52572845629262,https://thefederalist.com/2025/06/02/latest-fbi-revelations-show-the-mueller-special-counsel-was-a-cover-up-and-much-more/,2025-05-26,regular,
1246814633,20250529,,USA,130,13,-4.4,-0.684931506849312,https://www.zf.ro/burse-fonduri-mutuale/investitori-din-intreaga-lume-pariaza-pe-efortul-de-reinarmare-al-22820359,2025-05-29,regular,
1246457537,20250528,USA,,173,17,-5.0,4.66101694915255,https://www.forensicmag.com/3594-All-News/619515-University-Supreme-Court-Launch-Online-Mental-Health-Evaluation-Certification/,2025-05-28,regular,
1247095226,20250531,,GBR,173,17,-5.0,-7.02702702702702,https://www.walesonline.co.uk/news/uk-news/man-known-mr-italy-before-31760866,2025-05-31,regular,
1246946656,20250530,USA,,1821,18,-9.0,-5.01567398119122,https://www.minnpost.com/glean/2025/05/ohio-man-who-killed-minneapolis-man-ruled-not-guilty-due-to-mental-illness/,2025-05-30,regular,
1246726134,20250529,RUS,,100,10,-5.0,1.36054421768708,https://www.ridus.ru/deputat-venislavskij-kiev-mozhet-snyat-ogranichenie-vyezd-ukraincev-23-24-let-632975.html,2025-05-29,regular,
1246656175,20250529,CHN,,130,13,-4.4,-7.38636363636364,https://www.hindustantimes.com/india-news/team-trump-uses-india-pak-ceasefire-to-justify-tariffs-court-rejects-defence-101748491923263.html,2025-05-29,regular,
1247029520,20250530,USA,,172,17,-5.0,0.2212389380531,https://www.yahoo.com/news/seized-assets-auctions-set-wichita-205330234.html,2025-05-30,regular,
1246488190,20250528,EUR,,100,10,-5.0,-8.80829015544038,https://www.emakedonia.gr/thessaloniki-ekdidetai-o-17chronos-polonos-poy-sinelifthi-ghia-tin-aghria-dolofonia-16chronis,2025-05-28,regular,
1246266965,20250527,,CHN,180,18,-9.0,-0.30211480362538,https://www.dailyjanakantha.com/international/news/810316,2025-05-27,regular,
1246429243,20250528,RUS,,172,17,-5.0,0.9009009009009,https://sia.ru/?section=484&action=show_news&id=16815540,2025-05-28,regular,
1246394997,20250528,,USA,180,18,-9.0,-6.71140939597315,https://theeagle.com/news/local/crime-courts/article_c1cf4eaa-4ccd-4319-849a-362228b9dea7.html,2025-05-28,regular,
1246042749,20250526,UKR,RUS,100,10,-5.0,-10.3092783505154,https://economictimes.indiatimes.com/news/international/us/trump-calls-putin-crazy-predicts-russias-downfall-due-to-the-ukraine-war/articleshow/121405561.cms,2025-05-26,regular,
1246820024,20250529,USA,USA,173,17,-5.0,-6.55737704918033,https://www.wcvb.com/article/berlin-firefighter-child-porn-arrest/64920426,2025-05-29,regular,
1246650559,20250529,,RUS,1712,17,-9.2,-4.58715596330275,https://www.amic.ru/news/chastnyy-dom-sgorel-v-sele-pod-aleyskom-563082,2025-05-29,regular,
1246861459,20250530,,GBR,130,13,-4.4,1.3215859030837,https://www.breitbart.com/europe/2025/05/29/sir-ian-mckellen-producing-shakespeares-twelfth-night-with-all-transgender-non-binary-cast/,2025-05-30,regular,
1246141676,20250526,,USA,1821,18,-9.0,-6.20204603580563,https://nypost.com/2025/05/26/us-news/eerie-final-interview-with-accused-tylenol-murderer-james-lewis-revealed-in-new-chilling-doc/,2025-05-26,regular,
1246049872,20250526,RUS,,130,13,-4.4,-4.16666666666666,https://maktel.mk/slider/%D1%82%D1%80%D0%B0%D0%BC%D0%BF-%D0%BF%D1%83%D1%82%D0%B8%D0%BD-%D1%82%D0%BE%D1%82%D0%B0%D0%BB%D0%BD%D0%BE-%D0%BE%D0%B4%D0%BB%D0%B5%D0%BF%D0%B8-%D0%BE%D0%B2%D0%B8%D0%B5-%D0%B4%D0%B5%D0%BD%D0%BE%D0%B2/,2025-05-26,regular,
1246796578,20250529,JPN,,164,16,-7.0,-0.46511627906977,https://www.ilfoglio.it/televisione/2025/05/29/news/continuano-a-succedere-cose-assurde-in-un-posto-al-sole-michele-torna-a-camminare-7779352/,2025-05-29,regular,
1247126665,20250531,USA,USA,172,17,-5.0,-0.625,https://www.financialexpress.com/world-news/mit-bans-megha-vemuri-family-from-graduation-ceremony-after-her-pro-palestine-speech-at-may-29-event/3864151/,2025-05-31,regular,
1246207255,20250527,GBR,,180,18,-9.0,-2.77966101694915,https://indianexpress.com/article/cities/delhi/delhi-bride-murdered-by-husband-in-london-7-months-on-hes-untraced-10030940/,2025-05-27,regular,
1246257314,20250527,USA,,160,16,-4.0,-0.94191522762951,https://abcnews.go.com/US/spacex-launch-9th-flight-test-starship-spacecraft-after/story?id=122204009,2025-05-27,regular,
1246672351,20250529,RUS,,138,13,-7.0,-4.33526011560694,https://rodina-history.ru/2025/05/29/rossiia-dolzhna-byt-likvidirovana-srok-vesna-1941-goda.html,2025-05-29,regular,
1246197552,20250527,,USA,130,13,-4.4,-4.97237569060774,https://www.independentsentinel.com/scott-pelley-angry-unhinged-commencement-speech/,2025-05-27,regular,
1246323877,20250527,,EUR,130,13,-4.4,-2.28310502283105,https://www.yahoo.com/news/spains-eu-partners-punt-catalan-151418435.html,2025-05-27,regular,
1246860898,20250530,USA,MHL,173,17,-5.0,-10.8527131782946,https://www.2news.com/townnews/crime/two-convicted-sex-offenders-arrested-by-ice-in-northern-nevada/article_6de5d000-1986-4589-b674-5dad6e4ead73.html,2025-05-30,regular,
1247248548,20250601,RUS,,180,18,-9.0,-10.0,https://www.kathimerini.gr/world/563644234/oykrania-i-megalyteri-rosiki-epithesi-me-drones-ston-polemo-12-nekroi-stratiotes/,2025-06-01,regular,
1246939990,20250530,BGD,USA,100,10,-5.0,-9.93091537132988,https://arabamericannews.com/2025/05/30/city-manager-garbarino-suspended-as-hamtramck-crisis-deepens/,2025-05-30,regular,
1246924243,20250530,USA,,172,17,-5.0,-5.42420027816412,https://www.yahoo.com/news/repercussions-homeland-security-official-targets-100054623.html,2025-05-30,regular,
1246618297,20250529,USA,,173,17,-5.0,-5.8968058968059,https://www.newwestrecord.ca/national-news/men-get-prison-for-human-smuggling-after-migrants-freeze-to-death-at-border-10723458,2025-05-29,regular,
1246531275,20250528,LVA,RUS,138,13,-7.0,0.12970168612192,https://www.euronews.com/my-europe/2025/05/28/shooting-training-at-schools-and-dragon-teeth-at-the-border-latvia-is-preparing-for-an-eme,2025-05-28,regular,
1247250671,20250601,UKR,RUS,138,13,-7.0,-5.21327014218009,https://www.moneycontrol.com/world/terrorist-attack-russia-confirms-ukrainian-drone-strikes-on-airfields-article-13083169.html,2025-06-01,regular,
1246509218,20250528,RUS,,173,17,-5.0,-8.04597701149425,https://www.theregister.com/2025/05/28/russian_it_pro_sentenced_to/,2025-05-28,regular,
1247103276,20250531,CHN,RUS,130,13,-4.4,-11.214953271028,https://www.globalsecurity.org/wmd/library/news/ukraine/2025/05/ukraine-250531-globaltimes01.htm,2025-05-31,regular,
1246589846,20250528,GBR,,1384,13,-7.0,-1.18764845605701,http://www.bignewsnetwork.com/news/278245604/uk-eyeing-permanent-arctic-military-presence-telegraph,2025-05-28,regular,
1246161013,20250526,,USA,173,17,-5.0,-4.42804428044281,https://wobm.com/ixp/564/p/egg-harbor-twp-nj-man-charged-in-gas-station-robbery-and-possibly-more/,2025-05-26,regular,
1246725270,20250529,USA,USA,172,17,-5.0,-1.64473684210526,https://www.nj.com/mosaic/2025/05/end-of-birthright-citizenship-would-cause-chaos-nj-ag-says.html,2025-05-29,regular,
1247035590,20250531,,USA,174,17,-5.0,-5.97243491577336,https://www.bransontrilakesnews.com/news/national/article_30ffa4fb-e984-597e-b871-3db26d80b2bb.html,2025-05-31,regular,
1247057114,20250531,CHN,CHN,100,10,-5.0,-1.7156862745098,https://us.cnn.com/2025/05/30/asia/us-hegseth-defense-china-threat-shangri-la-intl-hnk,2025-05-31,regular,
1246938553,20250530,USA,,160,16,-4.0,-3.7037037037037,https://allhiphop.com/news/megan-thee-stallion-blasts-tory-lanezs-website-move/,2025-05-30,regular,
1246555111,20250528,USA,USA,180,18,-9.0,-2.54237288135593,https://www.yahoo.com/news/sexual-assault-boston-paul-revere-160842860.html,2025-05-28,regular,
1309703361,20250618,USA,,1053,10,-5.0,-2.95857988165681,https://theworldlink.com/news/delayed-fisheries-disaster-funding-released-oregon-to-receive-2-4m/article_e35e56fd-0b85-5d54-97e4-7d4b57fa465a.html,2025-06-18,targeted,Iran-Israel conflict escalation / Strait of Hormuz tension
1253241963,20250621,USA,,173,17,-5.0,-10.2857142857143,https://www.yahoo.com/news/state-sen-nicole-mitchell-resign-174500032.html,2025-06-21,targeted,Iran-Israel conflict escalation / Strait of Hormuz tension
1253171936,20250621,IRN,USA,173,17,-5.0,-11.038961038961,https://indianexpress.com/article/explained/explained-global/afghan-refugees-iran-10140104/,2025-06-21,targeted,Iran-Israel conflict escalation / Strait of Hormuz tension
1310279051,20250622,USA,,173,17,-5.0,-2.39463601532567,https://www.nbcconnecticut.com/news/local/charmed-by-a-contractor-six-homeowners-share-similar-stories-about-the-same-man/3747641/,2025-06-22,targeted,Iran-Israel conflict escalation / Strait of Hormuz tension
1309180169,20250616,USA,,173,17,-5.0,-9.27318295739348,https://www.tribuneledgernews.com/local_news/crime/georgia-man-convicted-of-assaulting-partner-at-canton-hotel/article_d0c63dd0-71f6-43cc-bb61-0426ebffe4b4.html,2025-06-16,targeted,Iran-Israel conflict escalation / Strait of Hormuz tension
1309487064,20250617,USA,USA,172,17,-5.0,-1.41509433962264,https://gizmodo.com/illinois-could-become-the-first-state-to-ban-drivers-from-wearing-smart-glasses-2000772999,2025-06-17,targeted,Iran-Israel conflict escalation / Strait of Hormuz tension
1252499374,20250617,,JPN,1821,18,-9.0,-6.46766169154228,https://www.tokyoreporter.com/japan-news/breaking/nepalese-man-accused-of-raping-woman-in-arakawa-park-toilet/,2025-06-17,targeted,Iran-Israel conflict escalation / Strait of Hormuz tension
1309648954,20250618,USA,,173,17,-5.0,-12.7450980392157,https://www.wlky.com/article/nick-houck-perjury-court-thursday-crystal-rogers/71618448,2025-06-18,targeted,Iran-Israel conflict escalation / Strait of Hormuz tension
1309796922,20250619,FRA,USA,130,13,-4.4,-2.54668930390492,https://www.livemint.com/news/us-news/us-launches-tariff-probe-against-germany-under-section-301-over-drug-pricing-what-does-it-mean-for-berlin-11781857392968.html,2025-06-19,targeted,Iran-Israel conflict escalation / Strait of Hormuz tension
1310047928,20250621,GBR,GBR,173,17,-5.0,-10.7438016528925,https://www.mirror.co.uk/news/uk-news/citibank-boss-bludgeoned-death-arrest-37326361,2025-06-21,targeted,Iran-Israel conflict escalation / Strait of Hormuz tension
1252542191,20250617,USA,CHN,173,17,-5.0,-4.56100342075257,https://www.sundayworld.com/crime/world-crime/face-of-drug-lord-nicknamed-thanos-arrested-in-kinahan-smuggling-network-sting/a1169015368.html,2025-06-17,targeted,Iran-Israel conflict escalation / Strait of Hormuz tension
1252784037,20250618,,GBR,171,17,-9.2,-7.75444264943457,https://www.aol.co.uk/man-arrested-glasgow-holding-sign-143335799.html,2025-06-18,targeted,Iran-Israel conflict escalation / Strait of Hormuz tension
1252304396,20250616,,USA,100,10,-5.0,-1.8363939899833,https://www.aljazeera.com/news/2025/7/16/france-uk-germany-to-reimpose-iran-sanctions-in-august-if-no-progress,2025-06-16,targeted,Iran-Israel conflict escalation / Strait of Hormuz tension
1309633272,20250618,VEN,USA,173,17,-5.0,-4.79041916167664,https://www.clickorlando.com/news/florida/2026/06/18/are-you-a-gang-member-this-new-florida-law-expands-what-it-means/,2025-06-18,targeted,Iran-Israel conflict escalation / Strait of Hormuz tension
1252655584,20250617,,USA,173,17,-5.0,-14.0625,https://www.clevelandjewishnews.com/jns/member-of-antisemitic-hate-group-arrested-for-alleged-assault-of-jewish-man-in-tennessee/article_b48f26a9-e12e-586a-b58a-bb2a85319b48.html,2025-06-17,targeted,Iran-Israel conflict escalation / Strait of Hormuz tension
1253299136,20250622,USA,,173,17,-5.0,-10.2941176470588,https://www.superiortelegram.com/news/local/douglas-county-man-accused-of-setting-fire-to-duluth-home,2025-06-22,targeted,Iran-Israel conflict escalation / Strait of Hormuz tension
1309912231,20250620,USA,,173,17,-5.0,-7.18171926006529,https://www.fox7austin.com/news/karmelo-anthony-trial-evidence-released,2025-06-20,targeted,Iran-Israel conflict escalation / Strait of Hormuz tension
1253279021,20250621,USA,,173,17,-5.0,-1.42045454545454,https://cbs6albany.com/news/local/representative-stefanik-expresses-concern-about-govenor-hochul,2025-06-21,targeted,Iran-Israel conflict escalation / Strait of Hormuz tension
1252302405,20250616,,USA,173,17,-5.0,-5.71095571095571,https://www.bristolpost.co.uk/news/bristol-news/monster-attacked-ex-girlfriend-babys-10344959,2025-06-16,targeted,Iran-Israel conflict escalation / Strait of Hormuz tension
1253426265,20250622,,USA,100,10,-5.0,-3.04259634888438,https://www.foxnews.com/politics/louisville-mayor-shifts-citys-immigration-policy-after-legal-threat-from-doj,2025-06-22,targeted,Iran-Israel conflict escalation / Strait of Hormuz tension
1253352422,20250622,,USA,172,17,-5.0,0.97847358121331,https://www.thecollegefix.com/uchicago-medicine-ends-gender-affirming-care-for-minors-after-trump-order/,2025-06-22,targeted,Iran-Israel conflict escalation / Strait of Hormuz tension
1252247794,20250616,USA,,186,18,-10.0,-2.96861747243427,https://www.kpbs.org/news/politics/2025/07/15/we-should-be-shocked-expert-on-rise-in-threats-to-elected-officials-says,2025-06-16,targeted,Iran-Israel conflict escalation / Strait of Hormuz tension
1253154534,20250621,GBR,,130,13,-4.4,0.75471698113207,https://londonlovesbusiness.com/profit-warnings-issued-by-uk-listed-companies-increase-by-20-year-on-year/,2025-06-21,targeted,Iran-Israel conflict escalation / Strait of Hormuz tension
1253306362,20250622,USA,,100,10,-5.0,-5.71428571428572,https://www.chicagotribune.com/2025/07/21/hyde-park-anti-semitic-graffiti/,2025-06-22,targeted,Iran-Israel conflict escalation / Strait of Hormuz tension
1252798213,20250618,USA,,173,17,-5.0,-11.1332007952286,https://nj1015.com/delaney-hall-escapee-captured/,2025-06-18,targeted,Iran-Israel conflict escalation / Strait of Hormuz tension
1310188754,20250622,POL,EUR,100,10,-5.0,-4.91803278688525,"https://wiadomosci.dziennik.pl/polityka/artykuly/11265775,romanowski-uciekl-do-serbii-tu-ena-nie-zadziala-jest-ruch-obroncy-polityka.html",2025-06-22,targeted,Iran-Israel conflict escalation / Strait of Hormuz tension
1252902269,20250619,HND,USA,173,17,-5.0,-6.26450116009281,http://www.rightspeak.net/2025/07/trump-border-czar-tom-homan-reveals.html,2025-06-19,targeted,Iran-Israel conflict escalation / Strait of Hormuz tension
1309225377,20250616,USA,,180,18,-9.0,-2.72585669781931,https://www.bankingnews.gr/diethni/articles/882072/arxise-60-imeres-prin-tin-ekriksi-vomva-cia-se-trump-to-iran-mas-koroideyei-gia-ta-pyrinika-sok-me-hormuz-oi-4-pliges-ton-ipa%20title=,2025-06-16,targeted,Iran-Israel conflict escalation / Strait of Hormuz tension
1309475176,20250617,,USA,173,17,-5.0,-7.2,https://www.mtpr.org/montana-news/2026-06-17/judge-says-legislative-immunity-doesnt-shield-ellsworth-from-prosecution,2025-06-17,targeted,Iran-Israel conflict escalation / Strait of Hormuz tension
1253177494,20250621,,USA,172,17,-5.0,-4.96400151572566,https://thebaffler.com/latest/reject-transgender-liberalism-gill-peterson,2025-06-21,targeted,Iran-Israel conflict escalation / Strait of Hormuz tension
1253005270,20250620,,USA,173,17,-5.0,-5.59440559440559,https://www.arkansasonline.com/news/2025/jul/19/ex-fort-smith-library-worker-faces-sexual/,2025-06-20,targeted,Iran-Israel conflict escalation / Strait of Hormuz tension
1309668701,20250618,USA,,154,15,-7.2,0.4,https://www.nbcnews.com/politics/2026-election/challenger-concedes-democratic-socialist-janeese-lewis-george-dc-mayor-rcna350458,2025-06-18,targeted,Iran-Israel conflict escalation / Strait of Hormuz tension
1253089859,20250620,GBR,,175,17,-9.0,-7.6056338028169,https://www.thewestmorlandgazette.co.uk/news/national/25327784.four-arrested-suspicion-terrorism-offences-pro-palestine-protest/,2025-06-20,targeted,Iran-Israel conflict escalation / Strait of Hormuz tension
1252396524,20250616,VEN,USA,173,17,-5.0,-3.72160463992267,https://havanatimes.org/news/international-news-briefs-for-wednesday-july-16-2025/,2025-06-16,targeted,Iran-Israel conflict escalation / Strait of Hormuz tension
1310027854,20250621,USA,,130,13,-4.4,-0.91743119266055,https://www.breitbart.com/politics/2026/06/20/georgia-senate-approves-bill-preserving-qr-code-ballots-through-202/,2025-06-21,targeted,Iran-Israel conflict escalation / Strait of Hormuz tension
1310167259,20250622,,USA,100,10,-5.0,-2.42311276794036,https://www.nhregister.com/news/article/ct-trump-denaturalization-immigration-22311341.php,2025-06-22,targeted,Iran-Israel conflict escalation / Strait of Hormuz tension
1252458000,20250617,,USA,100,10,-5.0,-5.66037735849056,https://coast1009.com/us-news/federal-judge-to-hear-arguments-on-abrego-garcias-detention-pending-trial/,2025-06-17,targeted,Iran-Israel conflict escalation / Strait of Hormuz tension
1309361802,20250616,USA,USA,173,17,-5.0,-5.97738287560582,https://nypost.com/2026/06/16/us-news/sam-bankman-fried-rebuffed-flirty-inmate-sending-bikini-photos-at-infamous-nyc-lockup-report/,2025-06-16,targeted,Iran-Israel conflict escalation / Strait of Hormuz tension
1309873551,20250619,TWN,CHN,150,15,-7.2,-0.19685039370079,https://www.taipeitimes.com/News/front/archives/2026/06/20/2003859413,2025-06-19,targeted,Iran-Israel conflict escalation / Strait of Hormuz tension
1252519320,20250617,,USA,173,17,-5.0,-3.93184796854522,https://www.asiaone.com/world/zelenskiy-aims-woo-both-public-and-trump-fresh-faced-ukraine-cabinet,2025-06-17,targeted,Iran-Israel conflict escalation / Strait of Hormuz tension
1310256255,20250622,USA,,173,17,-5.0,-7.85714285714286,https://www.local3news.com/local-news/tbi-cumberland-county-man-charged-with-arson/article_85bf043b-8ea8-4464-b245-5c2353e57770.html,2025-06-22,targeted,Iran-Israel conflict escalation / Strait of Hormuz tension
1253398768,20250622,GBR,WST,138,13,-7.0,0.0,https://athens-times.com/russia-monitors-reports-of-us-nuclear-weapons-deployment-in-uk/,2025-06-22,targeted,Iran-Israel conflict escalation / Strait of Hormuz tension
1310108137,20250621,SRB,USA,141,14,-6.5,-0.61624649859944,https://english.elpais.com/international/2026-06-20/how-the-trumps-seek-to-expand-their-real-estate-empire-in-europe.html,2025-06-21,targeted,Iran-Israel conflict escalation / Strait of Hormuz tension
1253158760,20250621,GRC,GBR,182,18,-9.5,-5.91397849462366,https://www.mirror.co.uk/news/world-news/breaking-horror-brit-tourist-found-35589580,2025-06-21,targeted,Iran-Israel conflict escalation / Strait of Hormuz tension
1309581475,20250618,USA,,173,17,-5.0,-9.71302428256074,https://www.fox26houston.com/news/harris-county-teen-party-shootings-suspect-charged-two,2025-06-18,targeted,Iran-Israel conflict escalation / Strait of Hormuz tension
1252525123,20250617,RUS,,163,16,-8.0,-5.05747126436781,"https://motoryzacja.interia.pl/wiadomosci/news-wielkie-obnizki-cen-paliw-na-horyzoncie-kiedy-bedzie-taniej,nId,22165456",2025-06-17,targeted,Iran-Israel conflict escalation / Strait of Hormuz tension
1253092771,20250620,USA,,173,17,-5.0,-11.1332007952286,https://943thepoint.com/ixp/385/p/delaney-hall-escapee-captured/,2025-06-20,targeted,Iran-Israel conflict escalation / Strait of Hormuz tension
1253073970,20250620,USA,,173,17,-5.0,-2.54054054054054,https://freerepublic.com/tag/*/index?more=4329738,2025-06-20,targeted,Iran-Israel conflict escalation / Strait of Hormuz tension
1252320895,20250616,USA,,160,16,-4.0,-1.48698884758365,https://www.inquirer.com/politics/nation/delaware-bans-immigration-customs-enforcement-partnership-20250716.html,2025-06-16,targeted,Iran-Israel conflict escalation / Strait of Hormuz tension
1309328733,20250616,FRA,ISR,172,17,-5.0,-5.24017467248909,https://www.presstv.ir/Detail/2026/06/16/770570/France-Israel-EU-Gaza-,2025-06-16,targeted,Iran-Israel conflict escalation / Strait of Hormuz tension
1252661501,20250618,,USA,130,13,-4.4,-1.01781170483461,https://ktar.com/arizona-politics-news/arizona-democrats-chairman/5729432/,2025-06-18,targeted,Iran-Israel conflict escalation / Strait of Hormuz tension
1309365789,20250617,USA,,173,17,-5.0,-7.42049469964664,https://urbanmilwaukee.com/2026/06/16/federal-judge-denies-dugan-acquittal-again/,2025-06-17,targeted,Iran-Israel conflict escalation / Strait of Hormuz tension
1253452556,20250622,GBR,,163,16,-8.0,-3.22580645161291,https://www.arabnews.com/node/2609071/middle-east,2025-06-22,targeted,Iran-Israel conflict escalation / Strait of Hormuz tension
1310108139,20250621,SRB,USA,141,14,-6.5,-0.61624649859944,https://english.elpais.com/international/2026-06-20/how-the-trumps-seek-to-expand-their-real-estate-empire-in-europe.html,2025-06-21,targeted,Iran-Israel conflict escalation / Strait of Hormuz tension
1309820394,20250619,GBR,,173,17,-5.0,-6.58198614318707,https://www.express.co.uk/news/uk/2219514/men-jailed-arson-attaks-keir-stamer-properties,2025-06-19,targeted,Iran-Israel conflict escalation / Strait of Hormuz tension
1252902268,20250619,HND,USA,173,17,-5.0,-6.26450116009281,http://www.rightspeak.net/2025/07/trump-border-czar-tom-homan-reveals.html,2025-06-19,targeted,Iran-Israel conflict escalation / Strait of Hormuz tension
1309916655,20250620,USA,,160,16,-4.0,-1.23647604327666,https://as.com/tenis/noskova-le-pega-a-badosa-un-golpe-de-realidad-f202606-n/,2025-06-20,targeted,Iran-Israel conflict escalation / Strait of Hormuz tension
1309303625,20250616,,DEU,173,17,-5.0,-15.4362416107383,https://www.vecernji.ba/vijesti/hamas-planirao-teroristicki-napad-u-europi-policija-uhitila-devetoricu-1969466,2025-06-16,targeted,Iran-Israel conflict escalation / Strait of Hormuz tension
1252650606,20250617,,USA,173,17,-5.0,-8.48708487084867,https://www.bostonglobe.com/2025/07/17/nation/doj-seeks-one-day-sentence-officer-raid-that-killed-breonna-taylor/,2025-06-17,targeted,Iran-Israel conflict escalation / Strait of Hormuz tension
1253358747,20250622,CHN,,1712,17,-9.2,-7.44558991981673,https://tibet.net/breaking-chinese-authorities-raze-hundreds-of-buddhist-stupas-and-padmasambhava-statue-in-karze-tibet-enforce-harsh-restrictions-on-local-tibetans/,2025-06-22,targeted,Iran-Israel conflict escalation / Strait of Hormuz tension
1252852233,20250618,USA,,173,17,-5.0,-11.353711790393,https://www.yahoo.com/news/fbi-captures-final-illegal-immigrant-182801102.html,2025-06-18,targeted,Iran-Israel conflict escalation / Strait of Hormuz tension
1309522709,20250617,,GBR,160,16,-4.0,-7.40740740740741,https://www.rockpapershotgun.com/fired-rockstar-developers-can-bring-blacklisting-claims-against-the-gta-6-developer-uk-tribunal-rules-as-final-trial-looms,2025-06-17,targeted,Iran-Israel conflict escalation / Strait of Hormuz tension
1309549774,20250617,USA,IRN,100,10,-5.0,-2.16322517207473,https://www.corriere.it/opinioni/26_giugno_17/il-compromesso-debole-degli-usa-e8f6cffc-c60e-4b57-ab9c-b64981677xlk.shtml,2025-06-17,targeted,Iran-Israel conflict escalation / Strait of Hormuz tension
1252320894,20250616,USA,,160,16,-4.0,-1.48698884758365,https://www.inquirer.com/politics/nation/delaware-bans-immigration-customs-enforcement-partnership-20250716.html,2025-06-16,targeted,Iran-Israel conflict escalation / Strait of Hormuz tension
1253016848,20250620,GBR,,100,10,-5.0,-0.40858018386108,https://www.express.co.uk/news/world/2083713/aviation-expert-supersonic-travel-relaunch,2025-06-20,targeted,Iran-Israel conflict escalation / Strait of Hormuz tension
1253238861,20250621,USA,,173,17,-5.0,-2.27272727272727,https://chicago.suntimes.com/chicago-corruption-trials/2025/07/21/former-comed-ceo-gets-2-year-prison-sentence,2025-06-21,targeted,Iran-Israel conflict escalation / Strait of Hormuz tension
1309356335,20250616,USA,,173,17,-5.0,-10.6936416184971,https://www.mynbc5.com/article/addison-county-sheriff-peter-newton-decertified/71606245,2025-06-16,targeted,Iran-Israel conflict escalation / Strait of Hormuz tension
1253474362,20250622,,GBR,130,13,-4.4,-0.80213903743315,https://www.yahoo.com/news/articles/m-backs-farmers-inheritance-tax-220008741.html,2025-06-22,targeted,Iran-Israel conflict escalation / Strait of Hormuz tension
1309659103,20250618,GBR,,180,18,-9.0,-10.840108401084,https://www.mirror.co.uk/news/uk-news/teenagers-sword-murder-trial-glasgow-37315550,2025-06-18,targeted,Iran-Israel conflict escalation / Strait of Hormuz tension
1309338024,20250616,USA,,173,17,-5.0,-9.66257668711659,https://www.the-independent.com/news/world/americas/crime/minnesota-ice-protesters-charged-antifa-b2996802.html,2025-06-16,targeted,Iran-Israel conflict escalation / Strait of Hormuz tension
1310101466,20250621,USA,,172,17,-5.0,-1.14678899082569,https://newstalkkgvo.com/ixp/1104/p/denied-vanity-plates-montana/,2025-06-21,targeted,Iran-Israel conflict escalation / Strait of Hormuz tension
1253338429,20250622,USA,IRN,133,13,-5.8,-2.78637770897833,https://www.aa.com.tr/en/americas/trump-says-us-will-strike-iran-s-nuclear-sites-again-if-necessary-/3637933,2025-06-22,targeted,Iran-Israel conflict escalation / Strait of Hormuz tension
1252709899,20250618,,USA,173,17,-5.0,-13.3744855967079,https://www.fox5atlanta.com/news/man-convicted-shooting-unarmed-man-lake-allatoona,2025-06-18,targeted,Iran-Israel conflict escalation / Strait of Hormuz tension
1310188755,20250622,POL,EUR,100,10,-5.0,-4.91803278688525,"https://wiadomosci.dziennik.pl/polityka/artykuly/11265775,romanowski-uciekl-do-serbii-tu-ena-nie-zadziala-jest-ruch-obroncy-polityka.html",2025-06-22,targeted,Iran-Israel conflict escalation / Strait of Hormuz tension
1252643266,20250617,,USA,173,17,-5.0,-8.29694323144105,https://www.arabnews.com/node/2608487/world,2025-06-17,targeted,Iran-Israel conflict escalation / Strait of Hormuz tension
1252533812,20250617,USA,USA,154,15,-7.2,-0.6861063464837,https://www.latimes.com/politics/newsletter/2025-07-17/democrats-playing-defense-on-immigration-see-a-flicker-of-hope-in-new-polls,2025-06-17,targeted,Iran-Israel conflict escalation / Strait of Hormuz tension
1309280124,20250616,,USA,173,17,-5.0,-5.23978685612788,https://www.dailymail.com/news/article-15901705/ghislaine-maxwell-prison-posse-bryan-texas.html,2025-06-16,targeted,Iran-Israel conflict escalation / Strait of Hormuz tension
1309297319,20250616,GBR,,172,17,-5.0,-3.56919223544145,https://www.dailymail.com/news/article-15904095/Ccouncil-environmental-enforcement-officers-littering-spitting.html,2025-06-16,targeted,Iran-Israel conflict escalation / Strait of Hormuz tension
1252348974,20250616,,USA,173,17,-5.0,-4.59770114942529,https://www.theyeshivaworld.com/news/israel-news/2425772/in-rare-move-us-amb-huckabee-arrives-at-court-to-support-netanyahu.html,2025-06-16,targeted,Iran-Israel conflict escalation / Strait of Hormuz tension
1309397217,20250617,USA,BRA,173,17,-5.0,-4.58015267175573,https://bworldonline.com/world/2026/06/17/757246/brazilian-court-convicts-eduardo-bolsonaro-of-seeking-us-help-in-fathers-legal-battle/,2025-06-17,targeted,Iran-Israel conflict escalation / Strait of Hormuz tension
1309534591,20250617,,RUS,173,17,-5.0,3.70994940978078,http://en.kremlin.ru/events/president/news/80050,2025-06-17,targeted,Iran-Israel conflict escalation / Strait of Hormuz tension
1309508518,20250617,GBR,,180,18,-9.0,-3.2258064516129,https://www.dailyrecord.co.uk/in-your-area/lanarkshire/sleazy-wedding-guest-now-sex-37310090,2025-06-17,targeted,Iran-Israel conflict escalation / Strait of Hormuz tension
1309240703,20250616,USA,,101,10,-5.0,-5.88235294117647,https://spacedaily.com/sd-v-australias-independent-commission-against-corruption-can-compel-testimony-that-would-be-inadmissible-in-any-criminal-court-a-power-no-american-investigator-possesses/,2025-06-16,targeted,Iran-Israel conflict escalation / Strait of Hormuz tension
1252752481,20250618,RUS,,173,17,-5.0,-7.30478589420655,https://www.cbsnews.com/news/us-russian-woman-arrested-moscow-smuggling-gun-suitcase/,2025-06-18,targeted,Iran-Israel conflict escalation / Strait of Hormuz tension
1252578553,20250617,USA,,180,18,-9.0,-10.4166666666667,https://www.wsmv.com/2025/07/17/second-neo-nazi-face-charges-nashville-2024-assault/,2025-06-17,targeted,Iran-Israel conflict escalation / Strait of Hormuz tension
1252458007,20250617,USA,,173,17,-5.0,-6.09137055837563,https://www.arabnews.com/node/2608330/middle-east,2025-06-17,targeted,Iran-Israel conflict escalation / Strait of Hormuz tension
1252578552,20250617,USA,,173,17,-5.0,-10.4166666666667,https://www.wsmv.com/2025/07/17/second-neo-nazi-face-charges-nashville-2024-assault/,2025-06-17,targeted,Iran-Israel conflict escalation / Strait of Hormuz tension
1252643270,20250617,USA,,173,17,-5.0,-8.29694323144105,https://www.arabnews.com/node/2608487/world,2025-06-17,targeted,Iran-Israel conflict escalation / Strait of Hormuz tension
1252916247,20250619,USA,,172,17,-5.0,-1.46396396396397,https://www.arkansasonline.com/news/2025/jul/19/childrens-hospital-halts-transgender-health-care/,2025-06-19,targeted,Iran-Israel conflict escalation / Strait of Hormuz tension
1309678706,20250618,USA,,173,17,-5.0,-15.3284671532846,https://www.news4jax.com/traffic/2026/06/18/man-charged-with-dui-manslaughter-in-jacksonville-beach-crash-last-year-pleads-guilty-sentenced-to-11-years/,2025-06-18,targeted,Iran-Israel conflict escalation / Strait of Hormuz tension
1309534590,20250617,,RUS,173,17,-5.0,3.70994940978078,http://en.kremlin.ru/events/president/news/80050,2025-06-17,targeted,Iran-Israel conflict escalation / Strait of Hormuz tension
1253122647,20250621,LKA,GBR,173,17,-5.0,-3.91608391608391,https://theweek.com/crime/thailand-is-rolling-back-on-its-legal-cannabis-empire,2025-06-21,targeted,Iran-Israel conflict escalation / Strait of Hormuz tension
1309727205,20250618,USA,,130,13,-4.4,-4.2380522993688,https://isp.netscape.com:443/news/story/0001/20260618/6765009a76070ab7e3578396dff0f6b7,2025-06-18,targeted,Iran-Israel conflict escalation / Strait of Hormuz tension
1252356411,20250616,USA,,100,10,-5.0,-1.32625994694961,https://www.radioiowa.com/2025/07/16/vilsack-compares-his-2026-veto-with-reynolds-recent-veto/,2025-06-16,targeted,Iran-Israel conflict escalation / Strait of Hormuz tension
1310171228,20250622,,USA,100,10,-5.0,-2.42537313432836,https://www.thehour.com/news/article/ct-trump-denaturalization-immigration-22311341.php,2025-06-22,targeted,Iran-Israel conflict escalation / Strait of Hormuz tension
1252490551,20250617,USA,,180,18,-9.0,0.0,https://www.kxly.com/news/idaho-rep-fulcher-honors-ambushed-cda-firefighters-on-house-floor/article_4db7d881-0358-4846-b626-c9885a39131f.html,2025-06-17,targeted,Iran-Israel conflict escalation / Strait of Hormuz tension
1252578545,20250617,,USA,173,17,-5.0,-10.4166666666667,https://www.wsmv.com/2025/07/17/second-neo-nazi-face-charges-nashville-2024-assault/,2025-06-17,targeted,Iran-Israel conflict escalation / Strait of Hormuz tension
1309588948,20250618,COL,USA,173,17,-5.0,-8.125,https://athens-times.com/brother-of-ecuadors-notorious-drug-baron-arrested-in-colombia/,2025-06-18,targeted,Iran-Israel conflict escalation / Strait of Hormuz tension
1310177414,20250622,,GBR,160,16,-4.0,-3.15217391304347,https://www.dailymail.com/news/article-15919247/Keir-Starmers-resignation-speech-drowned-Brexit-Song-Protester-interrupted-Rishi-Sunaks-election-announcement-strikes-again.html,2025-06-22,targeted,Iran-Israel conflict escalation / Strait of Hormuz tension
1309361804,20250616,USA,,1822,18,-9.0,-10.8974358974359,https://www.rawstory.com/donald-trump-2677049260/,2025-06-16,targeted,Iran-Israel conflict escalation / Strait of Hormuz tension
1250089658,20250703,RUS,,161,16,-4.0,-4.41176470588235,https://runews24.ru/saint-petersburg/03/07/2025/sankt-peterburg-ozhidaet-pervoe-iyulskoe-navodnenie-za-160-let,2025-07-03,regular,
1250394304,20250705,CHN,CHN,138,13,-7.0,-5.31914893617021,https://quicknews-africa.net/ahead-of-apec-summit-xi-warns-against-cold-war-confrontations/,2025-07-05,regular,
1249760220,20250702,RUS,SRB,130,13,-4.4,-8.7248322147651,https://opinion.al/rusia-paralajmeron-perendimin-te-mos-mbeshtese-protestat-ne-serbi/,2025-07-02,regular,
1255642759,20250705,,USA,130,13,-4.4,-2.14703968770332,https://www.theatlantic.com/national-security/archive/2025/08/hegseth-pentagon-conferences/683743/,2025-07-05,regular,
1249728842,20250702,,USA,173,17,-5.0,-2.59067357512953,https://www.eldiarionuevodia.com.ar/nacionales/el-gobierno-nacional-elimino-por-decreto-la-anmac-que-regulaba-y-fiscalizaba-la-tenencia-y-uso-de-armas-municiones-y-explosivos/,2025-07-02,regular,
1250243236,20250704,,GBR,172,17,-5.0,-9.25925925925926,https://www.aa.com.tr/en/europe/-legal-to-support-genocide-illegal-to-oppose-it-outrage-in-uk-over-palestine-action-ban/3621889,2025-07-04,regular,
1249937573,20250703,,USA,173,17,-5.0,-9.25110132158591,https://www.abc57.com/news/protest-in-goshen-calls-for-harsher-sentences-for-sex-crimes,2025-07-03,regular,
1250529479,20250706,USA,,173,17,-5.0,-9.09090909090909,https://www.12newsnow.com/article/news/crime/silsbee-man-arrested-for-alleged-kidnapping-angelina-county/502-69a0c03e-64e4-423a-821f-a53876db2ce1,2025-07-06,regular,
1249888173,20250702,USA,USA,1823,18,-10.0,-8.03515379786567,https://www.dailymail.co.uk/news/article-14869385/bryan-kohberger-idaho-murders-plea-deal-hearing-guilty.html,2025-07-02,regular,
1249787499,20250702,DZA,FRA,173,17,-5.0,-5.07246376811594,https://africa.com/algerian-court-affirms-five-year-prison-term-for-author-boualem-sansal/,2025-07-02,regular,
1250545790,20250706,IRN,GBR,1384,13,-7.0,-4.9306625577812,https://www.aol.co.uk/classified-report-reveal-full-scale-190004806.html,2025-07-06,regular,
1249982750,20250703,RUS,UKR,180,18,-9.0,-6.49087221095335,https://aif.ru/politics/russia/-azovcy-stop-armiya-rossii-predotvratila-bolshoe-nastuplenie-vsu,2025-07-03,regular,
1250027410,20250703,USA,ISR,173,17,-5.0,-6.7515923566879,https://www.ruthfullyyours.com/2025/07/03/ian-kingsbury-george-mason-universitys-disastrous-president-gregory-washington-has-backed-racially-discriminatory-dei-programs-and-failed-to-address-campus-anti-semitism/,2025-07-03,regular,
1249719616,20250702,USA,,173,17,-5.0,-11.5853658536585,https://www.kitv.com/news/crime/arsonist-starts-another-car-fire-in-waipahu-by-molotov-cocktail/article_8e0baf3c-2a53-49d5-ae9f-07c58f152a9d.html,2025-07-02,regular,
1250501508,20250706,GBR,ISR,173,17,-5.0,-6.02766798418973,https://www.nakedcapitalism.com/2025/07/links-7-6-2025.html,2025-07-06,regular,
1249856509,20250702,POL,DEU,154,15,-7.2,-3.86757425742574,https://neweasterneurope.eu/2025/07/02/the-tallinn-question/,2025-07-02,regular,
1250098876,20250703,,USA,173,17,-5.0,-4.31818181818182,https://www.local10.com/news/local/2025/07/03/fake-brokers-ran-south-florida-rental-scam-cops-say-detectives-seek-additional-victims/,2025-07-03,regular,
1250321442,20250704,RUS,,175,17,-9.0,-10.077519379845,https://www.bbc.com/russian/articles/c4g8w75zdz8o,2025-07-04,regular,
1249838715,20250702,USA,USA,134,13,-5.8,-17.1875,https://www.ksat.com/news/local/2025/07/02/man-hospitalized-alleged-suspect-flees-after-stabbing-at-far-north-side-hotel-sapd-says/,2025-07-02,regular,
1249728053,20250702,,USA,173,17,-5.0,-6.95410292072323,https://dailycaller.com/2025/07/02/el-mencho-mexico-drug-kingpin-cartel-trafficking-surveillance-terrorist/,2025-07-02,regular,
1249781422,20250702,GBR,,174,17,-5.0,-9.34579439252337,https://promptnewsonline.com/desperation-for-music-success-led-me-to-fraud-nigerian-tells-court-in-us/,2025-07-02,regular,
1250371558,20250705,USA,,180,18,-9.0,-11.4285714285714,https://www.livemint.com/news/us-news/idaho-ambush-two-firefighters-killed-while-responding-to-brush-fire-governor-calls-it-heinous-assault-top-updates-11751241807434.html,2025-07-05,regular,
1250137002,20250704,,USA,173,17,-5.0,-9.70873786407763,https://www.wfsb.com/2025/07/03/fourth-arrest-made-street-takeover-investigation/,2025-07-04,regular,
1250525720,20250706,USA,,150,15,-7.2,-4.73802926633115,https://www.the-sun.com/news/14637855/texas-flood-death-toll-climbs-children-camp-mystic/,2025-07-06,regular,
1250234762,20250704,ISR,FRA,173,17,-5.0,-11.3309352517985,https://www.zazoom.it/2025-07-04/i-due-francesi-detenuti-in-iran-da-tre-anni-rischiano-la-pena-di-morte-per-il-regime-sono-spie-del-mossad-macron-reagisce-offesa-inaccettabile/17317220/,2025-07-04,regular,
1250007670,20250703,GBR,PSE,172,17,-5.0,-8.59106529209622,https://dailytimes.com.pk/1328241/uk-parliament-bans-palestine-action-as-terror-group-amid-rising-tensions/,2025-07-03,regular,
1250092596,20250703,USA,,173,17,-5.0,-8.18452380952381,https://www.localmemphis.com/article/news/crime/maryville-man-sentenced-for-plotting-to-kill-fbi-agents-investigating-his-involvement-in-jan-6/51-a6d8625c-7433-475b-b3e4-9723c6bd6cb6,2025-07-03,regular,
1250156989,20250704,USA,,180,18,-9.0,-2.84041838595145,https://amsterdamnews.com/news/2025/07/03/the-meaning-of-july-fourth-for-the-negro/,2025-07-04,regular,
1250178214,20250704,RUS,UKR,162,16,-5.6,-1.23456790123457,https://dunyanews.tv/en/World/892712-trump-says-didnt-make-any-progress-with-putin-on-ukraine,2025-07-04,regular,
1250290851,20250704,,CHN,173,17,-5.0,-1.27551020408163,https://quicknews-africa.net/chinas-first-aircraft-carrier-enters-service/,2025-07-04,regular,
1250291833,20250704,NLD,RUS,172,17,-5.0,-2.87081339712918,https://www.risingbd.com/international/news/612629,2025-07-04,regular,
1250306325,20250704,RUS,,143,14,-6.5,1.12994350282485,https://progorodnn.ru/news/135380,2025-07-04,regular,
1249777713,20250702,RUS,,172,17,-5.0,-4.28571428571429,http://www.rosbalt.ru/news/2025-07-02/rossiyanam-zapretyat-vygulivat-domashnih-zhivotnyh-na-plyazhah-5426922,2025-07-02,regular,
1250183162,20250704,RUS,UKR,138,13,-7.0,-4.26229508196721,https://www.etnews.com/20250704000061,2025-07-04,regular,
1249805821,20250702,,USA,186,18,-10.0,-2.58481421647819,https://www.yahoo.com/news/prison-healthcare-provider-sues-tennessee-100019886.html,2025-07-02,regular,
1249983636,20250703,IRL,FRA,160,16,-4.0,-8.18713450292397,https://www.marketscreener.com/quote/stock/RYANAIR-HOLDINGS-PLC-1412410/news/Ryanair-cancels-170-flights-disrupts-over-30-000-passengers-on-French-ATC-strike-50409050/,2025-07-03,regular,
1249921920,20250702,USA,,141,14,-6.5,-5.20361990950227,https://www.winnipegfreepress.com/world/2025/07/02/floridas-alligator-alcatraz-detention-center-is-set-to-receive-its-first-group-of-immigrants,2025-07-02,regular,
1250088887,20250703,USA,,173,17,-5.0,-12.8048780487805,https://www.yahoo.com/news/caregiver-charged-stealing-over-40k-154027046.html,2025-07-03,regular,
1250530650,20250706,USA,,172,17,-5.0,-2.97766749379652,https://www.dailymail.co.uk/yourmoney/article-14865953/states-fast-food-expensive-styrofoam-ban.html,2025-07-06,regular,
1249858723,20250702,JPN,,134,13,-5.8,-2.53549695740365,https://inosmi.ru/20250702/ukraina-273631446.html,2025-07-02,regular,
1250302927,20250704,GBR,,161,16,-4.0,-0.65573770491803,https://www.building.co.uk/news/balfour-beatty-severs-ties-with-labour-supplier-danny-sullivan-group/5136924.article,2025-07-04,regular,
1250050085,20250703,,USA,100,10,-5.0,-1.71919770773639,https://www.newsweek.com/petition-donald-trump-birthright-citizenship-2094075,2025-07-03,regular,
1250228967,20250704,RUS,,180,18,-9.0,-7.35294117647059,https://www.aol.co.uk/dramatic-escalation-putin-savage-war-103521534.html,2025-07-04,regular,
1250276494,20250704,MLI,FRA,180,18,-9.0,-3.44202898550725,https://quicknews-africa.net/kidal-assault-french-jets-bomb-northern-mali/,2025-07-04,regular,
1250087806,20250703,USA,UKR,162,16,-5.6,1.18577075098814,https://www.unian.ua/world/zelenskiy-zbirayetsya-obgovoriti-z-trampom-prizupinennya-postachannya-zbroji-v-ukrajinu-13056990.html,2025-07-03,regular,
1249785995,20250702,,USA,162,16,-5.6,-5.30503978779841,https://www.elfagr.org/5186407,2025-07-02,regular,
1250055373,20250703,USA,,173,17,-5.0,-13.0597014925373,https://krdo.com/news/2025/07/03/charges-dropped-against-final-officer-in-deadly-2022-shooting-of-christian-glass/,2025-07-03,regular,
1250400965,20250705,USA,,173,17,-5.0,-2.64847512038523,https://milwaukeecourieronline.com/index.php/2025/07/05/you-have-to-start-somewhere-benedict-center-and-others-work-to-help-women-get-off-the-streets/,2025-07-05,regular,
1250109057,20250703,SYR,USA,173,17,-5.0,-10.204081632653,https://puentelibre.mx/noticia/julio_cesar_chavez_jr_cuenta_orden_aprehension_vigente_mexico_estados_unidos/,2025-07-03,regular,
1250104936,20250703,MEX,USA,173,17,-5.0,-8.98876404494382,https://www.ktsa.com/doj-mexican-national-detained-in-san-antonio-after-previous-conviction-deportation/,2025-07-03,regular,
1249999022,20250703,MEX,USA,173,17,-5.0,-12.1951219512195,https://www.plaintalk.net/local_news/article_47388ea0-b236-4bea-b411-8e38c178beca.html,2025-07-03,regular,
1249831076,20250702,RUS,,138,13,-7.0,-5.71428571428571,https://www.dialog.ua/war/316251_1751457901,2025-07-02,regular,
1250114359,20250703,GBR,ALB,173,17,-5.0,-6.66666666666667,https://www.alderleyedge.com/news/article/24885/fifth-person-arrested-in-relation-to-million-pound-burglary-series,2025-07-03,regular,
1311856298,20250703,,USA,173,17,-5.0,-5.36193029490617,https://www.eptrail.com/2026/07/02/colorado-ruling-bail-ice-immigrant-detainees/,2025-07-03,regular,
1249844594,20250702,USA,,100,10,-5.0,-7.93650793650794,https://www.ktsa.com/report-founder-of-las-palapas-restaurant-chain-stabbed-to-death-in-his-north-side-home-family-member-charged-with-murder/,2025-07-02,regular,
1250007659,20250703,GBR,,130,13,-4.4,-4.02684563758389,https://www.express.co.uk/news/weather/2076778/met-office-rain-warning-uk-weather-forecast,2025-07-03,regular,
1250352869,20250705,IRN,USA,180,18,-9.0,-5.46448087431694,https://www.gujaratsamachar.com/news/international/what-happened-to-us-b2-bomber-after-iran-strike-claims-emerge-of-it-being-shot-down,2025-07-05,regular,
1249933397,20250703,USA,RUS,141,14,-6.5,-3.23275862068965,https://aif.ru/politics/world/alligator-alkatras-kak-tramp-boretsya-s-nelegalami-s-pomoshchyu-krokodilov,2025-07-03,regular,
1250128491,20250703,USA,USA,173,17,-5.0,-5.50206327372765,https://www.mankatofreepress.com/news/state_national_news/man-charged-with-killing-former-minnesota-house-speaker-says-he-looks-forward-to-truth-coming/article_ae6c50f3-116e-5faa-b66a-61cf91f29d7c.html,2025-07-03,regular,
1250505451,20250706,USA,,1724,17,-5.0,-9.15492957746475,https://www.gulf-times.com/article/707020/international/death-toll-rises-to-43-in-texas-floods,2025-07-06,regular,
1250068100,20250703,RUS,UKR,180,18,-9.0,-3.77358490566037,https://www.voria.gr/article/oykrania-dyo-nekroi-apo-rosiki-pyrayliki-epithesi-stin-odisso,2025-07-03,regular,
1249782754,20250702,RUS,RUS,173,17,-5.0,-7.29166666666666,https://www.globalsecurity.org/wmd/library/news/russia/2025/07/russia-250701-rferl03.htm,2025-07-02,regular,
1250129677,20250703,EUR,,154,15,-7.2,-0.70921985815602,https://for-ua.com/article/1245160,2025-07-03,regular,
1249726695,20250702,USA,USA,173,17,-5.0,-6.56108597285068,https://www.yahoo.com/news/georgia-man-sentenced-armed-serial-235819827.html,2025-07-02,regular,
1250103294,20250703,USA,,160,16,-4.0,-5.79896907216495,https://www.twnpnews.com/2025/06/john-cena-s-pipe-bomb/,2025-07-03,regular,
1249871593,20250702,USA,,172,17,-5.0,1.21212121212122,https://www.yahoo.com/news/newly-opened-portland-mores-bar-150000628.html,2025-07-02,regular,
1249913840,20250702,GBR,SYR,173,17,-5.0,-10.0591715976331,https://www.arabnews.com/node/2606573/middle-east,2025-07-02,regular,
1250037803,20250703,USA,,130,13,-4.4,-4.5816733067729,https://www.financialexpress.com/business/investing-abroad-how-will-trumps-one-big-beautiful-bill-impact-nris-3901857/,2025-07-03,regular,
1250371549,20250705,USA,,161,16,-4.0,-2.52365930599369,https://www.keysnews.com/living/columns/key-west-s-outsized-clout/article_e23bccc6-6087-4bc2-801b-72d120667fb2.html,2025-07-05,regular,
1250097346,20250703,USA,,180,18,-9.0,4.44015444015444,https://www.getsurrey.co.uk/news/celebs-tv/sandman-bosses-explain-series-ending-31959105,2025-07-03,regular,
1250123583,20250703,CHN,,100,10,-5.0,-2.78637770897833,https://www.hellenicshippingnews.com/hsfo-discounts-widen-further-inventories-extend-gains/,2025-07-03,regular,
1250530760,20250706,,RUS,130,13,-4.4,-4.66531440162272,https://www.libertatea.ro/stiri/al-treilea-razboi-mondial-invazii-simultane-xi-jinping-vladimir-putin-5369322,2025-07-06,regular,
1250092695,20250703,USA,USA,100,10,-5.0,-2.93884034948371,https://richmond.com/news/local/education/higher-education/article_f7436584-d095-4168-b38a-cb107dd3427c.html,2025-07-03,regular,
1250201803,20250704,USA,ISR,130,13,-4.4,-7.5187969924812,https://www.yahoo.com/news/trump-accused-using-blatant-vile-075353465.html,2025-07-04,regular,
1249892657,20250702,AZE,RUS,130,13,-4.4,-2.4390243902439,https://news.mail.ru/society/66841033/,2025-07-02,regular,
1250287484,20250704,,GBR,100,10,-5.0,0.92307692307693,https://noticiassin.com/nostalgia-gorros-de-pescador-y-ropa-deportiva-con-los-gallagher-vuelve-la-oasismania-1879061/,2025-07-04,regular,
1249936334,20250703,AUS,USA,160,16,-4.0,-6.87022900763358,https://almomento.mx/australia-cancela-la-visa-de-kanye-west-por-su-cancion-heil-hitler/,2025-07-03,regular,
1249816164,20250702,FRA,,160,16,-4.0,-6.87160940325497,https://telegrafi.com/rasti-klaus-barbie-gjyqi-kriminelit-nazist-qe-tronditi-boten/,2025-07-02,regular,
1249750910,20250702,,USA,100,10,-5.0,-4.46808510638298,https://abc7ny.com/post/brooklyn-constituents-call-rep-nicole-malliotakis-vote-party-trumps-megabill/16910314/,2025-07-02,regular,
1249893999,20250702,,USA,173,17,-5.0,-6.97674418604651,https://www.kctv5.com/2025/07/02/kansas-city-man-accused-placing-card-skimmer-quiktrip-pump/,2025-07-02,regular,
1250409477,20250705,CHN,,130,13,-4.4,4.6242774566474,https://hindi.moneycontrol.com/india/india-will-make-new-export-record-this-year-piyush-goyal-says-exports-may-cross-dollar-870-billion-article-2009278.html,2025-07-05,regular,
1249741334,20250702,GBR,KHM,172,17,-5.0,-8.63402061855675,https://www.hrw.org/news/2025/07/02/cambodia-mother-nature-activists-in-prison-one-year,2025-07-02,regular,
1250051968,20250703,FRA,,100,10,-5.0,2.32142857142857,https://fr.euronews.com/my-europe/2025/07/03/france-lancement-de-la-reserve-diplomatique-citoyenne,2025-07-03,regular,
1250135990,20250703,USA,,180,18,-9.0,-9.50226244343888,https://www.independentsentinel.com/terrorists-family-can-be-deported/,2025-07-03,regular,
1250554500,20250706,USA,,180,18,-9.0,-7.75193798449612,https://www.fox10tv.com/2025/07/06/2-kids-charged-with-destroying-buses-arson-fire-outside-school-sheriff-says/,2025-07-06,regular,
1250532667,20250706,GBR,,130,13,-4.4,-2.93427230046948,https://www.cityam.com/hospitality-jobs-slump-as-reeves-national-insurance-hike-bites/,2025-07-06,regular,
1311984464,20250703,EUR,,1821,18,-9.0,-10.5047748976808,https://www.nin.rs/svet/vesti/117427/evropol-uhapseno-57-osobe-u-akciji-protiv-seksualnog-nasilja,2025-07-03,regular,
1249817901,20250702,PRK,RUS,130,13,-4.4,-2.460024600246,https://www.index.hr/vijesti/clanak/ukrajina-kim-jongun-salje-dodatnih-2530-tisuca-vojnika-u-rusiju/2686195.aspx,2025-07-02,regular,
1249806315,20250702,,DEU,130,13,-4.4,-11.5511551155115,https://www.amren.com/news/2025/06/nine-girls-sexually-assaulted-at-swimming-pool-in-germany-by-syrian-men/,2025-07-02,regular,
1250387379,20250705,,EUR,100,10,-5.0,2.08333333333333,https://qds.it/vertice-nato-ipotesi-ponte-stretto-opera-strategica-difesa-europa/,2025-07-05,regular,
1250347583,20250705,FRA,DEU,160,16,-4.0,-7.02875399361023,https://www.noticiasrcn.com/internacional/huelga-de-controladores-aereos-en-francia-deja-mas-de-mil-vuelos-cancelados-en-inicio-de-vacaciones-908985,2025-07-05,regular,
1250389375,20250705,FRA,,173,17,-5.0,-10.0418410041841,https://www.yahoo.com/news/french-doctor-handed-10-jail-113742920.html,2025-07-05,regular,
1250368155,20250705,CHN,,172,17,-5.0,3.23529411764706,https://timesofoman.com/article/160070-dalai-lama-has-full-right-to-declare-his-successor-ajmer-dargah-head-hazrat-dewan-syed-zainul-abedin,2025-07-05,regular,
1250064395,20250703,UKR,RUS,180,18,-9.0,-7.5187969924812,https://time.mk/c/d91068e8cf/vtoriot-covek-na-ruskata-mornarica-zagina-vo-kursk.html,2025-07-03,regular,
1250127177,20250703,USA,,173,17,-5.0,-3.57142857142857,https://www.kshb.com/news/local-news/investigations/judge-alleged-kansas-city-serial-killer-fredrick-scott-competent-to-stand-trial,2025-07-03,regular,
1249738943,20250702,IND,USA,130,13,-4.4,-4.47093889716841,https://www.divyabhaskar.co.in/national/news/jaishankar-said-there-is-no-relationship-between-trade-talks-and-india-pak-ceasefire-135350520.html,2025-07-02,regular,
1250279643,20250704,RUS,,160,16,-4.0,1.16279069767441,https://www.almowaten.net/2025/07/%D8%B1%D9%88%D8%B3%D9%8A%D8%A7-%D8%AA%D8%B9%D9%85%D9%84-%D8%B9%D9%84%D9%89-%D8%A5%D9%84%D8%BA%D8%A7%D8%A1-%D8%A7%D9%84%D8%AA%D8%A3%D8%B4%D9%8A%D8%B1%D8%A7%D8%AA-%D8%B9%D9%84%D9%89-%D8%A7%D9%84%D9%85/,2025-07-04,regular,
1249882638,20250702,USA,USA,1823,18,-10.0,-10.9375,https://news4sanantonio.com/news/local/suspect-held-without-bond-for-brutal-murder-of-las-palapas-founder-san-antonio-junction-texas-kimble-county-arrest-investigation-evidence,2025-07-02,regular,
1249874501,20250702,USA,,180,18,-9.0,-3.50535540408958,https://www.irishmirror.ie/news/irish-news/crime/conor-mcgregor-appeal-mma-star-35488434,2025-07-02,regular,
1250218743,20250704,,USA,130,13,-4.4,-6.64523043944266,https://www.wsws.org/en/articles/2025/07/04/tddy-j04.html,2025-07-04,regular,
1254589019,20250729,USA,,160,16,-4.0,-4.40528634361233,https://dnevnik.hr/vijesti/svijet/pastor-i-supruga-optuzeni-za-milijunsku-kriptoprevaru---926681.html,2025-07-29,regular,
1254874092,20250730,ISR,EUR,173,17,-5.0,-5.60398505603985,https://elpais.com/internacional/2025-07-30/el-caso-de-dos-soldados-israelies-detenidos-en-belgica-por-supuestos-crimenes-de-guerra-en-gaza-llega-al-tribunal-de-la-haya.html,2025-07-30,regular,
1254938867,20250731,USA,,180,18,-9.0,-8.85416666666663,https://www.kake.com/home/kansas-approves-275-000-settlement-of-wrongful-death-lawsuit-in-inmate-s-death/article_4bdf9d4d-6d1c-46e6-b4ba-c568607678ab.html,2025-07-31,regular,
1254455179,20250728,GBR,USA,1721,17,-5.0,1.06761565836299,https://www.wiltsglosstandard.co.uk/news/national/25347005.starmer-defends-online-safety-act-child-protection/,2025-07-28,regular,
1255274316,20250801,,EUR,173,17,-5.0,-6.84326710816777,https://en.tempo.co/read/2035125/uk-us-france-and-11-other-nations-condemn-threats-from-iranian-intelligence,2025-08-01,regular,
1255174735,20250801,USA,,173,17,-5.0,-8.45272206303725,https://www.sweetwaternow.com/duncan-sentenced-to-prison-for-sexual-exploitation-charges/,2025-08-01,regular,
1254807136,20250730,USA,USA,138,13,-7.0,-6.99481865284974,https://www.moneycontrol.com/world/tsunami-warning-live-updates-tsunami-waves-hit-hawaii-alaska-peru-los-angels-california-after-earthquake-in-russia-japan-liveblog-13350420.html,2025-07-30,regular,
1255031970,20250731,,DEU,100,10,-5.0,-1.1070110701107,https://www.sr.de/sr/home/nachrichten/politik_wirtschaft/zf_saarbruecken_zukunft_werk_100.html,2025-07-31,regular,
1254931515,20250731,USA,,180,18,-9.0,-4.4776119402985,https://truthout.org/articles/ftc-promotes-anti-trans-agenda-with-public-inquiry-into-gender-affirming-care/,2025-07-31,regular,
1255057360,20250731,RUS,,180,18,-9.0,-10.2088167053364,https://navbharattimes.indiatimes.com/world/rest-of-europe/russia-launch-missile-and-drone-attacks-on-ukraine-killing-eight-people-wounding-at-least-82-others-report/articleshow/123020355.cms,2025-07-31,regular,
1254481733,20250728,GBR,,172,17,-5.0,-2.45901639344262,https://www.tvguide.co.uk/schedule/0848d352-5ee0-558f-8e9b-3d1b5a89e1ca/heathrow-britains-busiest-airport,2025-07-28,regular,
1255102220,20250731,,USA,173,17,-5.0,-9.5652173913044,https://www.wzzm13.com/article/news/local/john-ball-zoo-employee-assault/69-e6a94d40-7a60-44e5-b73f-097a007f61e5,2025-07-31,regular,
1254905804,20250730,USA,,1043,10,-5.0,2.25,https://www.bradfordera.com/2025/07/30/2nd-amendment-protects-ammo/,2025-07-30,regular,
1254878233,20250730,DEU,,173,17,-5.0,-5.18867924528302,https://www.zeit.de/news/2025-07/30/kokain-schmuggel-festnahmen-und-durchsuchungen,2025-07-30,regular,
1254939273,20250731,,USA,173,17,-5.0,-8.90052356020943,https://www.ksl.com:443/article/51353460/texas-man-convicted-of-groping-on-flight-headed-to-salt-lake,2025-07-31,regular,
1255527453,20250803,USA,,1721,17,-5.0,-2.66853932584269,https://wach.com/news/local/onpoint-on-wach-fox-07-31-2025,2025-08-03,regular,
1255108523,20250731,RUS,,139,13,-7.0,-5.71428571428571,https://vz.ru/news/2025/7/31/1349406.html,2025-07-31,regular,
1254778651,20250730,ECU,RUS,130,13,-4.4,-3.28820116054158,https://www.independent.co.uk/asia/japan/fukushima-tsunami-warning-russia-earthquake-b2798534.html,2025-07-30,regular,
1255351882,20250802,USA,,173,17,-5.0,-11.5183246073299,https://lahora.gt/internacionales/jzecena/2025/08/01/uribe-se-suma-a-la-lista-de-expresidentes-latinoamericanos-condenados/,2025-08-02,regular,
1255352457,20250802,GBR,,130,13,-4.4,-0.92764378478664,https://www.the-star.co.ke/news/world/2025-08-01-biometrics-to-replace-stamps-at-eu-border-from-october-12,2025-08-02,regular,
1255456997,20250802,USA,USA,173,17,-5.0,-8.64,https://www.grandforksherald.com/news/fargo/serial-bank-robber-arrested-hours-after-downtown-fargo-bank-heist,2025-08-02,regular,
1254749347,20250730,CHN,,151,15,-7.2,-2.41992882562277,https://www.wsws.org/en/articles/2025/07/30/gfdm-j30.html,2025-07-30,regular,
1254862227,20250730,USA,,173,17,-5.0,-12.7320954907162,https://www.newsbug.info/kankakee_valley_post_news/news/jasper-county-arrest-log-july-23-28/article_87dc737a-bd6b-4501-bc40-d35cb2abb33b.html,2025-07-30,regular,
1255039420,20250731,USA,USA,1053,10,-5.0,-8.35392980721696,https://www.forbes.com/sites/walterpavlo/2025/07/31/sex-offenders-with-autism-face-obstacles-in-federal-prison/,2025-07-31,regular,
1255552861,20250803,,USA,141,14,-6.5,-8.57142857142857,https://www.kktv.com/2025/08/03/demonstrators-gather-colorado-springs-nationwide-rage-against-regime-protest/,2025-08-03,regular,
1254513635,20250728,USA,,174,17,-5.0,-13.0841121495327,https://www.yahoo.com/news/articles/southern-illinois-man-gets-31-182851191.html,2025-07-28,regular,
1255165221,20250801,USA,AFG,173,17,-5.0,-6.35930047694753,https://ktbb.com/post/?p=1430941,2025-08-01,regular,
1255531908,20250803,RUS,CHN,180,18,-9.0,-3.77049180327869,https://navbharattimes.indiatimes.com/business/business-news/trumps-dead-economy-comment-on-india-sparks-controversy-called-a-geopolitical-blunder/articleshow/123076100.cms,2025-08-03,regular,
1255334582,20250801,USA,,138,13,-7.0,1.85185185185185,https://kashmirreader.com/2025/08/02/no-formal-discussions-yet-govt-on-f-35-fighter-jets-deal-with-us/,2025-08-01,regular,
1255140502,20250801,,USA,180,18,-9.0,-3.03030303030303,https://www.eastbaytimes.com/2025/07/31/panetta-proposes-bill-to-add-protections-for-immigrant-crime-victims-witnesses/,2025-08-01,regular,
1255208222,20250801,,USA,173,17,-5.0,-3.15560391730142,https://www.yahoo.com/news/articles/ohio-cleric-facing-deportation-sues-090028432.html,2025-08-01,regular,
1254586245,20250729,USA,,173,17,-5.0,-5.73248407643312,https://www.mondaq.com:443/unitedstates/employee-rights-labour-relations/1657160/mid-year-2025-report,2025-07-29,regular,
1254939407,20250731,CAN,USA,173,17,-5.0,-8.86699507389162,https://www.koamnewsnow.com/news/erie-man-faces-24-counts-of-sexual-exploitation-of-a-child-charges/article_0dc47270-507e-4e5e-8e78-5c765ebcd852.html,2025-07-31,regular,
1255440428,20250802,ISR,GBR,173,17,-5.0,-5.89353612167301,https://www.hurriyet.com.tr/dunya/ucm-bassavcisi-khanin-israil-sorusturmasi-nedeniyle-hedef-alindigi-iddiasi-42901210,2025-08-02,regular,
1254569516,20250729,PSE,GBR,100,10,-5.0,-5.87064676616915,https://flaglerlive.com/as-israel-starves-gaza/,2025-07-29,regular,
1254828729,20250730,USA,,180,18,-9.0,-0.63478628861617,https://www.iowapublicradio.org/ipr-news/2025-07-30/from-water-to-policing-midwest-cities-take-on-ai-with-few-guardrails,2025-07-30,regular,
1254638649,20250729,RUS,,1822,18,-9.0,-4.65116279069767,https://pda.stav.kp.ru/daily/27731/5120635/,2025-07-29,regular,
1254407827,20250728,USA,,173,17,-5.0,-10.2189781021898,https://www.yahoo.com/news/articles/fewer-half-ice-arrests-under-100018158.html,2025-07-28,regular,
1256209482,20250731,,RUS,160,16,-4.0,-4.8661800486618,https://www.yahoo.com/news/articles/russia-says-dodik-court-ruling-093011583.html,2025-07-31,regular,
1254662813,20250729,NOR,RUS,141,14,-6.5,-3.48837209302325,https://www.5-tv.ru/news/5031733/vmid-rfvrucili-notu-protesta-vremennomu-poverennomu-norvegii/,2025-07-29,regular,
1254480250,20250728,USA,USA,1053,10,-5.0,-4.89130434782608,https://www.wgbh.org/news/local/2025-07-28/trump-administration-begins-to-detain-young-immigrants-with-protected-status,2025-07-28,regular,
1255562018,20250803,ISR,USA,173,17,-5.0,-10.4882459312839,https://www.theyeshivaworld.com/news/israel-news/2433418/nyc-mayor-adams-praises-antisemitic-opponent-mamdani-downplays-anti-jewish-rhetoric-and-recognizes-palestine.html,2025-08-03,regular,
1254965782,20250731,GBR,,172,17,-5.0,-4.31654676258993,https://arabic.cnn.com/middle-east/article/2025/07/31/palestine-actions-co-founder-wins-bid-to-challenge-uk-ban-under-anti-terror-laws,2025-07-31,regular,
1255125411,20250731,USA,,160,16,-4.0,-10.7462686567165,https://www.12news.com/article/news/local/valley/residents-suing-glendale-over-panhandling-ban-first-amendment-super-bowl/75-633161d9-cd98-4c1f-832e-9f4cb1690baf,2025-07-31,regular,
1255273414,20250801,USA,USA,141,14,-6.5,-6.30541871921183,https://economictimes.indiatimes.com/news/international/global-trends/us-news-rage-against-the-regime-protests-planned-against-trump-in-us-on-saturday-check-key-cities-timings-and-more/articleshow/123047539.cms,2025-08-01,regular,
1255220594,20250801,EUR,,163,16,-8.0,-9.91735537190086,https://www.money.pl/gospodarka/indyjskie-rafinerie-wstrzymuja-zakupy-rosyjskiej-ropy-presja-dziala-7184516327959136a.html,2025-08-01,regular,
1255111280,20250731,USA,,174,17,-5.0,-3.19829424307036,https://www.winnipegfreepress.com/world/2025/07/31/pentagon-pulls-back-more-national-guard-troops-and-leaves-behind-250-in-los-angeles,2025-07-31,regular,
1255286075,20250801,,USA,133,13,-5.8,-7.04697986577181,https://www.yahoo.com/news/articles/where-rage-against-regime-protests-173054805.html,2025-08-01,regular,
1255346581,20250802,RUS,UKR,139,13,-7.0,-4.85436893203884,https://www.skynews.com.au/world-news/united-states/donald-trump-moves-submarines-towards-russia-following-highly-provocative-comments-from-exrussian-president/news-story/a9d53e9a4c47c796f4c1290bdedc3c76?nk=4e31e7f996994cb726e4d8c470211978-1754092041,2025-08-02,regular,
1255409788,20250802,UKR,RUS,130,13,-4.4,-2.23214285714286,https://lexo.al/2025/08/trump-zhvendos-2-nendetese-berthamore-tani-jane-me-afer-rusise-i-jam-pergjigjur-medvedevit/,2025-08-02,regular,
1254968833,20250731,USA,KOR,173,17,-5.0,0.22805017103763,https://www.freemalaysiatoday.com/category/business/2025/07/31/trump-issues-blitz-of-tariff-announcements,2025-07-31,regular,
1254470776,20250728,,USA,100,10,-5.0,-5.50458715596331,https://www.wrkf.org/2025-07-28/denka-dupont-among-louisiana-chemical-plants-exempted-from-new-epa-pollution-rule,2025-07-28,regular,
1254850172,20250730,USA,,172,17,-5.0,-3.71900826446281,https://www.thedrinksbusiness.com/2025/07/brand-new-wine-bar-shuts-after-tiktok-influencer-spat/,2025-07-30,regular,
1254726858,20250729,THA,USA,173,17,-5.0,-3.86996904024768,https://www.bangkokpost.com/world/3077777/trump-says-fell-out-with-epstein-because-he-was-taking-mar-a-lago-spa-staff,2025-07-29,regular,
1254901725,20250730,,USA,1712,17,-9.2,-10.0,https://www.newportdispatch.com/2025/07/30/rhode-island-man-arrested-on-domestic-violence-warrants-in-exeter/,2025-07-30,regular,
1254704045,20250729,USA,USA,173,17,-5.0,-3.44827586206897,https://www.theguardian.com/us-news/2025/jul/29/chris-smalls-amazon-labor-union-gaza,2025-07-29,regular,
1255429141,20250802,,CHN,130,13,-4.4,-4.58715596330275,https://www.arabnews.com/node/2610383/world,2025-08-02,regular,
1255099950,20250731,IRQ,USA,130,13,-4.4,-11.1405835543767,https://www.naturalnews.com/2025-07-31-trumps-escalation-against-russia-deflect-epstein-scandal.html,2025-07-31,regular,
1255127995,20250731,FRA,,180,18,-9.0,-15.2,https://www.wsaz.com/2025/07/31/huntington-beating-victim-arrested-outstanding-warrants/,2025-07-31,regular,
1254823554,20250730,GBR,,181,18,-9.0,-6.08108108108108,https://www.independent.co.uk/news/uk/home-news/ian-brady-myra-hindley-bennett-moors-murderers-b2798615.html,2025-07-30,regular,
1254725560,20250729,USA,PSE,181,18,-9.0,-5.73122529644269,https://www.presstv.ir/Detail/2025/07/29/752091/US-activist-Chris-Smalls-assaulted-Israel-prison-Handala-Gaza-aid-ship-,2025-07-29,regular,
1255489967,20250803,UKR,USA,160,16,-4.0,-5.26315789473685,https://tass.com/world/1997475,2025-08-03,regular,
1254447976,20250728,GBR,HRV,1821,18,-9.0,-8.20668693009119,https://www.dagelijksestandaard.nl/immigratie/illegale-irakees-verkracht-en-mishandelt-vrouw-hoe-is-dit-mogelijk,2025-07-28,regular,
1255362198,20250802,,GBR,180,18,-9.0,-8.69565217391304,https://japantoday.com/category/world/uk-ninja-sword-ban-begins-as-1-000-weapons-surrendered-in-knife-crime-crackdown,2025-08-02,regular,
1255016630,20250731,RUS,,180,18,-9.0,-1.94319880418535,https://www.financialexpress.com/policy/economy-indiarussia-trade-ties-explained-oil-imports-surged-to-40-since-ukraine-war-trade-up-six-fold-3932480/,2025-07-31,regular,
1255367615,20250802,USA,USA,138,13,-7.0,-0.58823529411765,https://tsn.ua/politika/tramp-rozpoviv-pro-podalshi-vidnosyny-z-rosiyeiu-2882186.html,2025-08-02,regular,
1254931148,20250731,USA,,180,18,-9.0,-5.21042084168337,https://twitchy.com/brettt/2025/07/30/zohran-mamdani-calls-for-immediate-nationwide-ban-on-assault-weapons-n2416496,2025-07-31,regular,
1254882625,20250730,USA,,180,18,-9.0,1.94805194805194,https://www.wispolitics.com/2025/scaife-campaign-announces-new-endorsements-2/,2025-07-30,regular,
1254700640,20250729,CHN,SWE,173,17,-5.0,-4.98442367601246,https://actualidad.rt.com/actualidad/559385-china-serio-sobrania-llamados-petroleo-ruso,2025-07-29,regular,
1254441348,20250728,,USA,172,17,-5.0,-0.60606060606061,"http://liherald.com/stories/wantagh-levittown-districts-plan-for-phone-free-school-days,216465",2025-07-28,regular,
1316078928,20250730,USA,BRA,186,18,-10.0,0.5938242280285,https://www.forbes.com/sites/amberlovebond/2026/07/30/inside-the-wellness-movement-taking-aim-at-restaurant-burnout/,2025-07-30,regular,
1254599676,20250729,,RUS,130,13,-4.4,-9.21875,https://www.aljazeera.com/news/2025/7/29/ukraine-says-at-least-20-killed-40-injured-in-russian-strikes-on-south,2025-07-29,regular,
1254861476,20250730,,GBR,173,17,-5.0,2.28758169934641,https://www.oxfordmail.co.uk/news/25353183.oxford-university-college-elects-first-female-boss-454-years/,2025-07-30,regular,
1255181920,20250801,USA,,100,10,-5.0,-4.93128536782539,https://jonathanturley.org/2022/05/23/how-the-sussmann-trial-inadvertently-revealed-the-role-of-clinton-in-the-alfa-bank-scandal/,2025-08-01,regular,
1255003843,20250731,,USA,180,18,-9.0,-12.2241086587436,https://www.hjnews.com/news/crime_and_courts/compact-crime-wrap-up-july-11-24/article_c868a324-beb4-4b5d-8c7a-eb4c6eb80cd5.html,2025-07-31,regular,
1255121510,20250731,RUS,UKR,138,13,-7.0,-11.2682249479287,https://timesofindia.indiatimes.com/world/us/its-disgusting-donald-trump-warns-russia-of-new-sanctions-over-ukraine-war-says-this-about-vladimir-putin/articleshow/123029953.cms,2025-07-31,regular,
1255233565,20250801,USA,,173,17,-5.0,-9.67741935483876,https://www.yahoo.com/news/articles/maryland-man-enters-guilty-plea-035900982.html,2025-08-01,regular,
1254765935,20250730,USA,USA,1724,17,-5.0,-2.48304715689934,https://local12.com/news/nation-world/tsunami-watch-issued-for-puget-sound-area-after-87-magnitude-earthquake-off-russia,2025-07-30,regular,
1254666081,20250729,USA,,180,18,-9.0,-3.86100386100386,https://www.yahoo.com/news/articles/man-faced-traverse-city-walmart-141638834.html,2025-07-29,regular,
1254656561,20250729,USA,GBR,1821,18,-9.0,-5.84415584415585,https://www.breitbart.com/entertainment/2025/07/29/netflixs-top-boy-star-michael-ward-charged-with-rape-sexual-assault/,2025-07-29,regular,
1254718495,20250729,USA,,173,17,-5.0,-3.23450134770889,https://www.hawaiipublicradio.org/local-news/2025-07-29/honolulu-lawsuit-against-oil-companies-leads-climate-change-legal-fight,2025-07-29,regular,
1255191671,20250801,USA,CHN,130,13,-4.4,-0.8729388942774,https://www.newsit.gr/oikonomia/diethni/ti-tha-akolouthisei-gia-tis-ipa-kai-tin-kina-sto-telos-ton-diapragmateyseon-xoris-emporiki-symfonia/4442853/,2025-08-01,regular,
1254674491,20250729,USA,,141,14,-6.5,4.08450704225352,https://www.minnpost.com/artscape/2025/07/krsms-new-chapter-a-community-radio-station-finds-a-home-in-pillsbury-creative-commons/,2025-07-29,regular,
1255384496,20250802,USA,,141,14,-6.5,-1.70827858081471,https://www.stardem.com/news/local_news/people-are-really-motivated-to-take-action-rallies-continue-for-pastor/article_796b7d57-6fae-4e93-820f-cdf2919fe4fb.html,2025-08-02,regular,
1255419872,20250802,GBR,,180,18,-9.0,-10.0806451612903,https://www.watfordobserver.co.uk/news/25360650.five-criminals-jailed-watford-crimes-july-2025/,2025-08-02,regular,
1255314110,20250801,,RUS,100,10,-5.0,-4.19847328244275,https://www.radiosvoboda.org/a/news-jermak-porjatunok-4-ditej/33492212.html,2025-08-01,regular,
1255367238,20250802,USA,,141,14,-6.5,0.6588579795022,https://arabamericannews.com/2009/01/10/News-briefs/?t=1754103610,2025-08-02,regular,
1255316039,20250801,USA,,138,13,-7.0,-8.1858407079646,https://www.yahoo.com/news/articles/fbi-dayton-man-arrested-making-183325366.html,2025-08-01,regular,
1255331888,20250801,RUS,,100,10,-5.0,-6.0313630880579,https://www.yahoo.com/news/articles/moscow-proposes-vague-peace-talks-184310441.html,2025-08-01,regular,
1254546547,20250729,RUS,,180,18,-9.0,-2.81345565749235,https://war.obozrevatel.com/okkupatsiya-pokrovska-otmenyaetsya-pochemu-armiya-rf-teryaet-temp-i-chto-budet-dalshe-intervyu-s-seleznevyim.htm,2025-07-29,regular,
1255481869,20250803,,USA,141,14,-6.5,-2.75938189845474,https://whyy.org/articles/philadelphia-presidents-house-site-slavery-exhibit-protest-trump-removal/,2025-08-03,regular,
1255448686,20250802,USA,,173,17,-5.0,-15.4411764705882,https://whyy.org/articles/philadelphia-police-arrest-alleged-gunman-recreation-center-shooting/,2025-08-02,regular,
1255296625,20250801,DEU,,130,13,-4.4,-3.71567043618739,https://www.guernicamag.com/rec_room_joel_whitney_an_image/,2025-08-01,regular,
1254984623,20250731,USA,,180,18,-9.0,-1.48809523809524,https://www.newser.com/story/372763/trumps-tariff-backflip-crashes-copper-market.html,2025-07-31,regular,
1254793596,20250730,USA,,174,17,-5.0,-4.07876230661041,https://www.skynews.com.au/world-news/global-affairs/massive-87-magnitude-earthquake-off-coast-of-russia-sparks-tsunami-fears-for-us-territories/news-story/abbb13135ceb18fcf5065164493aeca0?nk=4b701eb96925780ddc7f73157d2fbbca-1753862530,2025-07-30,regular,
1255389146,20250802,RUS,,1384,13,-7.0,-0.77319587628866,https://www.primapaginanews.it/articoli/lukashenko-la-russia-garantisce-la-sicurezza-della-bielorussia-548096,2025-08-02,regular,
1254410459,20250728,EUR,RUS,100,10,-5.0,-0.902255639097751,https://www.ilriformista.it/dazi-al-15-leuropa-si-arrende-a-trump-farmaci-e-agroalimentare-i-settori-piu-colpiti-475951/,2025-07-28,regular,
1254740190,20250730,USA,GBR,173,17,-5.0,-5.13698630136987,"https://home.nzcity.co.nz/news/article.aspx?id=427195&fm=psp,tst",2025-07-30,regular,
1255068078,20250731,,USA,173,17,-5.0,-4.70383275261324,https://www.vibe.com/news/entertainment/sean-diddy-combs-acquittal-retrial-evidence-1235091516/,2025-07-31,regular,
1254486711,20250728,RUS,UKR,160,16,-4.0,-5.43478260869565,https://www.upi.com/Top_News/World-News/2025/07/28/Aeroflot-flight-canceled-cybersecurity-Silent-Crow-Cyberpartisans/9781753715677/,2025-07-28,regular,
1261557738,20250905,ISR,EUR,130,13,-4.4,-4.77419354838709,https://www.heritagefl.com/story/2025/09/05/opinions/confronting-the-hypocrisy-of-the-european-union/22118.html,2025-09-05,regular,
1260865701,20250902,CHN,IND,163,16,-8.0,0.14144271570014,http://today.az/news/politics/261657.html,2025-09-02,regular,
1261571658,20250905,EUR,,1384,13,-7.0,-5.11363636363637,https://charter97.org/ru/news/2025/9/5/654690/,2025-09-05,regular,
1261362250,20250904,USA,,173,17,-5.0,-7.75,https://www.blackenterprise.com/wrongfully-convicted-men-stage-play-lynched-among-us/,2025-09-04,regular,
1261143365,20250903,MEX,USA,174,17,-5.0,-6.83229813664596,https://www.nbcmiami.com/news/local/brother-speaks-after-arrest-made-in-2006-dui-crash-in-hialeah/3686328/,2025-09-03,regular,
1261365743,20250904,FRA,,163,16,-8.0,-3.95061728395062,https://charter97.org/en/news/2025/9/4/654568/,2025-09-04,regular,
1260748703,20250901,USA,USA,130,13,-4.4,-0.51282051282051,https://www.unionleader.com/news/local/manchester/bernie-sanders-nh-congressional-delegation-call-for-revival-of-working-class-protections/article_3ee92e68-e6f7-4ce3-ab32-14395a38282c.html,2025-09-01,regular,
1261205873,20250904,USA,,173,17,-5.0,-6.1712846347607,https://www.kalb.com/2025/09/04/ice-detainees-being-housed-louisianas-angola-prison/,2025-09-04,regular,
1261539552,20250905,USA,,174,17,-5.0,-5.82089552238806,https://www.mirror.co.uk/news/us-news/doctor-paedo-sting-after-asking-35857753,2025-09-05,regular,
1260766345,20250902,,USA,173,17,-5.0,-9.31372549019608,https://www.legit.ng/nigeria/1672138-police-arrest-cultists-human-skull-hideout/,2025-09-02,regular,
1261279758,20250904,,USA,100,10,-5.0,-3.04017372421281,https://www.alternet.org/trump-press-conference-2673959693/,2025-09-04,regular,
1261110199,20250903,FRA,,145,14,-7.5,-4.75,https://www.lejdd.fr/Societe/au-service-de-letat-ces-prefets-courage-qui-combattent-dans-lombre-161511,2025-09-03,regular,
1260856613,20250902,,CHN,173,17,-5.0,-3.96039603960396,https://www.europapress.es/internacional/noticia-putin-tacha-disparate-temor-futuro-ataque-ruso-europa-20250902122313.html,2025-09-02,regular,
1261774087,20250907,PSE,GBR,130,13,-4.4,-2.21674876847291,https://www.yahoo.com/news/articles/change-law-stop-policing-tweets-113437720.html,2025-09-07,regular,
1260813340,20250902,RUS,,180,18,-9.0,-6.69642857142857,https://portal.lviv.ua/news/2025/09/02/u-serpni-tempy-rosijskoi-okupatsii-vpaly-majzhe-na-20-deepstate,2025-09-02,regular,
1260589353,20250901,,FRA,173,17,-5.0,-14.2857142857143,https://www.israelnationalnews.com/flashes/665472,2025-09-01,regular,
1261807094,20250907,GBR,,100,10,-5.0,-0.15847860538827,https://www.brightonandhovenews.org/2025/09/07/unions-urge-government-not-to-water-down-workers-rights-bill/,2025-09-07,regular,
1261726631,20250907,CHN,,138,13,-7.0,-3.47490347490347,https://timesofindia.indiatimes.com/education/news/ai-could-trigger-massive-unemployment-geoffrey-hinton-warns-capitalism-will-widen-inequality/articleshow/123742137.cms,2025-09-07,regular,
1261204179,20250904,USA,,130,13,-4.4,-2.39543726235741,https://www.mykxlg.com/news/national/the-latest-trump-suggests-sending-national-guard-troops-to-new-orleans-next/article_372ceb48-566b-5b50-9c6a-2558f417fd8a.html,2025-09-04,regular,
1260873978,20250902,,DEU,182,18,-9.5,-6.74740484429066,https://www.aljazeera.com/news/2025/9/2/ireland-intervenes-after-gaza-activist-national-beaten-by-german-police,2025-09-02,regular,
1261360340,20250904,SRB,EUR,163,16,-8.0,2.73141122913505,https://www.politika.rs/scc/clanak/695808/iz-madarskih-nalazista-nafta-stize-novim-pravcem,2025-09-04,regular,
1261663085,20250906,EUR,USA,163,16,-8.0,-2.51572327044025,https://news.az/news/eu-us-to-discuss-new-sanctions-on-russia-next-week,2025-09-06,regular,
1261070196,20250903,,RUS,160,16,-4.0,-2.00153964588145,https://www.globalsecurity.org/wmd/library/news/china/2025/09/china-250902-rferl02.htm,2025-09-03,regular,
1260722973,20250901,,USA,172,17,-5.0,-3.51351351351351,https://thetab.com/2025/09/01/its-almost-here-17th-september-is-the-tiktok-ban-deadline-so-will-it-disappear-again,2025-09-01,regular,
1260886651,20250902,USA,ITA,172,17,-5.0,0.109529025191669,https://www.islands.com/1952552/scenic-franny-reese-state-park-hudson-river-trails-mansion-ruins-house-restaurants/,2025-09-02,regular,
1260883086,20250902,CHN,TUR,174,17,-5.0,-1.90476190476191,https://rtcg.me/vijesti/svijet/749313/erdogan-sad-da-preispitaju-uskracivanje-viza-zvanicnicima-palestine.html,2025-09-02,regular,
1261282021,20250904,GBR,,173,17,-5.0,-8.95705521472391,https://www.naturalnews.com/2025-09-04-comedy-writer-arrested-over-tweets-critical-transgenderism.html,2025-09-04,regular,
1261120247,20250903,RUS,,143,14,-6.5,1.40597539543058,https://www.army-technology.com/news/polish-supplier-to-provide-parts-for-american-ltmads-radars/,2025-09-03,regular,
1261180532,20250903,USA,,173,17,-5.0,-8.89487870619946,https://www.nydailynews.com/2025/09/03/toms-river-nj-dui-crash-vehicular-homicide-charges/,2025-09-03,regular,
1261435088,20250905,VEN,USA,151,15,-7.2,-7.87119856887299,https://www.yasstribune.com.au/story/9058922/venezuelan-jets-fly-near-us-warship-as-cartel-boat-shot/,2025-09-05,regular,
1260885640,20250902,EUR,RUS,154,15,-7.2,-2.85415941524539,https://www.dailymail.co.uk/news/article-15057243/Could-NATO-stand-President-Xis-Axis-Upheaval-China-pushes-new-world-order-alliances-military-forces-compare-combined-Beijing-Russia-North-Korea.html,2025-09-02,regular,
1260593904,20250901,DEU,,130,13,-4.4,-6.18556701030928,https://www.t-online.de/region/aachen/id_100893872/aachen-unwetterwarnung-aktiv-regenmengen-bis-zu-35-liter-pro-m-.html,2025-09-01,regular,
1260778181,20250902,RUS,CHN,141,14,-6.5,-8.65051903114185,https://www.latimes.com/world-nation/story/2025-09-01/tens-of-thousands-demand-justice-and-protest-against-populist-rule-in-serbia,2025-09-02,regular,
1261065276,20250903,USA,,154,15,-7.2,0.0,https://www.thesouthafrican.com/news/newspapers-front-page-3-september-2025-armed-police-arrest-father-ted-writer-over-tweets-is-britain-becoming-north-korea/,2025-09-03,regular,
1261722011,20250907,GBR,IND,173,17,-5.0,6.8870523415978,https://www.bournemouthecho.co.uk/news/25445136.dorset-indian-association-celebrate-durga-puja-2025/,2025-09-07,regular,
1260605823,20250901,GBR,,141,14,-6.5,-9.28571428571431,https://bnr.bg/post/102204878/aresti-vav-velikobritania-pri-protesti-sreshtu-nastanavaneto-na-tarseshti-ubejishte-v-hoteli,2025-09-01,regular,
1261308229,20250904,GBR,,131,13,-5.8,-4.97297297297297,https://www.fairobserver.com/world-news/fo-exclusive-global-lightning-round-up-of-august-2025/,2025-09-04,regular,
1260899538,20250902,USA,,172,17,-5.0,-1.46290491118077,https://www.yahoo.com/news/articles/google-sends-parents-lgbtq-kids-154744420.html,2025-09-02,regular,
1260600155,20250901,USA,GTM,174,17,-5.0,-2.94930875576037,https://www.thehindu.com/news/international/us-judge-bars-government-from-sending-guatemalan-children-back-for-now/article69998559.ece,2025-09-01,regular,
1261633947,20250906,DEU,ISR,138,13,-7.0,-9.46745562130174,https://www.euronews.com/my-europe/2025/09/06/belgium-arrests-suspect-with-molotov-cocktail-outside-israeli-embassy-israeli-foreign-mini,2025-09-06,regular,
1261722523,20250907,,GBR,1712,17,-9.2,-5.94202898550725,https://www.ledevoir.com/monde/europe/915039/400-arrestations-lors-manifestation-soutien-palestine-action-londres,2025-09-07,regular,
1260718611,20250901,GHA,GBR,173,17,-5.0,-4.59558823529412,https://quicknews-africa.net/ibori-ex-goldman-sachs-banker-jailed/,2025-09-01,regular,
1260859632,20250902,,USA,173,17,-5.0,-9.44444444444443,https://www.fox19.com/2025/09/02/murder-suspect-arrested-2021-slaying-cincinnati-mother-6/,2025-09-02,regular,
1260728595,20250901,GBR,GBR,173,17,-5.0,-4.90463215258855,https://www.mirror.co.uk/news/uk-news/man-arrested-after-boy-8-35829448,2025-09-01,regular,
1261696666,20250906,USA,,171,17,-9.2,-7.33590733590733,https://www.ktvb.com/article/news/local/idaho-man-shoots-two-people-who-broke-into-his-shed/293-655d2acd-f536-452c-8c76-788cf8c6b95e,2025-09-06,regular,
1261395095,20250905,,USA,100,10,-5.0,1.69971671388102,https://www.nvdaily.com/nvdaily/warren-county-school-board-candidates-talk-bullying-retaining-teachers/article_c1e785f0-505c-5d61-ba3d-7f295289a8af.html,2025-09-05,regular,
1261711929,20250906,EUR,NOR,160,16,-4.0,1.11358574610245,https://www.gulf-times.com/article/710184/opinion/trump-and-the-insatiable-quest-for-a-nobel-prize,2025-09-06,regular,
1261593140,20250906,USA,,186,18,-10.0,-1.70807453416149,https://www.fox5ny.com/news/trump-defense-department-war-renaming,2025-09-06,regular,
1260747945,20250901,RUS,,138,13,-7.0,-2.05479452054794,https://www.ridus.ru/vengerskaya-partiya-zayavila-o-planah-kieva-atakovat-nefteprovod-685446.html,2025-09-01,regular,
1261276497,20250904,,USA,173,17,-5.0,-5.49450549450549,https://www.latimes.com/california/story/2025-09-04/heavily-armed-angel-of-death-from-alabama-charged-with-threatening-socal-church,2025-09-04,regular,
1266322999,20250902,,RUS,150,15,-7.2,-5.83446404341927,https://grenadachronicle.com/danish-pm-warns-that-russia-is-waging-hybrid-war-on-europe/,2025-09-02,regular,
1261379644,20250904,,USA,1712,17,-9.2,-0.38797284190106,https://www.wamc.org/news/2025-09-04/scotia-considers-demolishing-historic-building-amid-budget-concerns,2025-09-04,regular,
1261677253,20250906,USA,,180,18,-9.0,-6.3265306122449,https://www.foxnews.com/us/gilgo-beach-suspect-rex-heuermann-loses-bid-toss-dna-evidence-upcoming-murder-trial,2025-09-06,regular,
1261004801,20250903,USA,,141,14,-6.5,0.18050541516245,https://www.wzzm13.com/article/news/local/michigan-school-district-enhances-safety-with-gun-detection/69-c228c517-22e3-4938-9e19-d10e6a124a63,2025-09-03,regular,
1261436539,20250905,USA,USA,180,18,-9.0,-6.98689956331878,https://www.fox23.com/news/judge-rules-tulsa-woman-seeking-resentencing-hearing-under-survivors-act-will-serve-rest-of-sentence/article_2763a458-e5fa-449e-8823-3dca46901206.html,2025-09-05,regular,
1261450161,20250905,USA,MDV,172,17,-5.0,-7.23562152133581,https://ktar.com/arizona-news/officer-involved-shooting-tucson/5746277/,2025-09-05,regular,
1260914787,20250902,RUS,RUS,100,10,-5.0,-6.0,https://www.freemalaysiatoday.com/category/world/2025/08/13/estonia-expels-russian-diplomat-over-interference,2025-09-02,regular,
1260948210,20250902,USA,,173,17,-5.0,-5.15463917525773,https://www.newsweek.com/laken-ashlee-snelling-pleads-not-guilty-infant-death-2123427,2025-09-02,regular,
1261797047,20250907,FRA,UKR,141,14,-6.5,-0.99009900990099,https://aif.ru/politics/v-parizhe-proshel-miting-protiv-vvoda-voysk-na-ukrainu-i-pomoshchi-kievu,2025-09-07,regular,
1260849529,20250902,USA,,1821,18,-9.0,-10.4347826086957,https://www.lastampa.it/esteri/2025/09/02/news/gerard_depardieu_nuovo_processo_accusa_stupro_charlotte_arnould-15292170/,2025-09-02,regular,
1261122901,20250903,USA,,182,18,-9.5,-5.02092050209205,https://www.stcatharinesstandard.ca/news/ontario/girl-11-dead-after-suspected-arson-at-richmond-hill-ont-home-york-police/article_955921d0-f0eb-51b2-8912-184c10595408.html,2025-09-03,regular,
1260693415,20250901,FRA,UKR,164,16,-7.0,-3.30188679245283,https://www.tbsnews.net/world/putin-says-reached-understandings-trump-ukraine-war-1226066,2025-09-01,regular,
1261598969,20250906,USA,,154,15,-7.2,-9.89010989010987,https://www.fcnl.org/updates/2025-09/week-world-trump-opens-new-chapter-forever-wars,2025-09-06,regular,
1260824577,20250902,,USA,173,17,-5.0,-5.73770491803279,https://www.nbcbayarea.com/news/national-international/university-of-kentucky-cheerleader-accused-of-hiding-dead-baby-in-closet/3941753/,2025-09-02,regular,
1260813940,20250902,GBR,,1044,10,-5.0,2.91443850267379,https://afr.net/podcasts/americas-providential-history/2025/september/america-founded-on-the-christian-faith/,2025-09-02,regular,
1260959788,20250902,USA,,100,10,-5.0,2.03619909502263,https://www.pressreleasepoint.com/first-day-back-session-congress-urged-protect-horses,2025-09-02,regular,
1261164073,20250903,USA,,173,17,-5.0,-5.95238095238095,https://www.kkco11news.com/2025/09/02/barry-morphew-appears-court-tuesday-judge-rules-bond-will-remain-3-million/,2025-09-03,regular,
1261567105,20250905,,USA,180,18,-9.0,-9.82532751091708,https://www.yahoo.com/news/articles/ohio-doctor-suspected-1989-sexual-191150227.html,2025-09-05,regular,
1261347187,20250904,USA,,1712,17,-9.2,-1.37672090112641,https://www.sacurrent.com/news/texas-news/texas-says-its-strict-on-oilfield-well-emissions-the-data-shows-otherwise/,2025-09-04,regular,
1260840942,20250902,FIN,RUS,154,15,-7.2,-4.73627556512379,http://www.op-online.de/politik/trump-ist-so-dumm-ex-kommandeur-warnt-vor-frueheren-angriff-von-putins-russland-auf-nato-zr-93875176.html,2025-09-02,regular,
1261318657,20250904,USA,RUS,163,16,-8.0,-3.59583952451709,https://www.mondaq.com:443/unitedstates/export-controls-trade-investment-sanctions/1673962/sanctions-update-september-3-2025,2025-09-04,regular,
1260917687,20250902,USA,USA,173,17,-5.0,-8.11965811965812,https://wcbm.com/national-headline/guess-which-judge-just-released-a-woman-who-threatened-to-disembowel-trump/,2025-09-02,regular,
1260899399,20250902,,USA,100,10,-5.0,-3.53982300884956,https://www.bworldonline.com/world/2025/09/02/695297/in-mexico-tariffs-cause-thousands-in-job-losses/,2025-09-02,regular,
1260698270,20250901,RUS,,180,18,-9.0,-11.1111111111111,https://www.objectiv.tv/objectively/2025/09/01/gde-atakoval-vrag-na-harkovshhine-1-sentyabrya-dannye-genshtaba-na-16-00/,2025-09-01,regular,
1261572964,20250905,,USA,140,14,-6.5,-4.47761194029851,https://www.aei.org/op-eds/not-all-conservatives-agree-with-trump-on-flag-burning-order/,2025-09-05,regular,
1261205983,20250904,USA,USA,173,17,-5.0,-6.05187319884726,https://mynews4.com/news/local,2025-09-04,regular,
1261493278,20250905,RUS,UKR,154,15,-7.2,-1.20663650075415,https://www.newsday.com/news/nation/russia-ukraine-war-putin-foreign-troops-peacekeepers-p73917,2025-09-05,regular,
1261682370,20250906,GBR,ARE,173,17,-5.0,-5.13643659711076,https://www.birminghammail.co.uk/news/uk-news/mum-brit-student-jailed-life-32428641,2025-09-06,regular,
1261328450,20250904,FRA,,160,16,-4.0,-3.60551431601272,https://www.humanite.fr/en-debat/prix-agricoles/pas-de-souverainete-alimentaire-sans-revenu-agricole,2025-09-04,regular,
1260881665,20250902,,USA,173,17,-5.0,-13.0841121495327,https://www.yahoo.com/news/articles/durham-man-charged-breaking-ex-135439940.html,2025-09-02,regular,
1261148117,20250903,,USA,160,16,-4.0,2.43362831858407,https://www.yahoo.com/news/articles/amid-high-profile-shootings-nypd-184100600.html,2025-09-03,regular,
1261428277,20250905,PSE,USA,1712,17,-9.2,-5.56792873051225,https://foxwilmington.com/israel-takes-40-of-gaza-city-with-eyes-on-military-rule-in-forceful-new-offensive/,2025-09-05,regular,
1260885782,20250902,,DEU,180,18,-9.0,-5.79399141630901,https://www.inquirer.com/opinion/commentary/immigration-refugees-european-union-trump-cruelty-20250902.html,2025-09-02,regular,
1261602714,20250906,USA,,180,18,-9.0,-11.0552763819095,https://www.yahoo.com/news/articles/serial-sexual-assault-suspect-found-225857094.html,2025-09-06,regular,
1261377864,20250904,GBR,,173,17,-5.0,-2.61194029850746,https://www.beaufortcountynow.com/post/91318/farage-at-us-congress-warns-americans-over-european-attacks-on-free-speech.html,2025-09-04,regular,
1260884212,20250902,CHN,RUS,173,17,-5.0,-2.41228070175439,https://www.dw.com/sq/xi-dhe-putin-theksojn%c3%ab-unitet-n%c3%ab-nj%c3%ab-takim-n%c3%ab-pekin/a-73853660,2025-09-02,regular,
1260877690,20250902,CHN,EUR,138,13,-7.0,-3.47490347490347,https://www.telegraf.rs/vesti/svet/4173558-putin-u-pekingu-odgovorio-na-tvrdnje-da-moskva-planira-napad-na-evropu,2025-09-02,regular,
1261414909,20250905,RUS,ISR,160,16,-4.0,-11.731843575419,https://japantoday.com/category/world/us-imposes-sanctions-on-palestinians-who-asked-for-israel-war-crimes-probe,2025-09-05,regular,
1261166652,20250903,,GBR,133,13,-5.8,-7.88043478260869,https://socialistworker.co.uk/labour/we-wont-be-silenced-say-defend-our-juries-after-arrests/,2025-09-03,regular,
1261781581,20250907,USA,RUS,100,10,-5.0,-6.3872255489022,https://www.inverness-courier.co.uk/news/national/starmer-condemns-putin-over-cowardly-assault-on-kyiv-140090/,2025-09-07,regular,
1261392203,20250904,USA,,160,16,-4.0,-6.20689655172413,https://www.wkyt.com/2025/09/04/ky-city-council-expected-vote-impeaching-mayor-friday/,2025-09-04,regular,
1261270208,20250904,USA,,138,13,-7.0,-5.33333333333334,https://www.dnaindia.com/world/report-us-lawmaker-s-big-warning-amid-donald-trump-s-50-per-cent-tariffs-on-india-says-it-could-threaten-3178831,2025-09-04,regular,
1260949305,20250902,,USA,186,18,-10.0,-1.80831826401447,https://www.prweek.com/article/1930827/portland-founder-tim-allan-back-downing-street,2025-09-02,regular,
1261494570,20250905,RUS,,154,15,-7.2,7.42049469964665,https://dailynayadiganta.com/international/europe/2pWlwAIXthN0,2025-09-05,regular,
1261683233,20250906,JPN,,173,17,-5.0,-3.44827586206897,https://www.colombia.com:443/actualidad/politica/alvaro-uribe-lanza-ironico-mensaje-a-gustavo-petro-por-sus-cuentas-de-la-lechona-en-japon-534150,2025-09-06,regular,
1261692166,20250906,,GBR,163,16,-8.0,-2.39880059970015,https://itongadol.com/internacionales/diputada-britanica-que-apoyo-el-boicot-a-israel-es-nombrada-ministra-del-interior-de-reino-unido,2025-09-06,regular,
1261550143,20250905,EUR,,130,13,-4.4,-1.72413793103448,https://www.agriland.ie/farming-news/mercosur-not-a-good-deal-for-ireland-as-govt-urged-by-opposition-to-stand-firm/,2025-09-05,regular,
1261351062,20250904,,DEU,154,15,-7.2,0.68181818181818,https://www.kyivpost.com/post/59468,2025-09-04,regular,
1261340688,20250904,GBR,PSE,203,20,-10.0,-2.43741765480896,https://www.wsws.org/en/articles/2025/09/04/wyeg-s04.html,2025-09-04,regular,
1260823113,20250902,UKR,RUS,100,10,-5.0,-4.25776754890679,https://www.dw.com/en/ukraine-updates-seoul-says-2000-north-korean-troops-killed/live-73844989,2025-09-02,regular,
1266076823,20250930,,USA,170,17,-7.0,-11.764705882353,https://www.baltimoresun.com/2025/09/30/federal-task-force-launches-in-memphis-makes-nine-arrests-on-first-day/,2025-09-30,regular,
1266612170,20251003,USA,,173,17,-5.0,-2.7743271221532,https://www.christianitytoday.com/2025/10/john-cornyn-ken-paxton-texas-senate-primary-race-trump/,2025-10-03,regular,
1266896011,20251005,CHE,DEU,173,17,-5.0,3.19018404907975,https://www.countrylife.co.uk/luxury/art-and-antiques/each-of-my-active-ancestors-had-the-good-sense-and-taste-to-purchase-or-commission-the-outstanding-work-of-their-time-meet-the-collecting-dynasties,2025-10-05,regular,
1266388323,20251002,,GBR,130,13,-4.4,-5.17676767676767,https://www.yahoo.com/news/articles/one-third-children-malnourished-kenya-161821342.html,2025-10-02,regular,
1266725662,20251004,USA,,173,17,-5.0,-4.50097847358121,https://mix106radio.com/ixp/737/p/idaho-judge-crime-photo-ruling/,2025-10-04,regular,
1266210151,20251001,DEU,EUR,100,10,-5.0,0.78973346495558,https://www.teraz.sk/zahranicie/september-v-polsku-vyberovy-prehla/910166-clanok.html,2025-10-01,regular,
1265749139,20250929,RUS,,138,13,-7.0,1.30208333333334,https://www.novinite.bg/articles/273768/vans-rusiya-otkazva-mirni-pregovori-tramp-obmislya-da-dostavi-na-ukrayna-tomahouk,2025-09-29,regular,
1266542804,20251003,USA,,173,17,-5.0,-4.62328767123287,https://www.kctv5.com/2025/10/02/court-records-wyandotte-county-detention-officer-knelt-charles-adairs-back-more-than-minute/,2025-10-03,regular,
1265787525,20250929,,USA,173,17,-5.0,-4.56942003514939,https://www.computing.co.uk/opinion/2025/it-essentials-teenage-kicks,2025-09-29,regular,
1265757288,20250929,USA,USA,100,10,-5.0,-5.37109375,https://tulsaworld.com/news/state-regional/government-politics/article_7eef8869-4927-4a34-893d-156b88ca0ae4.html,2025-09-29,regular,
1266221906,20251001,RUS,BEL,173,17,-5.0,-4.02930402930403,https://www.thestar.com.my/news/world/2025/10/01/kremlin-warns-european-leaders-against-plan-it-says-would-steal-russia039s-money,2025-10-01,regular,
1265852128,20250929,,USA,180,18,-9.0,-13.5416666666667,https://www.wabi.tv:443/2025/09/29/pittsfield-man-accused-sexually-assaulted-dog/,2025-09-29,regular,
1266881857,20251005,RUS,EUR,180,18,-9.0,6.32911392405063,https://time.mk/c/35fbaffcb3/kina-i-dava-satelitska-razuznavacka-poddrska-na-rusija-za-napadite-veli-ukraina.html,2025-10-05,regular,
1266440801,20251002,,JPN,1043,10,-5.0,-3.04347826086957,http://koreabizwire.com/category/policies-politics_national/history-of-korea,2025-10-02,regular,
1266912019,20251005,,GBR,173,17,-5.0,-7.95287187039764,https://www.thenational.scot/news/25518090.rising-tide-anti-immigrant-violence-threatens-take-hold/,2025-10-05,regular,
1265775911,20250929,,USA,180,18,-9.0,-0.78387458006719,https://www.tribtoday.com/news/local-news/2025/09/cemetery-tour-alive-with-history/,2025-09-29,regular,
1266460421,20251002,USA,AFR,174,17,-5.0,-2.12765957446808,https://www.ghanaweb.com/GhanaHomePage/NewsArchive/Mahama-opens-up-on-what-Ghana-gave-to-get-US-visa-restrictions-reversed-2003340,2025-10-02,regular,
1266790918,20251004,GBR,,130,13,-4.4,-3.33333333333334,https://jowhar.com/imminent-elections-could-decide-the-fate-of-the-uk-prime-minister/,2025-10-04,regular,
1266291726,20251001,,USA,173,17,-5.0,-16.988416988417,https://www.fox10phoenix.com/news/woman-arrested-north-phoenix-rideshare-crash-killed-passenger,2025-10-01,regular,
1266715998,20251003,,USA,173,17,-5.0,-5.76923076923077,https://www.tmz.com/2025/10/03/diddy-sentenced-4-years-prison/,2025-10-03,regular,
1266479173,20251002,SWE,RUS,160,16,-4.0,-9.375,https://severpost.ru/read/196093/,2025-10-02,regular,
1265930032,20250930,GBR,GBR,173,17,-5.0,3.7199124726477,https://www.philstar.com/business/biz-memos/2025/09/30/2476482/new-law-reinforce-bilateral-trade-relations-uk-british-chamber,2025-09-30,regular,
1266732264,20251004,,USA,173,17,-5.0,-7.91814946619218,https://scallywagandvagabond.com/2025/10/thomas-brown-mcso-arrested-in-murder-of-2-phoenix-az-teens-camping/,2025-10-04,regular,
1265968921,20250930,EUR,,138,13,-7.0,-5.64038565066314,https://society.comments.ua/news/warrussia/pochemu-v-evrope-uzhe-otkryto-preduprezhdayut-o-voyne-s-rf-kakoy-signal-poluchen-782403.html,2025-09-30,regular,
1266562395,20251003,DEU,ISR,161,16,-4.0,-6.53769179452969,https://cyprus-mail.com/2025/10/03/israel-accuses-britain-of-not-doing-enough-to-curb-antisemitism-following-synagogue-shooting,2025-10-03,regular,
1266793756,20251004,CHE,USA,161,16,-4.0,-2.86069651741293,https://www.thereporteronline.com/2025/10/04/phoenixville-shows-off-new-green-sewage-sludge-treatment/,2025-10-04,regular,
1266267082,20251001,DEU,DEU,138,13,-7.0,-12.280701754386,https://www.gazetaexpress.com/policia-gjermane-arreston-tre-burra-qe-dyshohet-se-ishin-te-hamasit-e-qe-po-planifikonin-sulme-ne-gjermani/,2025-10-01,regular,
1266905542,20251005,,RUS,173,17,-5.0,-8.09523809523809,https://www.ynet.co.il/news/article/syj6vry6ee,2025-10-05,regular,
1266469483,20251002,RUS,UKR,163,16,-8.0,-3.4375,https://www.rtl.nl/nieuws/economie/artikel/5531375/eu-plan-voor-bevroren-russische-tegoeden-aan-oekraine-oorlog,2025-10-02,regular,
1266846446,20251005,USA,,154,15,-7.2,-2.91970154745915,https://www.dailygazette.com/hv360/ap/national/trump-plans-to-deploy-national-guard-in-illinois-governor-says/article_5c598989-24b7-5a5b-8e1c-6c1d9ed98440.html,2025-10-05,regular,
1266230337,20251001,RUS,TJK,174,17,-5.0,-1.53256704980843,https://www.trend.az/casia/tajikistan/4098227.html,2025-10-01,regular,
1266482453,20251002,USA,,138,13,-7.0,-5.20231213872832,https://www.eonline.com/news/1423314/new-york-times-sues-justin-baldoni-over-blake-lively-case,2025-10-02,regular,
1266898800,20251005,RUS,,173,17,-5.0,-0.836820083682006,https://www.zazoom.it/2025-10-05/aerei-militari-italiani-in-estonia-via-gli-f35-ecco-gli-eurofighter-il-cambio-della-guardia-nella-missione-nato/17884043/,2025-10-05,regular,
1266044482,20250930,DEU,,180,18,-9.0,-11.358574610245,https://www.oedigital.com/news/530571-diver-linked-to-nord-stream-explosions-detained-in-poland,2025-09-30,regular,
1266934502,20251005,RUS,,180,18,-9.0,-9.2741935483871,https://rashtriyakhabar.com/151117/,2025-10-05,regular,
1266431758,20251002,EUR,,172,17,-5.0,-8.24261275272158,https://gazeta.ua/articles/world-life/_v-kalyuzhi-sechi-ta-rozstril-bilya-tualetu-yak-pomirali-diktatori-hh-stolittya/1077845,2025-10-02,regular,
1266309715,20251001,USA,,1821,18,-9.0,-10.9947643979058,https://www.foxnews.com/us/illegal-immigrant-linked-17-rapes-deported-8-times-faces-reinstated-charges,2025-10-01,regular,
1266934895,20251005,GBR,,138,13,-7.0,-2.09955687518276,https://www.surreycomet.co.uk/news/national/25518861.mahmood-urges-people-stand-united-suspected-arson-mosque/,2025-10-05,regular,
1266352313,20251002,EUR,,160,16,-4.0,-7.94044665012407,https://www.kompas.com/global/read/2025/10/02/103054170/kapal-tanker-disergap-perancis-diduga-terkait-dengan-drone-misterius-di,2025-10-02,regular,
1266481060,20251002,RUS,RUS,138,13,-7.0,-2.4,https://time.mk/ai/31697cb2ca/mk/,2025-10-02,regular,
1266333820,20251002,USA,USA,173,17,-5.0,-18.3673469387755,https://www.wsmv.com/2025/10/01/officers-injured-during-arrest-domestic-violence-suspect-nashville/,2025-10-02,regular,
1265851173,20250929,USA,,1383,13,-7.0,-2.34899328859061,https://www.pressherald.com/2025/09/29/bomb-threat-at-colby-college-cancels-classes-closes-buildings/,2025-09-29,regular,
1266458668,20251002,,USA,173,17,-5.0,-12.5,https://wiky.com/2025/10/02/gcso-makes-another-arrest-in-murder-case/,2025-10-02,regular,
1266441067,20251002,USA,,173,17,-5.0,-14.8325358851675,https://www.crescent-news.com/news/local_news/defiance-municipal-court/article_6d7cf3eb-a3d0-4340-8371-935757febc59.html,2025-10-02,regular,
1266758432,20251004,USA,,166,16,-7.0,-3.35365853658536,https://www.khq.com/news/evacuations-remain-in-place-for-lower-sugarloaf-fire/article_5f3c5822-4f75-5bb9-9522-337069439010.html,2025-10-04,regular,
1266070166,20250930,EUR,,130,13,-4.4,-0.94191522762951,https://www.euronews.com/my-europe/2025/09/30/eu-and-india-seek-closer-relations-in-shadow-of-russia,2025-09-30,regular,
1266710147,20251003,,USA,173,17,-5.0,-4.54545454545454,https://wadk.com/national-news/48af8e8d3a465753e529aba8ee02239d,2025-10-03,regular,
1266320611,20251002,,USA,180,18,-9.0,-6.28415300546448,https://cbs6albany.com/news/local/coalition-of-ags-sue-doj-over-funding-restrictions-for-crime-victim-services-cbs6-wrgb,2025-10-02,regular,
1266099905,20250930,USA,,173,17,-5.0,-2.01550387596899,https://bismarcktribune.com/news/nation-world/government-politics/article_98a0ccf3-067f-5f02-ae3b-b51ab793b699.html,2025-09-30,regular,
1265743584,20250929,USA,,130,13,-4.4,-4.32098765432099,https://lapatilla.com/2025/09/28/los-dias-de-maduro-estan-contados-la-contundente-advertencia-del-congresista-carlos-gimenez/,2025-09-29,regular,
1266925795,20251005,DEU,,160,16,-4.0,-3.31491712707183,https://www.larazon.es/internacional/actividad-aeropuerto-capital-lituania-vuelve-normalidad-haber-detectado-objetos-voladores-sospechosos-espacio-aereo-b50m_2025100568e2949f2aac281a5cbe5794.html,2025-10-05,regular,
1266446421,20251002,RUS,EUR,130,13,-4.4,-5.73979591836735,https://www.sandiegouniontribune.com/2025/10/02/zelenskyy-russian-drone-nuclear-dangers/,2025-10-02,regular,
1266100069,20250930,USA,,173,17,-5.0,-1.66503428011753,https://www.yahoo.com/news/us/article/des-moines-schools-superintendent-ian-roberts-will-resign-after-being-arrested-by-ice-213455076.html,2025-09-30,regular,
1266928577,20251005,,DEU,100,10,-5.0,1.47058823529412,https://www.politika.rs/scc/clanak/701988/pistorijus-nemacka-mora-da-ojaca-odbranu-od-dronova-bez-upadanja-u-putinovu-zamku,2025-10-05,regular,
1266447326,20251002,,EUR,173,17,-5.0,-4.67889908256881,https://www.lanacion.com.ar/el-mundo/fracaso-la-flotilla-humanitaria-que-hara-israel-con-greta-thunberg-y-los-activistas-que-queria-nid02102025/,2025-10-02,regular,
1266447416,20251002,IRN,EUR,131,13,-5.8,-1.28205128205129,https://brf.be/international/2011822/,2025-10-02,regular,
1265998494,20250930,CHN,CHN,173,17,-5.0,-7.23981900452486,https://duma.bg/nakratko-n310413,2025-09-30,regular,
1265803423,20250929,DEU,LTU,154,15,-7.2,0.63559322033898,https://www.lrt.lt/naujienos/lietuvoje/2/2696399/i-vieninga-lietuvos-oro-gynybos-sistema-nutarta-integruoti-pasieniecius-ir-vst-pareigunus,2025-09-29,regular,
1265804810,20250929,GBR,,130,13,-4.4,-2.71739130434783,https://www.express.co.uk/news/royal/2114570/king-charles-prince-andrew-bombshell,2025-09-29,regular,
1265805631,20250929,USA,,173,17,-5.0,-9.38166311300638,https://www.khou.com/article/news/crime/sarah-hartsfield-trial-chambers-county-texas/285-853f4af5-cd01-4916-b512-ca811f1b0900,2025-09-29,regular,
1266425380,20251002,GBR,,100,10,-5.0,0.54744525547445,https://www.aljazeera.com/news/2025/10/2/uk-govt-demand-to-access-apple-users-data-raises-civil-liberties-issues,2025-10-02,regular,
1266265554,20251001,,USA,140,14,-6.5,-2.08248264597795,https://www.democracynow.org/2025/10/1/aaup_v_rubio,2025-10-01,regular,
1265801732,20250929,,FRA,172,17,-5.0,-4.73118279569893,https://www.telegraf.rs/vesti/svet/4188163-rusija-je-izgubila-moldaviju-usledilo-opste-ludilo-nato-planira-invaziju-svi-na-ulice-u-ponedeljak,2025-09-29,regular,
1266831813,20251004,GBR,SYR,173,17,-5.0,-7.52941176470586,https://www.breitbart.com/europe/2025/10/04/thousands-of-pro-palestinian-activists-protest-across-england-just-days-after-synagogue-terror-attack/,2025-10-04,regular,
1266101703,20250930,GBR,RUS,130,13,-4.4,-7.28476821192053,https://ria.ru/20250930/britaniya-2045525454.html,2025-09-30,regular,
1266900931,20251005,USA,,173,17,-5.0,-13.3640552995391,https://www.mojo1029.com/2025/10/04/bartholomew-county-drug-dealer-convicted-sentenced/,2025-10-05,regular,
1266291727,20251001,,USA,173,17,-5.0,-8.30449826989619,https://www.the-independent.com/news/world/americas/crime/little-caesars-sauce-kentucky-woman-rampage-b2837557.html,2025-10-01,regular,
1266538750,20251003,,USA,173,17,-5.0,-8.93617021276595,https://www.thv11.com/article/news/crime/florida-man-capital-murder-arkansas-sister/91-111b4cd4-dbfa-4e28-ab80-a13b4bc5dbf2,2025-10-03,regular,
1266165261,20251001,,USA,100,10,-5.0,-1.60857908847185,https://www.thecrimson.com/article/2025/10/1/mike-pence-harvard-deal/,2025-10-01,regular,
1266165487,20251001,DEU,KOR,173,17,-5.0,2.22513089005235,https://www.koreaherald.com/article/10587860,2025-10-01,regular,
1266321915,20251002,USA,,180,18,-9.0,-6.36792452830189,"http://neshobademocrat.com/stories/man-arrested-after-firing-at-deputies,176715",2025-10-02,regular,
1266563806,20251003,,EUR,154,15,-7.2,-2.96474358974359,https://www.thetimes.com/world/russia-ukraine-war/article/children-kidnapped-russia-ukraine-war-z5wgxc2zg,2025-10-03,regular,
1266141503,20251001,,DEU,100,10,-5.0,-0.95465393794749,https://www.realitateamedia.ro/cum-va-fi-oprita-prabusirea-financiara-a-statiunii-negulesti/,2025-10-01,regular,
1266035585,20250930,GBR,,173,17,-5.0,-7.60563380281687,https://www.bbc.com/news/articles/c0lke54g78jo,2025-09-30,regular,
1266251503,20251001,RUS,POL,150,15,-7.2,-3.04449648711944,https://www.winnipegfreepress.com/arts-and-life/life/sci-tech/2025/10/01/mystery-drone-sightings-reported-over-critical-infrastructure-in-northern-germany,2025-10-01,regular,
1267476797,20251001,USA,USA,180,18,-9.0,-6.60569105691057,https://www.washingtonexaminer.com/news/investigations/3841468/portland-police-hamstrung-by-2020-era-reforms/,2025-10-01,regular,
1266912578,20251005,PNG,JPN,143,14,-6.5,-0.97008892481811,https://www.thegardenisland.com/2025/10/05/hawaii-news/military-looks-to-papua-new-guinea-for-alternative-to-red-hill-facility/,2025-10-05,regular,
1266128499,20251001,USA,CHN,173,17,-5.0,-8.04597701149426,https://www.kktv.com/2025/09/30/denver-area-companies-top-executives-indicted-selling-chinese-forklifts-us-government-made-america/,2025-10-01,regular,
1266004401,20250930,GBR,GBR,180,18,-9.0,-9.88372093023257,https://www.huntspost.co.uk/news/25502028.st-neots-man-spared-jail-assaulted-police-officer/,2025-09-30,regular,
1266247811,20251001,,USA,160,16,-4.0,-4.78654592496766,https://www.utdailybeacon.com/campus_news/administration/controversial-instructor-incidents-a-look-back-through-the-years/article_8ffe11bd-dddb-4d65-9137-dd0b64b38721.html,2025-10-01,regular,
1265821076,20250929,,USA,100,10,-5.0,-1.51724137931035,https://www.poynter.org/reporting-editing/2025/minnesota-star-tribune-artificial-intelligence/,2025-09-29,regular,
1266361801,20251002,USA,TUR,186,18,-10.0,2.20588235294118,https://www.yumasun.com/opinion/guest-column-putting-the-lord-s-prayer-into-practice/article_5dd52476-67c2-4df7-a232-dbded5ef2ee5.html,2025-10-02,regular,
1266834138,20251004,GBR,,141,14,-6.5,-6.05652759084792,https://www.dailymail.co.uk/news/article-15162585/Palestine-Action-terrorists-arrested-London.html,2025-10-04,regular,
1265750048,20250929,USA,USA,1822,18,-9.0,-7.8774617067834,https://www.lewrockwell.com/2025/09/lew-rockwell/our-totalitarian-legal-system/,2025-09-29,regular,
1266666829,20251003,USA,,130,13,-4.4,-5.0,https://www.economx.hu/tech/kiberbiztonsag-hekkerek-zsarolovirus-techceg-oracle-ugyfelek.817114.html,2025-10-03,regular,
1266594925,20251003,,RUS,130,13,-4.4,-8.62068965517241,https://www.irishexaminer.com/world/arid-41717031.html,2025-10-03,regular,
1265851391,20250929,USA,,164,16,-7.0,-4.88929889298893,https://wtop.com/national/2025/09/police-remain-on-scene-at-burned-out-michigan-church-after-shooting-and-fire-leave-4-dead-8-wounded/,2025-09-29,regular,
1266499178,20251002,USA,,173,17,-5.0,-7.33590733590734,https://www.nydailynews.com/2025/10/02/long-island-car-chase-shootout-prison-sentence-brandon-scanlon/,2025-10-02,regular,
1266103616,20250930,USA,USA,173,17,-5.0,-2.99572039942939,https://www.southcarolinapublicradio.org/2025-09-30/attorney-general-bondi-says-9-arrested-on-first-day-of-federal-crackdown-in-memphis,2025-09-30,regular,
1265941317,20250930,USA,,180,18,-9.0,-4.83193277310925,https://www.foxnews.com/media/former-doge-staffer-edward-coristine-describes-brutal-d-c-attack-teen-gang-bunch-punches,2025-09-30,regular,
1265847865,20250929,ISR,USA,173,17,-5.0,-0.70395738203958,https://www.democracynow.org/2025/9/29/zohran_mamdani_nyc_2025_election_adams,2025-09-29,regular,
1265743914,20250929,,USA,152,15,-7.2,-2.24215246636772,https://www.ktvb.com/article/news/local/wildfire/wildfire-north-of-ketchum-grows-to-300-acres-prompts-pre-evacuation-orders-idaho/277-f73d9eca-0ab0-42f6-a03e-c0d297ebdd76,2025-09-29,regular,
1265811173,20250929,RUS,,100,10,-5.0,-1.80722891566265,https://www.m24.ru/news/vlast/29092025/833976,2025-09-29,regular,
1266610015,20251003,,RUS,173,17,-5.0,-7.50000000000003,https://www.svoboda.org/a/azar-i-eschyo-troe-deputatov-mirnoy-rossii-zaochno-osuzhdeny-v-rf/33547970.html,2025-10-03,regular,
1266023408,20250930,USA,,130,13,-4.4,-5.08771929824561,https://www.yahoo.com/news/articles/tropical-storm-imelda-forecast-sharp-093000694.html,2025-09-30,regular,
1266059922,20250930,RUS,UKR,100,10,-5.0,-0.59435364041605,https://www.tagesspiegel.de/internationales/ukraine-invasion-tag-1314-frankreich-stellt-sich-offenbar-beim-ukraine-kredit-aus-russischem-vermogen-quer-14431478.html,2025-09-30,regular,
1266651573,20251003,,RUS,130,13,-4.4,-5.37634408602151,https://www.zdg.md/stiri/germania-verifica-o-nava-a-flotei-din-umbra-rusesti-in-legatura-cu-zborurul-dronelor-la-munchen/,2025-10-03,regular,
1266181031,20251001,ITA,GBR,138,13,-7.0,-6.38297872340426,https://www.tvguide.co.uk/schedule/a212fd51-0006-55f0-bbd6-a035f0f48646/world-war-ii-secrets-from-above,2025-10-01,regular,
1266904181,20251005,UKR,RUS,130,13,-4.4,-2.90697674418604,https://privatbankar.hu/cikkek/nemzetkozi/megint-felszalltak-a-lengyel-vadaszgepek--kina-mozgatja-a-szalakat-a-hatterbol.html,2025-10-05,regular,
1265829262,20250929,USA,FRA,173,17,-5.0,4.01146131805157,https://www.thehindubusinessline.com/companies/mo%C3%ABt-hennessy-india-appoints-siddharth-suri-as-md/article70109086.ece,2025-09-29,regular,
1271026094,20251028,USA,,173,17,-5.0,-7.36842105263158,https://www.kare11.com/article/news/local/minnesota-activists-demand-justice-postal-workers-jail-death-dakota-county/89-42f04d97-b8a3-40fb-985c-50abdddcbe97,2025-10-28,regular,
1271884774,20251101,,FRA,100,10,-5.0,-1.67264038231781,https://www.farodevigo.es/opinion/2025/11/01/publicidad-maxima-juicio-fiscal-general-123242831.html,2025-11-01,regular,
1270994072,20251027,,USA,138,13,-7.0,-3.33102012491325,https://www.independent.co.uk/news/world/americas/us-politics/trump-news-mri-third-term-live-updates-b2853143.html,2025-10-27,regular,
1271252388,20251029,USA,,141,14,-6.5,-0.738552437223039,https://www.studlife.com/news/2025/10/28/should-everyone-be-religious-nyt-columnist-discusses-the-existence-of-god-and-significance-of-religion,2025-10-29,regular,
1270943575,20251027,,RUS,145,14,-7.5,-7.25190839694657,https://www.infox.ru/news/299/365880-muzcina-s-benzopiloj-ustroil-besporadki-vozle-bara-v-sverdlovskoj-oblasti,2025-10-27,regular,
1271447483,20251030,THA,CHN,173,17,-5.0,-10.6177606177606,https://www.bangkokpost.com/opinion/opinion/3128610/scams-grow-as-laws-lag,2025-10-30,regular,
1271852191,20251101,USA,,173,17,-5.0,-8.98550724637682,https://www.yahoo.com/news/articles/violation-oath-deputy-arrested-case-235717836.html,2025-11-01,regular,
1271888561,20251101,RUS,UKR,180,18,-9.0,-10.1382488479262,https://investigator.org.ua/war/279565/,2025-11-01,regular,
1271259385,20251029,,CHN,164,16,-7.0,-0.46620046620047,https://www.yahoo.com/news/articles/trump-says-may-speak-chinas-044641369.html,2025-10-29,regular,
1271386256,20251029,USA,USA,181,18,-9.0,-2.18861918026263,https://capitalandmain.com/ive-never-seen-anything-like-it-aggressive-ice-raids-led-one-man-to-ask-should-i-self-deport,2025-10-29,regular,
1271513823,20251030,IRN,USA,100,10,-5.0,-0.57471264367817,https://www.moneycontrol.com/world/india-secures-us-waiver-extension-for-chabahar-port-till-early-2026-why-it-s-a-major-diplomatic-win-for-new-delhi-article-13642523.html,2025-10-30,regular,
1271429583,20251029,USA,,1712,17,-9.2,-0.42462845010615,https://wobm.com/ixp/385/p/roberto-marquez-ice-detention/,2025-10-29,regular,
1271605594,20251030,,USA,100,10,-5.0,-1.94668637911402,https://us.cnn.com/2025/10/30/science/dueling-dinosaurs-fossil-nanotyrannus-tyrannosaurus-rex,2025-10-30,regular,
1270838402,20251027,FRA,,173,17,-5.0,-3.55555555555556,https://justthenews.com/world/sarkozy,2025-10-27,regular,
1271506251,20251030,USA,,151,15,-7.2,-5.8575197889182,https://www.csmonitor.com/USA/Politics/2025/1030/chicago-immigration-bovino-south-side,2025-10-30,regular,
1271774388,20251031,,USA,130,13,-4.4,-5.02415458937198,https://www.firstpost.com/explainers/is-united-states-planning-air-strikes-in-venezuela-13946844.html,2025-10-31,regular,
1271022784,20251028,,USA,100,10,-5.0,-0.79155672823219,https://theweek.com/politics/voting-rights-act-supreme-court-pivotal-decision,2025-10-28,regular,
1271599041,20251030,,USA,172,17,-5.0,-3.04878048780488,https://www.straitstimes.com/world/united-states/trump-stirs-tensions-with-surprise-order-to-test-nuclear-weapons,2025-10-30,regular,
1271812169,20251031,,RUS,173,17,-5.0,-7.14285714285714,https://www.eng.kavkaz-uzel.eu/articles/69355,2025-10-31,regular,
1271635582,20251030,USA,USA,173,17,-5.0,-3.6096256684492,https://www.10news.com/us-news/tennessee-authorities-dismiss-charges-against-man-who-posted-trump-meme,2025-10-30,regular,
1271394547,20251029,USA,,1313,13,-5.8,-4.82315112540193,https://talkingpointsmemo.com/morning-memo/judge-disqualifies-los-angeles-u-s-attorney-bill-essayli,2025-10-29,regular,
1271174769,20251028,CHN,USA,172,17,-5.0,-1.25786163522013,https://theworld.org/stories/2025/10/28/chinese-american-novelist-shares-story-tied-to-iconic-tank-man-that-inspired-his-new-book,2025-10-28,regular,
1270948457,20251027,,USA,175,17,-9.0,-3.20886814469078,https://www.yahoo.com/news/articles/nory-her-mother-were-deported-155121164.html,2025-10-27,regular,
1271170742,20251028,RUS,,202,20,-10.0,-1.63505559189013,https://dailynayadiganta.com/opinions/sub-editorial/IH3ylcPf49e3,2025-10-28,regular,
1271939554,20251101,POL,DEU,141,14,-6.5,-2.34082397003745,https://www.fairobserver.com/region/asia_pacific/containing-china-lessons-from-the-us-containment-of-the-soviet-union/,2025-11-01,regular,
1271143119,20251028,FRA,IRN,173,17,-5.0,-3.2258064516129,https://www.islamicinvitationturkey.com/iran-condemns-us-military-maneuvers-near-venezuela-as-dangerous/,2025-10-28,regular,
1271407525,20251029,RUS,RUS,1822,18,-9.0,-4.17666826692271,https://tol.org/client/article/truth-at-a-cost.html,2025-10-29,regular,
1271505073,20251030,THA,USA,141,14,-6.5,-1.94174757281554,https://www.abc.es/economia/tailandeses-congregan-frente-embajada-estadounidense-protestar-acuerdo-20251030091533-vi.html,2025-10-30,regular,
1271831300,20251031,PHL,CHN,151,15,-7.2,-2.19435736677116,https://asianjournal.com/philippines/ph-monitoring-chinese-drills-in-the-south-china-sea/,2025-10-31,regular,
1271726921,20251031,,CHN,138,13,-7.0,-0.39370078740158,https://www.digitaljournal.com/world/chinese-defence-minister-seeks-trust-with-us-but-cautions-over-taiwan/article,2025-10-31,regular,
1271056508,20251028,EUR,,130,13,-4.4,-1.38888888888889,https://thecolu.mn/1234/europes-most-lgbtq-friendly-cities-according-to-tui/,2025-10-28,regular,
1272042549,20251102,USA,,100,10,-5.0,-4.42764578833693,https://www.foxnews.com/opinion/jonathan-turley-why-blue-states-new-anti-ice-laws-unconstitutional-virtue-signaling,2025-11-02,regular,
1271369956,20251029,,USA,1712,17,-9.2,-9.74576271186446,https://www.oregonlive.com/clackamascounty/2025/10/man-charged-in-jail-killing-attacked-previous-cellmate-days-earlier-like-he-was-hearing-voices-or-something.html,2025-10-29,regular,
1271247426,20251029,ITA,USA,173,17,-5.0,9.37500000000003,https://thecitizen.com/2025/10/28/final-call-for-non-profits-to-register-for-fayette-non-profit-fair/,2025-10-29,regular,
1271802788,20251031,USA,,173,17,-5.0,-6.84326710816777,https://www.yahoo.com/news/articles/dmacc-board-candidate-arrested-complaint-174716285.html,2025-10-31,regular,
1271575666,20251030,USA,,100,10,-5.0,-5.89198036006546,https://www.wfmj.com/story/53202942/border-patrols-bovino-due-in-court-for-first-check-in-on-chicago-immigration-crackdown,2025-10-30,regular,
1271192715,20251028,UKR,RUS,180,18,-9.0,-4.11449016100178,https://www.bbc.com/news/articles/c620765wlxgo,2025-10-28,regular,
1272040911,20251102,USA,,160,16,-4.0,-2.84974093264248,https://www.yahoo.com/news/articles/might-wiped-chilling-messages-show-134853634.html,2025-11-02,regular,
1270908921,20251027,FRA,RUS,160,16,-4.0,-7.47922437673131,https://tvn24.pl/swiat/mali-zamknieto-szkoly-i-uniwersytety-w-calym-kraju-powodem-niedobor-paliwa-st8721614,2025-10-27,regular,
1271890557,20251101,,USA,173,17,-5.0,-9.7,https://www.mininggazette.com/opinion/columns/2025/11/judge-andrew-napolitano-5/,2025-11-01,regular,
1271868495,20251101,RUS,MAR,180,18,-9.0,0.97087378640776,https://lb.ua/world/2025/11/01/704605_radbez_oon_pidtrimav_rezolyutsiyu_pro.html,2025-11-01,regular,
1271683123,20251031,DEU,MEX,160,16,-4.0,-1.74672489082969,https://aristeguinoticias.com/301025/dinero-y-economia/audi-suspende-sus-operaciones-en-mexico-debido-a-bloqueos-carreteros/,2025-10-31,regular,
1270989801,20251027,,USA,173,17,-5.0,-0.42462845010615,https://nj1015.com/roberto-marquez-ice-detention/,2025-10-27,regular,
1271836658,20251031,RUS,USA,163,16,-8.0,-4.74452554744525,"https://www.wnp.pl/energia/obwod-krolewiecki-ma-klopot-litwa-stawia-szlaban-kluczowym-dostawom,1000094.html",2025-10-31,regular,
1271393493,20251029,CHN,CHN,173,17,-5.0,-1.83150183150183,https://www.newsweek.com/donald-trump-meets-xi-jinping-five-things-president-wants-from-china-10960445,2025-10-29,regular,
1271548015,20251030,,USA,130,13,-4.4,-5.40806293018683,https://www.webpronews.com/cheap-hardware-hacks-shatter-nvidia-amd-intel-enclave-security/,2025-10-30,regular,
1271923709,20251101,GBR,USA,173,17,-5.0,-2.12962962962963,https://metro.co.uk/2025/11/01/next-andrew-including-new-duke-york-24587041/,2025-11-01,regular,
1271023863,20251028,USA,,173,17,-5.0,-12.8205128205129,https://www.atlantanewsfirst.com/2025/10/27/3rd-person-convicted-trafficking-13-year-old-girl-central-georgia-state-ag-says/,2025-10-28,regular,
1271721420,20251031,,USA,130,13,-4.4,-0.54525627044711,https://www.foxnews.com/us/halloween-threat-puts-kids-danger-drug-laced-sweets-spook-parents-trick-treaters-expert,2025-10-31,regular,
1271717028,20251031,BMU,GBR,130,13,-4.4,-7.1803852889667,https://www.news18.com/world/hurricane-melissa-kills-49-people-aid-struggles-to-reach-parts-of-jamaica-ws-l-9671704.html,2025-10-31,regular,
1271092530,20251028,USA,,173,17,-5.0,-6.23916811091855,https://www.centralmaine.com/2025/10/28/pittsfield-churchs-former-administrator-sentenced-for-49k-embezzlement/,2025-10-28,regular,
1271849842,20251101,USA,,173,17,-5.0,-4.76408612001832,https://www.chicagotribune.com/2025/10/31/chicag-halloween-immigration-raids-evanston/,2025-11-01,regular,
1271673315,20251031,RUS,AZE,174,17,-5.0,-1.72037799854615,https://www.trend.az/azerbaijan/politics/4110946.html,2025-10-31,regular,
1272004528,20251102,RUS,,180,18,-9.0,-8.761329305136,"https://wyborcza.pl/relacje/14,126862,32371772.html",2025-11-02,regular,
1271311593,20251029,,RUS,100,10,-5.0,0.37174721189591,https://mignews.com.ua/ukraina/niderlandy-nadayut-ukrayini-novyj-paket-dopomogy-yak-budut-vykorystani-25-miljoniv-yevro.html,2025-10-29,regular,
1270836288,20251027,CHE,FRA,172,17,-5.0,-2.92134831460674,https://dailytrust.com/6-killed-as-ivory-coast-awaits-election-results/,2025-10-27,regular,
1270826335,20251027,GBR,,173,17,-5.0,-6.7062818336163,https://www.dailymail.co.uk/news/article-15229635/blunder-Home-Office-housing-asylum-seekers.html,2025-10-27,regular,
1271581818,20251030,RUS,RUS,130,13,-4.4,-1.61290322580645,https://www.kuna.net.kw/ArticleDetails.aspx?id=3256388&Language=ar,2025-10-30,regular,
1271661329,20251031,,USA,130,13,-4.4,-2.33160621761658,https://www.rawstory.com/trump-student-loans/,2025-10-31,regular,
1270817809,20251027,RUS,,163,16,-8.0,-4.76190476190477,https://www.opednews.com/populum/page.php?f=Trump-just-imposed-new-san-Oil-And-Gas-Fields_Russia-Ukraine-War_Sanctions-On-Russia_Trump-251026-584.html,2025-10-27,regular,
1271906515,20251101,USA,,203,20,-10.0,-5.64024390243902,https://www.aol.co.uk/articles/britain-had-nazi-streak-other-103000421.html,2025-11-01,regular,
1271374595,20251029,GBR,,173,17,-5.0,-8.41889117043121,https://www.mirror.co.uk/news/uk-news/86-year-old-who-died-36147355,2025-10-29,regular,
1271141988,20251028,FRA,ISR,186,18,-10.0,-1.92372595342558,https://www.humanite.fr/histoire/decolonisation/anticolonialisme-et-espionnage-laffaire-ben-barka-un-pacte-criminel-entre-paris-et-rabat,2025-10-28,regular,
1271172088,20251028,,CHN,130,13,-4.4,1.47058823529411,https://finance.yahoo.com/news/huawei-powered-chinese-ev-maker-093000966.html,2025-10-28,regular,
1271081662,20251028,,USA,173,17,-5.0,-2.92553191489362,https://freerepublic.com/tag/*/index?more=4349087,2025-10-28,regular,
1270948759,20251027,RUS,RUS,160,16,-4.0,-8.40108401084011,https://www.express.co.uk/news/world/2126575/russian-stock-market-crisis-rosneft-lukoil-sanctions,2025-10-27,regular,
1271369626,20251029,,USA,130,13,-4.4,-5.46623794212219,https://www.clickorlando.com/news/local/2025/10/29/florida-unveils-ai-system-to-predict-deadly-drug-threats-before-they-hit/,2025-10-29,regular,
1270844913,20251027,RUS,,180,18,-9.0,-8.69565217391302,https://www.vedomosti.ru/strana/central/news/2025/10/27/1149947-v-bryanskoi-oblasti,2025-10-27,regular,
1271825459,20251031,,USA,130,13,-4.4,-2.9723991507431,"https://home.nzcity.co.nz/news/article.aspx?id=433116&fm=psp,tst",2025-10-31,regular,
1271100261,20251028,USA,,1014,10,-5.0,-1.6815034619189,https://www.yahoo.com/news/articles/comer-unleashes-biden-demands-doj-090036714.html,2025-10-28,regular,
1271560895,20251030,,CHN,100,10,-5.0,-1.91761363636364,https://www.jalopnik.com/2011968/gm-pause-factory-zero-indefinitely/,2025-10-30,regular,
1271072527,20251028,USA,TTO,160,16,-4.0,-4.0920716112532,https://www.yahoo.com/news/articles/venezuela-suspends-trinidad-tobago-gas-074320955.html,2025-10-28,regular,
1271606082,20251030,GBR,GBR,173,17,-5.0,-5.88235294117647,https://www.kyivpost.com/post/63319,2025-10-30,regular,
1276557245,20251029,CHN,KHM,173,17,-5.0,-8.76288659793814,https://www.insight.co.kr/news/531116,2025-10-29,regular,
1271342624,20251029,,USA,186,18,-10.0,-7.06214689265536,https://lasvegassun.com/news/2025/oct/29/younger-americans-less-concerned-about-political-v/,2025-10-29,regular,
1271604570,20251030,USA,ITA,186,18,-10.0,-6.76691729323309,https://kekbfm.com/ixp/48/p/colorado-serial-killers/,2025-10-30,regular,
1271018125,20251028,,USA,173,17,-5.0,-5.76671035386632,https://nypost.com/2025/10/27/us-news/possible-serial-killer-linked-to-disappearance-of-tv-anchor-found-responsible-for-2006-wisconsin-murder/,2025-10-28,regular,
1271446381,20251030,USA,USA,173,17,-5.0,-8.7227414330218,https://www.yoursourceone.com/columbia_basin/man-sentenced-in-kittitas-county-for-illegal-elk-trafficking-scheme-in-ellensburg/article_cd734c20-b129-41ee-966f-dea74ed4ccd6.html,2025-10-30,regular,
1271389159,20251029,FRA,,163,16,-8.0,-2.13523131672598,https://www.rtv.rs/sr_ci/region/sad-ukinule-sankcije-dodiku-cvijanovicevoj-stevandicu-..._1667587.html,2025-10-29,regular,
1271627991,20251030,USA,,173,17,-5.0,-3.17919075144509,https://www.usmagazine.com/celebrity-news/news/inside-bijou-phillips-life-after-danny-masterson-excl/,2025-10-30,regular,
1272033906,20251102,USA,USA,173,17,-5.0,-9.37072503419971,http://putnam.dailyvoice.com/pa/allentown/staff/118/jillian-pikora/,2025-11-02,regular,
1271325890,20251029,,DEU,1712,17,-9.2,-2.37154150197629,https://www.landeszeitung.de/lokales/harburg-lk/buchholz-nordheide/fluechtlingsunterkunft-buchholz-container-werden-nach-brand-nicht-ersetzt-ISPNNLSZMFEPNMJJQJAZPPWO3A.html,2025-10-29,regular,
1271248525,20251029,,USA,100,10,-5.0,-5.56390977443609,https://ctnewsjunkie.com/2025/10/28/ct-joins-states-suing-trump-administration-over-suspension-of-food-aid-to-40-million-americans/,2025-10-29,regular,
1271725529,20251031,JPN,,138,13,-7.0,-7.21649484536082,https://news.bg/int-politics/napadeniyata-ot-mechki-v-yaponiya-rastat-pravitelstvo-obmislya-da-naeme-lovtsi.html,2025-10-31,regular,
1271858291,20251101,RUS,USA,163,16,-8.0,-3.04154302670623,https://www.thehindubusinessline.com/opinion/the-road-ahead-in-us-trade-talks/article70226807.ece,2025-11-01,regular,
1271202027,20251028,,EUR,161,16,-4.0,-8.31024930747924,https://www.15min.lt/naujiena/aktualu/pasaulis/sakartvelo-valdancioji-partija-siekia-uzdrausti-pagrindines-opozicijos-jegas-57-2552936,2025-10-28,regular,
1271252407,20251029,USA,,180,18,-9.0,-3.64963503649636,https://www.legalnewsline.com/pennsylvania-record/west-virginia-record/ex-server-says-edgewood-country-club-enabled-sexual-predator/article_dae8e7e9-a810-42f8-bc48-8a31d70571da.html,2025-10-29,regular,
1271753780,20251031,EUR,RUS,1822,18,-9.0,-8.58895705521473,https://www.otz.de/politik/article410344335/russische-armeechefs-sollen-verweigerer-foltern-und-hinrichten.html,2025-10-31,regular,
1271591017,20251030,,USA,173,17,-5.0,-4.92063492063492,https://www.nbcmiami.com/news/local/ex-florida-senator-frank-artiles-fights-conviction-in-ghost-candidate-case/3714082/,2025-10-30,regular,
1271644796,20251031,USA,,173,17,-5.0,-7.59493670886076,https://www.perthnow.com.au/news/crime/five-arrested-over-death-of-robert-de-niros-grandson-c-20530149,2025-10-31,regular,
1271638701,20251030,USA,,173,17,-5.0,-7.95454545454545,https://kvia.com/news/new-mexico/2025/10/30/jury-deliberates-former-police-officers-case/,2025-10-30,regular,
1271894731,20251101,,RUS,174,17,-5.0,-1.88034188034188,https://www.index.hr/vijesti/clanak/vlak-od-moskve-do-kalinjingrada-zakljucava-se-u-litvi-kao-u-hladnom-ratu/2726183.aspx,2025-11-01,regular,
1271903503,20251101,USA,,154,15,-7.2,-5.63063063063067,https://www.yahoo.com/news/articles/safety-tramples-constitution-memphis-safe-095927717.html,2025-11-01,regular,
1271188555,20251028,USA,USA,172,17,-5.0,-5.54561717352415,https://www.mynbc5.com/article/judge-blocks-trump-federal-employee-firings-shutdown/69181436,2025-10-28,regular,
1271720632,20251031,IRN,USA,173,17,-5.0,-5.03937007874016,https://xornalgalicia.com/inicio/en-portada/iran-denuncia-la-hipocresia-de-trump-por-su-llamado-a-reanudar-las-pruebas-nucleares-de-ee-uu,2025-10-31,regular,
1271821595,20251031,FRA,BGR,173,17,-5.0,-7.54716981132076,https://www.stiripesurse.ro/bulgari-condamnare-inchisoare-franta-vandalizarea-memorialului-holocaustului-paris_3826493,2025-10-31,regular,
1271830066,20251031,EUR,RUS,172,17,-5.0,-2.5065963060686,https://kuruc.info/r/67/294359/,2025-10-31,regular,
1270908433,20251027,USA,,172,17,-5.0,-8.86945658963148,https://www.minnpost.com/state-government/2025/10/mass-shootings-plummeted-during-a-federal-assault-weapons-ban-would-a-minnesota-ban-have-a-similar-effect/,2025-10-27,regular,
1270896104,20251027,RUS,UKR,172,17,-5.0,-3.72372372372373,https://rlo.acton.org/archives/127644-an-evangelical-pastor-in-ukraine.html,2025-10-27,regular,
1271428345,20251029,USA,,170,17,-7.0,-3.47150259067358,https://www.clevelandjewishnews.com/jta/dl-removes-protect-civil-rights-from-website-as-it-narrows-its-mission-amid-right-wing/article_16f94421-fc33-5b8d-bee3-c2ac5ecb8552.html,2025-10-29,regular,
1277070521,20251201,USA,,100,10,-5.0,-2.1551724137931,https://www.el-balad.com/6781596,2025-12-01,regular,
1278019460,20251207,,USA,173,17,-5.0,-6.91029900332226,https://nkytribune.com/2025/12/growing-old-in-prison-kentuckys-prison-population-is-aging-and-prisons-are-unprepared/,2025-12-07,regular,
1277201967,20251202,EUR,TUR,100,10,-5.0,-0.7177033492823,https://cyprus-mail.com/2025/12/02/cyprus-would-support-turkey-joining-eu-if-there-is-movement-on-cyprus-problem,2025-12-02,regular,
1277316745,20251203,USA,,160,16,-4.0,0.28571428571428,https://www.13wmaz.com/article/news/politics/elections/live-central-georgia-run-off-elections-results/93-9ff9cad7-47ce-4e59-8549-d4dfe249cdb6,2025-12-03,regular,
1277441860,20251203,RUS,,172,17,-5.0,-6.12244897959184,https://aif.ru/society/v-buryatii-molodogo-cheloveka-oshtrafovali-za-ekstremistskiy-nikney,2025-12-03,regular,
1277102654,20251202,,USA,173,17,-5.0,-10.4395604395604,https://www.yahoo.com/news/articles/trial-date-set-ex-school-001046310.html,2025-12-02,regular,
1276951427,20251201,USA,VEN,154,15,-7.2,-6.941431670282,https://www.negocios.com/articulo/geopolitica/almirante-garat-estados-unidos-capacidad-invadir-venezuela/20251201060239473834.html,2025-12-01,regular,
1277707680,20251205,,USA,180,18,-9.0,-15.1119402985075,https://www.breitbart.com/immigration/2025/12/04/consensus-vast-majority-say-illegals-who-have-committed-violent-crimes-should-be-deported/,2025-12-05,regular,
1278042808,20251207,USA,VEN,163,16,-8.0,-3.92156862745098,https://www.bankingnews.gr/diethni/articles/842715/surprise-communication-what-erdogan-asked-from-maduro-amid-venezuela-s-tensions-with-the-united-states,2025-12-07,regular,
1277211279,20251202,USA,RUS,163,16,-8.0,-1.31950989632422,https://www.firstpost.com/opinion/putin-in-delhi-how-the-india-russia-reset-could-reshape-global-geopolitics-13956045.html,2025-12-02,regular,
1277737498,20251205,CHN,RUS,162,16,-5.6,2.31578947368421,https://24tv.ua/geopolitics/ru/mirnye-peregovory-dlja-chego-kitaj-prislal-moskvu-svoego-nabljudatelja_n2964912,2025-12-05,regular,
1277035303,20251201,JPN,,160,16,-4.0,-3.18877551020409,https://www.manilatimes.net/2025/12/02/opinion/columns/pmaers-our-own-breed-of-samurais/2234485,2025-12-01,regular,
1277564163,20251204,RUS,,138,13,-7.0,0.9375,https://24tv.ua/geopolitics/ru/vizit-makrona-kitaj-o-chem-evropa-budet-dogovarivatsja-si-czinpinom_n2964644,2025-12-04,regular,
1277986445,20251206,USA,CAN,173,17,-5.0,-5.19187358916478,https://www.candgnews.com/news/pleasantview-teacher-arrested-at-us-border-for-allegedly-possessing-child-pornography-9754,2025-12-06,regular,
1277063044,20251201,POL,DEU,138,13,-7.0,-1.82868142444658,"https://www.gazetaprawna.pl/wiadomosci/kraj/artykuly/10595346,tusk-i-mertz-po-spotkaniu-polska-liczy-na-konkrety-min-nowe-ropoci.html",2025-12-01,regular,
1277842228,20251205,EUR,,1721,17,-5.0,-6.39730639730639,https://thenorthlines.com/u-s-signals-expansion-of-travel-ban-to-30-countries-leading-to-big-furore/,2025-12-05,regular,
1281889342,20251203,,USA,130,13,-4.4,-8.04597701149426,https://kstp.com/kstp-news/top-news/sba-freezes-loans-for-7000-minnesota-borrowers-amid-fraud-probe/,2025-12-03,regular,
1277603330,20251204,EUR,UKR,138,13,-7.0,-6.99029126213593,https://www.penarthtimes.co.uk/news/national/25672874.uk-sanctions-gru-putin-found-morally-responsible-novichok-death/,2025-12-04,regular,
1277843216,20251205,DEU,,145,14,-7.5,-4.82456140350877,https://zib.com.ua/ua/170044-naschadki_tih_kogo_pograbuvali_nacisti_otrimali_shans_na_spr.html,2025-12-05,regular,
1277258012,20251202,USA,,172,17,-5.0,-4.08163265306123,https://en.mercopress.com/2025/12/02/venezuela-approves-migrant-repatriation-flight-from-us-despite-trump-s-airspace-closure-claim,2025-12-02,regular,
1277520725,20251204,RUS,USA,163,16,-8.0,-0.4424778761062,https://www.hindustantimes.com/india-news/putin-arrives-in-india-today-su-57-jets-bilateral-trade-among-topics-on-agenda-dinner-planned-with-pm-modi-101764810426935.html,2025-12-04,regular,
1277905186,20251206,RUS,WST,138,13,-7.0,-3.7037037037037,https://news.sky.com/story/young-germans-react-to-voluntary-military-service-plans-13479929,2025-12-06,regular,
1277125832,20251202,USA,,173,17,-5.0,-5.52825552825552,https://www.twincities.com/2025/12/01/jonathan-weinhagen-minneapolis-chamber-guilty-plea/,2025-12-02,regular,
1276954167,20251201,USA,HND,174,17,-5.0,-4.11392405063291,https://www.thedigitalcourier.com/news/national/trump-backed-candidate-leads-honduras-poll/article_e6b9fe4c-2e92-558a-879b-c36fbeafc556.html,2025-12-01,regular,
1277047816,20251201,USA,AFG,160,16,-4.0,-2.30263157894736,https://www.dailysignal.com/2025/12/01/trump-promises-to-honor-national-guard-members-shot-by-afghan-national/,2025-12-01,regular,
1277579231,20251204,USA,PSE,160,16,-4.0,-5.5072463768116,https://en.tempo.co/read/2070929/netanyahu-heads-to-new-york-despite-warnings-from-zohran-mamdani,2025-12-04,regular,
1277756238,20251205,,FRA,130,13,-4.4,0.10741138560687,https://www.naftemporiki.gr/culture/music/2042100/volfgkangk-amanteoys-motsart-antanaklasi-kai-egkyrosi-toy-thaymatos-toy-kosmoy/,2025-12-05,regular,
1277960796,20251206,USA,UKR,160,16,-4.0,-2.30263157894737,https://www.blesk.cz/clanek/zpravy-valka-na-ukrajine/828244/macron-v-uniklem-rozhovoru-existuje-sance-ze-usa-zradi-ukrajinu-skrz-uzemi.html,2025-12-06,regular,
1277271303,20251202,,USA,130,13,-4.4,-5.19210799584631,https://hotair.com/ed-morrissey/2025/12/02/politico-will-the-doj-appeal-rulings-on-comey-james-cases-or-start-over-n3809456,2025-12-02,regular,
1277822699,20251205,,EUR,130,13,-4.4,-1.0148849797023,https://euractiv.sk/section/vonkajsie-vztahy/news/byrokraticky-moloch-ktory-treba-zmenit-trumpova-nova-strategia-pritvrdzuje-voci-eu/,2025-12-05,regular,
1277900745,20251206,RUS,TUR,173,17,-5.0,-2.72277227722772,https://www.stiripesurse.ro/bulgaria-intervine-pentru-a-salva-un-petrolier-rus-lovit-de-o-drona-ucraineana_3837603,2025-12-06,regular,
1277121525,20251202,,USA,180,18,-9.0,-8.27338129496403,https://www.nbcchicago.com/news/local/former-counselor-at-chicago-behavior-health-facility-sexually-assaulted-young-patients-prosecutors/3857472/,2025-12-02,regular,
1277670092,20251204,GBR,,164,16,-7.0,0.54844606946983,http://www.shanghainews.net/news/278735216/macron-arrives-in-china-for-talks-with-xi-on-ukraine-war-trade,2025-12-04,regular,
1277128204,20251202,USA,,173,17,-5.0,-8.08080808080808,https://wvmetronews.com/2025/12/01/jury-selection-underway-in-high-profile-murder-case-in-mingo-county/,2025-12-02,regular,
1277661911,20251204,USA,,141,14,-6.5,0.09478672985782,https://www.taosnews.com/news/local-news/advocates-plan-bridge-safety-rally/article_ae08a8fd-d252-5a1f-a2ab-c38d963644a1.html,2025-12-04,regular,
1277624213,20251204,,USA,138,13,-7.0,-2.08955223880597,https://www.kcbd.com/2025/12/04/thursday-morning-top-stories-memorial-service-lso-k-9-arlo/,2025-12-04,regular,
1277125058,20251202,CHN,USA,130,13,-4.4,-5.02717391304348,https://engineeringevil.com/2012/09/25/china-carrier-a-show-of-force-as-japan-tension-festerschina-will-never-tolerate-any-bilateral-actions-by-japan-that-harm-chinese-territorial-sovereignty-vice-foreign-minister-zhang-zhijun-said-o/,2025-12-02,regular,
1277685985,20251204,USA,,186,18,-10.0,-1.06837606837607,https://nypost.com/2025/12/04/media/bari-weiss-to-interview-erika-kirk-for-cbs-news-town-hall/,2025-12-04,regular,
1277194524,20251202,CHN,CHN,173,17,-5.0,-1.93081255028157,https://www.hindustantimes.com/india-news/an-imagined-homeland-how-tibetan-cinema-has-emerged-101764672674769.html,2025-12-02,regular,
1277516748,20251204,USA,USA,203,20,-10.0,0.41322314049587,https://www.breitbart.com/clips/2025/12/03/ms-nows-wagner-white-house-is-embracing-ethnic-cleansing/,2025-12-04,regular,
1277749173,20251205,CHN,,181,18,-9.0,-18.5185185185185,https://naslovi.net/tema/2417846,2025-12-05,regular,
1277280718,20251202,,USA,172,17,-5.0,-7.15990453460621,https://www.breitbart.com/entertainment/2025/12/02/jon-stewart-attacks-trumps-third-world-country-immigration-crackdown-he-wants-a-usa-complexion-correction/,2025-12-02,regular,
1277224326,20251202,USA,,173,17,-5.0,-8.38926174496644,https://www.wirralglobe.co.uk/news/national/25667171.luigi-mangione-back-court-amid-evidence-dispute-ceo-killing-case/,2025-12-02,regular,
1277432277,20251203,USA,CUB,172,17,-5.0,4.44444444444444,https://www.miaminewtimes.com/food-drink/award-winning-chef-opens-cuban-restaurant-in-south-beach-40506182/,2025-12-03,regular,
1277418931,20251203,,USA,173,17,-5.0,-10.0,https://www.mlive.com/news/2025/12/prosecutor-describes-brutal-alleged-murder-of-rebecca-park-they-cut-her-baby-out.html,2025-12-03,regular,
1276923455,20251201,RUS,,164,16,-7.0,-2.29826353421859,https://www.sme.sk/domov/c/ranny-brifing-plan-zbavit-sa-uradu-spustil-odpor-dlhova-brzda-strasi-samospravy,2025-12-01,regular,
1277475414,20251203,USA,,173,17,-5.0,-9.24214417744913,https://www.overdriveonline.com/regulations/article/15773222/truck-driver-faces-deportation-after-fatal-oregon-crash,2025-12-03,regular,
1278059329,20251207,,USA,173,17,-5.0,-5.85365853658537,https://laist.com/news/politics/immigration-crackdown-poll-doubts,2025-12-07,regular,
1278070189,20251207,USA,,172,17,-5.0,4.1994750656168,https://www.nbcwashington.com/news/local/trump-says-hes-hosting-the-kennedy-center-honors-recognizing-stallone-kiss-gaynor-and-others/4025157/,2025-12-07,regular,
1277137661,20251202,USA,VEN,172,17,-5.0,-5.20833333333333,https://www.almasryalyoum.com/news/details/4141998,2025-12-02,regular,
1277727883,20251205,USA,TUR,173,17,-5.0,-4.30107526881721,https://www.mercurynews.com/2025/12/04/antioch-health-care-executive-charged-with-fraud-arrested-at-sfo-boarding-flight-to-nigeria/,2025-12-05,regular,
1277687607,20251204,,USA,173,17,-5.0,-1.49253731343283,https://foxwilmington.com/former-kansas-art-teacher-accused-of-having-sex-with-student-in-jeep-to-stand-trial/,2025-12-04,regular,
1276977978,20251201,JOR,GBR,173,17,-5.0,-5.82428430404739,https://www.thedrinksbusiness.com/2025/12/the-wine-crime-files-2025-part-i/,2025-12-01,regular,
1277288357,20251202,RUS,UKR,172,17,-5.0,-5.62913907284768,https://www.etoday.co.kr/news/view/2532018,2025-12-02,regular,
1277965243,20251206,,USA,130,13,-4.4,-2.1978021978022,https://crooksandliars.com/2025/12/maga-turning-trump-over-cost-living-crisis,2025-12-06,regular,
1277078089,20251201,,USA,173,17,-5.0,-10.377358490566,https://turnto10.com/news/local/central-falls-man-charged-with-dui-after-striking-state-police-cruiser-crash-driving-under-influence-parked-car-attempted-flee-december-1-2025,2025-12-01,regular,
1277722845,20251205,,USA,186,18,-10.0,-2.8735632183908,https://urgente24.com/ocio/hollywood-estrellas-cobran-millones-ir-arabia-saudita-y-nadie-quiere-hablar-del-tema-n614656,2025-12-05,regular,
1277277111,20251202,,USA,173,17,-5.0,-4.67250730079266,https://www.yourdemocracy.net.au/drupal/node/57709,2025-12-02,regular,
1277440251,20251203,USA,USA,173,17,-5.0,-10.9640831758034,https://www.wdbo.com/news/national/doj-charges-former-navy-petty-officer-4-others-alleged-roles-monstrous-online-extortion-group/X2X3YVBGTU7WFCJ3FOIQLGNFHU/,2025-12-03,regular,
1277503688,20251204,RUS,NOR,130,13,-4.4,-3.03951367781155,https://www.mirror.co.uk/news/politics/british-norwegian-warships-hunt-russian-36347307,2025-12-04,regular,
1277315119,20251203,,USA,173,17,-5.0,-14.4722524483134,https://thenewamerican.com/us/immigration/n-y-ag-james-says-she-wont-help-ice-enforce-detainers/,2025-12-03,regular,
1277965444,20251206,GBR,,173,17,-5.0,-4.64088397790056,https://www.heritagefl.com/story/2025/12/05/features/jews-in-the-20th-century-made-their-mark-in-the-united-states/22571.html,2025-12-06,regular,
1277070571,20251201,USA,,130,13,-4.4,0.88028169014084,https://www.khou.com/article/news/local/sugar-land-char-house-trespassers/285-f494213e-b03c-4572-a04f-35fb16eb3f55,2025-12-01,regular,
1277429451,20251203,USA,BLZ,1712,17,-9.2,-6.38766519823789,https://newrepublic.com/post/203901/lindsey-graham-pope-donald-trump-venezuela,2025-12-03,regular,
1277432270,20251203,USA,,100,10,-5.0,-10.2564102564103,https://www.wdadradio.com/2025/12/03/stabbing-suspect-due-in-court-for-preliminary-hearing/,2025-12-03,regular,
1277078961,20251201,USA,GBR,173,17,-5.0,-4.97512437810945,https://hotair.com/headlines/2025/12/01/uk-police-arrest-a-man-for-posing-with-a-gun-in-us-n3809394,2025-12-01,regular,
1277784901,20251205,RUS,UKR,162,16,-5.6,-2.18068535825545,https://society.comments.ua/news/warrussia/ssha-uzhe-nachali-otkryto-podygryvat-kremlyu-s-chem-davyat-na-evropu-789432.html,2025-12-05,regular,
1277313281,20251203,USA,,173,17,-5.0,-1.73010380622838,https://wjla.com/news/local/montgomery-county-firefighter-arrest-emt-national-center-for-missing-and-exploited-children-ncmec-evan-morrison,2025-12-03,regular,
1277820762,20251205,,GBR,130,13,-4.4,-6.75944333996024,https://www.dailystar.co.uk/news/latest-news/superflu-extra-mutations-sweeps-britain-36358019,2025-12-05,regular,
1277653560,20251204,IRN,USA,141,14,-6.5,-3.38983050847457,https://www.islamicinvitationturkey.com/supreme-leaders-defense-advisor-issues-stern-warning-to-persian-gulf-bloc-over-irans-red-lines/,2025-12-04,regular,
1277153682,20251202,USA,,154,15,-7.2,-6.37329286798179,https://english.news.cn/20251202/b40e38ce99a84caebd09c119636b1da6/c.html,2025-12-02,regular,
1278004727,20251207,,GBR,173,17,-5.0,-5.65217391304347,https://www.brisbanetimes.com.au/world/europe/yobbos-with-custard-vandalise-crown-jewels-in-disgraceful-dessert-protest-20251207-p5nlhx.html,2025-12-07,regular,
1277937387,20251206,,USA,100,10,-5.0,0.73394495412844,https://www.courant.com/2025/12/06/connecticut-metal-core-band-currents-plays-a-big-show-at-the-oakdale/,2025-12-06,regular,
1277527506,20251204,JPN,CHN,130,13,-4.4,-4.41176470588236,https://tass.ru/mezhdunarodnaya-panorama/25810901,2025-12-04,regular,
1276981450,20251201,RUS,,173,17,-5.0,-10.9839816933638,https://informer.rs/hronika/vesti/1070849/vladimir-andrijanovic-ubistvo-krnjaca,2025-12-01,regular,
1277471586,20251203,USA,USA,180,18,-9.0,-7.69230769230769,https://pressofatlanticcity.com/news/local/crime-courts/article_626a5405-14d2-477f-b7a2-c674ef87dbbd.html,2025-12-03,regular,
1278088211,20251207,,CHN,172,17,-5.0,-5.71428571428572,https://www.freepressjournal.in/world/china-black-bear-attacks-keeper-during-show-at-hangzhou-safari-park-netizens-demand-end-to-animal-performances,2025-12-07,regular,
1277991100,20251206,DEU,,141,14,-6.5,-2.6148409893993,https://nczas.info/2025/12/06/kolejna-fala-agresji-w-niemczech-polska-ostoja-normalnosci/,2025-12-06,regular,
1278022165,20251207,RUS,,172,17,-5.0,-0.37313432835821,https://www.zr.ru/content/news/975373-samoe-interesnoe-za-proshedshuyu/,2025-12-07,regular,
1277855745,20251205,,USA,180,18,-9.0,-11.2068965517241,https://www.kltv.com/2025/12/05/affidavit-quitman-man-throws-chemicals-his-grandmother-temporarily-impairing-vision/,2025-12-05,regular,
1277985468,20251206,IRL,GBR,172,17,-5.0,3.59869138495093,https://www.manchestereveningnews.co.uk/whats-on/music-nightlife-news/inspired-manchesters-summer-oasis-indie-32994666,2025-12-06,regular,
1277772502,20251205,FRA,UKR,130,13,-4.4,-1.18906064209275,https://www.naturalnews.com/2025-12-04-russian-intelligence-warns-france-potential-role-war.html,2025-12-05,regular,
1276948942,20251201,GBR,IND,1823,18,-10.0,-6.00414078674948,https://timesofindia.indiatimes.com/city/chandigarh/killers-may-escape-law-if-case-not-taken-seriously-6-arrested-suspects-released-on-bail-in-haryana-students-uk-stabbing-case/articleshow/125685760.cms,2025-12-01,regular,
1277368219,20251203,USA,,180,18,-9.0,-10.7932379713914,https://scallywagandvagabond.com/2025/12/serial-creep-with-history-of-assaulting-women-arrested-groping-nyu-student/,2025-12-03,regular,
1277702396,20251205,RUS,UKR,160,16,-4.0,-3.1055900621118,https://www.fnnews.com/news/202512050626411544,2025-12-05,regular,
1277714554,20251205,RUS,,1711,17,-9.2,-4.39024390243902,https://www.elesquiu.com/internacionales/2025/12/4/rusia-advierte-que-respondera-si-la-ue-confisca-sus-activos-congelados-577919.html,2025-12-05,regular,
1278049687,20251207,USA,USA,173,17,-5.0,-6.01001669449082,https://www.lmtribune.com/opinion/what-happens-when-a-crime-doesnt-fit-into-the-narrative-20955342,2025-12-07,regular,
1277583926,20251204,,RUS,173,17,-5.0,-8.36653386454185,https://www.ridus.ru/zhitel-komi-prigovoren-k-12-godam-kolonii-za-diversiyu-na-podstancii-744460.html,2025-12-04,regular,
1277632231,20251204,GBR,,100,10,-5.0,5.0,https://radiotoday.co.uk/2025/12/billy-butler-is-in-demand-with-new-radio-show/,2025-12-04,regular,
1277368223,20251203,USA,,173,17,-5.0,1.62962962962963,https://www.dawn.com/news/1958481/data-points,2025-12-03,regular,
1277396338,20251203,,EUR,130,13,-4.4,-3.69127516778523,https://www.elfinanciero.com.mx/opinion/colaborador-invitado/2025/12/03/la-competencia-entre-las-grandes-potencias-y-el-surgimiento-de-nuevas-esferas-de-influencia/,2025-12-03,regular,
1277796689,20251205,,USA,180,18,-9.0,-4.17246175243394,https://www.yahoo.com/news/articles/third-day-sex-abuse-trial-124700634.html,2025-12-05,regular,
1277754149,20251205,USA,,173,17,-5.0,-3.32805071315372,https://www.insurancejournal.com/news/east/2025/12/05/849708.htm,2025-12-05,regular,
1277805692,20251205,RUS,IND,130,13,-4.4,3.2768361581921,https://news.mail.ru/politics/68986707/,2025-12-05,regular,
1277689941,20251204,PAK,RUS,141,14,-6.5,3.87596899224806,https://www.tribuneindia.com/news/india/india-russia-deepen-defence-ties-with-focus-on-niche-technologies/,2025-12-04,regular,
1277145007,20251202,USA,,186,18,-10.0,-1.3953488372093,https://wysu.org/ohio-news/2025-12-02/ohio-house-gop-approves-bill-allowing-teaching-of-religions-positive-role-in-u-s-history,2025-12-02,regular,
1276951197,20251201,,USA,130,13,-4.4,-4.47154471544716,https://news.bg/int-politics/maduro-poiska-pomosht-ot-opek-sreshtu-agresiyata-na-sasht.html,2025-12-01,regular,
1276981491,20251201,RUS,RUS,172,17,-5.0,-3.26530612244898,https://life.ru/p/1815535,2025-12-01,regular,
1277524261,20251204,USA,HTI,173,17,-5.0,-7.5609756097561,https://bnonews.com/index.php/2025/12/gang-leader-sentenced-to-life-in-u-s-for-2021-abduction-of-american-missionaries/,2025-12-04,regular,
1277079771,20251201,PRT,USA,161,16,-4.0,-6.98151950718686,https://www.express.co.uk/news/world/2140967/horror-6-young-people-burn-to-death-in-Lisbon-crash,2025-12-01,regular,
1281936125,20260102,AUS,USA,173,17,-5.0,-12.8,https://wchstv.com/news/local/ohio-man-indicted-on-child-porn-charges-after-investigation-that-began-in-australia,2026-01-02,regular,
1282060557,20260103,USA,USA,181,18,-9.0,-4.34782608695652,https://www.gamereactor.eu/watch-first-image-of-nicolas-maduro-in-united-states-custody-released-by-donald-trump-1655913/,2026-01-03,regular,
1281920360,20260102,RUS,,172,17,-5.0,-2.34177528869505,https://www.bote.ch/nachrichten/schweizundwelt/krieg-in-der-ukraine-aktuelle-news-und-entwicklungen-im-ticker-art-1681867,2026-01-02,regular,
1282048346,20260103,USA,VEN,130,13,-4.4,-3.03030303030303,https://navbharattimes.indiatimes.com/world/america/donald-trump-says-america-will-run-venezuela-until-transfer-of-power-takes-place/articleshow/126325885.cms,2026-01-03,regular,
1282056713,20260103,,USA,141,14,-6.5,-4.59599703484062,https://www.lbc.co.uk/article/maduros-departure-manner-unprecedented-iain-dale-5HjdQ8p_2/,2026-01-03,regular,
1282031666,20260103,USA,USA,173,17,-5.0,-2.69058295964126,https://www.cubaheadlines.com/articles/317767,2026-01-03,regular,
1281710747,20251231,CHN,TWN,150,15,-7.2,2.72108843537415,https://frognews.bg/novini/novogodishno-moskva-pekin-putin-obeshta-pobeda-ukraina--varne-taivan-kitai.html,2025-12-31,regular,
1281509498,20251230,RUS,RUS,173,17,-5.0,-9.4488188976378,https://ria.ru/20251230/razin-2065608570.html,2025-12-30,regular,
1281406212,20251229,USA,,172,17,-5.0,-4.74137931034483,https://www.cbs8.com/article/news/local/chula-vista-shooting-e-street/509-9281d3db-15ec-4ffc-81ba-d179e508c284,2025-12-29,regular,
1281449831,20251229,USA,,172,17,-5.0,-6.92567567567567,https://abc3340.com/news/local/court-hears-new-details-in-fatal-shooting-outside-velmas-bar-kanen-harper-christian-white-trussville,2025-12-29,regular,
1281466244,20251230,CHN,,1712,17,-9.2,-3.04114490161002,https://www.winnipegfreepress.com/business/2025/12/29/beijing-condemns-the-demolition-of-a-monument-honoring-the-chinese-community-in-panama,2025-12-30,regular,
1282012822,20260103,VEN,USA,173,17,-5.0,-14.8648648648649,https://www.finanznachrichten.de/nachrichten-2026-01/67347908-usa-klagen-maduro-wegen-terrorismus-und-drogenhandel-an-003.htm,2026-01-03,regular,
1281776356,20260101,RUS,GBR,138,13,-7.0,-5.20325203252033,https://theboar.org/2026/01/preparing-the-uks-sons-and-daughters-for-war-with-russia/,2026-01-01,regular,
1281722925,20251231,USA,,160,16,-4.0,-3.58455882352941,https://www.vesti.bg/sviat/skandalite-koito-shokiraha-sveta-prez-2025-g-6247490,2025-12-31,regular,
1281597710,20251230,USA,,180,18,-9.0,-10.2597402597402,https://www.columbiagorgenews.com/hoodriver/police-briefs-week-of-dec-29-2025/article_c52bfcd5-9a06-42fc-b0c5-ec0da95e9208.html,2025-12-30,regular,
1281946803,20260102,RUS,,182,18,-9.5,-4.11214953271028,https://www.obozrevatel.com/ukr/novosti-rossii/u-rosii-znovu-ogolosili-v-rozshuk-komandira-rdk-kapustina.htm,2026-01-02,regular,
1281519748,20251230,CHN,,180,18,-9.0,-3.36749633967789,https://www.nbcnews.com/world/asia/china-military-exercises-pla-taiwan-blockade-trump-xi-justice-mission-rcna251464,2025-12-30,regular,
1282027754,20260103,USA,,173,17,-5.0,-3.35570469798657,https://24tv.ua/geopolitics/ru/venesujela-operacija-ssha-3012025-chto-budet-strane-posle-zaderzhanija_n2982259,2026-01-03,regular,
1281767794,20260101,USA,,134,13,-5.8,0.89020771513354,https://www.dallasnews.com/news/national/2026/01/01/d-fw-other-us-cities-ring-in-2026-with-fireworks-heightened-security/,2026-01-01,regular,
1281947178,20260102,,USA,131,13,-5.8,-8.45070422535211,https://www.presstv.ir/Detail/2026/01/02/761740/Press-TV-s-news-headlines,2026-01-02,regular,
1281449922,20251229,USA,,173,17,-5.0,-2.61682242990654,https://katu.com/news/local/salem-city-council-may-revisit-reappointment-of-board-member-with-past-murder-conviction-oregon-crime-kyle-hedquist-murder-homicide-volunteer,2025-12-29,regular,
1282123792,20260104,USA,CHN,181,18,-9.0,-7.56302521008403,https://www.ratopati.com/story/534744/release-nicolas-maduro-and-first-lady-china,2026-01-04,regular,
1281552747,20251230,,USA,1712,17,-9.2,0.0877192982456099,https://www.wallpaper.com/architecture/endangered-federal-buildings,2025-12-30,regular,
1281567334,20251230,GBR,,154,15,-7.2,-6.20272314674736,https://www.mirror.co.uk/news/uk-news/frankenstein-killer-victim-probe-ends-36474881,2025-12-30,regular,
1281494590,20251230,UKR,RUS,130,13,-4.4,-5.43071161048689,https://bloknot.ru/politika/oreshnik-pokazhetsya-fejerverkom-eksperty-trebuyut-zhestkogo-otveta-rossii-na-ataku-rezidentsii-putina-1484299.html,2025-12-30,regular,
1281998773,20260103,USA,,172,17,-5.0,-8.35579514824797,https://alwasat.ly/news/economy/503428,2026-01-03,regular,
1282126162,20260104,USA,TWN,162,16,-5.6,-3.84615384615384,https://www.globalsecurity.org/wmd/library/news/taiwan/2026/taiwan-260103-cna01.htm,2026-01-04,regular,
1281803793,20260101,,USA,166,16,-7.0,-1.17096018735363,https://www.dailynews.com/2026/01/01/for-the-first-time-in-20-years-rain-is-in-store-for-the-rose-parade-but-for-die-hard-fans-no-problem/,2026-01-01,regular,
1281508386,20251230,DEU,NOR,150,15,-7.2,-6.67361835245047,https://www.irishtimes.com/world/europe/2025/12/30/we-are-heading-for-a-war-europe-might-lose-continent-shifting-to-a-military-footing/,2025-12-30,regular,
1281924852,20260102,IRN,USA,138,13,-7.0,-10.0,https://cnnespanol.cnn.com/2026/01/02/mundo/trump-amenaza-iran-tras-la-muerte-de-manifestantes-trax,2026-01-02,regular,
1281738505,20260101,,USA,173,17,-5.0,5.75342465753424,https://www.wadenapj.com/obituaries/obits/jeffrey-d-jeff-zimmerman-fwo7fmnwwmpctxndjj3o,2026-01-01,regular,
1281619862,20251231,,USA,173,17,-5.0,-4.79204339963833,https://www.mississippivalleypublishing.com/daily_democrat/daily_democrat/former-juvenile-detention-center-officer-accused-of-sexual-misconduct-with-juvenile-inmate-copy/article_d3601564-4716-48ac-a2d1-81d7de3885c5.html,2025-12-31,regular,
1281516334,20251230,EUR,ISL,130,13,-4.4,-3.75,https://www.euronews.com/travel/2025/12/30/christmas-travel-chaos-all-the-european-airport-strikes-to-expect-in-december,2025-12-30,regular,
1281871896,20260102,CHE,USA,100,10,-5.0,0.2724795640327,https://www.romaniatv.net/cine-detine-barul-din-crans-montana-unde-a-avut-loc-tragedia-de-anul-nou-proprietara-era-acolo-cand-a-izbucnit-incendiul-insa-a-scapat-cu-viata-barul-era-promovat-inclusiv-prin-artificii-de-petrece_9322405.html,2026-01-02,regular,
1281503729,20251230,,USA,180,18,-9.0,-4.31519699812382,https://www.hindustantimes.com/world-news/us-news/who-is-jomil-uy-tugado-all-about-duke-health-nurse-accused-of-sexually-assaulting-incapacitated-patients-101767072669174.html,2025-12-30,regular,
1281700692,20251231,,USA,173,17,-5.0,-1.67682926829268,https://www.duluthnewstribune.com/news/local/2025-year-in-review-national-issues-come-home-to-the-northland,2025-12-31,regular,
1282032339,20260103,SAU,USA,130,13,-4.4,-5.3864168618267,https://panamericana.pe/internacionales/462589-anthony-medina-captura-nicolas-maduro-revela-traicion-altos-mandos-militares,2026-01-03,regular,
1281851946,20260102,VEN,USA,173,17,-5.0,-6.69975186104219,https://www.el-balad.com/6809486,2026-01-02,regular,
1281581868,20251230,GBR,LBN,100,10,-5.0,1.79640718562875,https://lfpress.com/news/local-news/london-muslim-mosque-founding-member-dies,2025-12-30,regular,
1281993984,20260103,,USA,130,13,-4.4,-6.60377358490566,https://www.madata.gr/epikairotita/world/962347-ektakto-venezoyela-ischyres-ekrhxeis-sto-karakas-meta-tis-apeiles-ton-hpa-%E2%80%93-se-katastash-synagermoy-h-chora.html,2026-01-03,regular,
1281648882,20251231,GBR,,173,17,-5.0,-4.43131462333825,https://www.dailymail.co.uk/news/article-15424203/Third-man-arrested-fatal-hit-run-saw-pedestrian-carried-car-mile.html,2025-12-31,regular,
1281453698,20251230,EUR,,172,17,-5.0,-5.36649214659685,https://nypost.com/2025/12/29/opinion/marco-rubio-free-speech-hero-sticks-it-to-the-eurogoon-censors/,2025-12-30,regular,
1281888444,20260102,USA,,170,17,-7.0,-4.707668944571,https://wyofile.com/wyoming-officials-leaned-into-trumps-immigration-agenda-in-2025/,2026-01-02,regular,
1281751972,20260101,USA,CHN,1721,17,-5.0,-3.48583877995643,https://www.newsbusters.org/blogs/free-speech/catherine-salgado/2022/01/03/big-tech-fascists-free-speech-advocates-react,2026-01-01,regular,
1281943787,20260102,RUS,,172,17,-5.0,-13.6986301369863,https://t-l.ru/393766.html,2026-01-02,regular,
1282184733,20260104,,USA,130,13,-4.4,-5.3941908713693,https://www.tribuneindia.com/news/top-headlines/matter-of-deep-concern-mea-walks-tightrope-on-venezuela/,2026-01-04,regular,
1281970399,20260103,,USA,172,17,-5.0,1.12359550561798,https://www.appeal-democrat.com/news/local_news/salvation-army-to-close-the-depot-shelter-for-homeless-families/article_78a61414-8d62-4956-bf60-8c961770afb6.html,2026-01-03,regular,
1282167904,20260104,USA,,1043,10,-5.0,-9.47368421052628,https://www.wyomingnewsnow.tv/news/national/over-30-killed-several-kidnapped-in-nigeria/article_aebbb87f-3d2d-5215-aab3-28c3356166bf.html,2026-01-04,regular,
1282047551,20260103,RUS,UKR,181,18,-9.0,0.0,https://www.smh.com.au/national/when-i-was-behind-bars-time-stopped-but-you-could-never-hide-from-the-new-year-20251230-p5nqq5.html,2026-01-03,regular,
1281995004,20260103,USA,VEN,173,17,-5.0,-4.03587443946188,https://www.wpbf.com/article/venezuela-explosions-maduro/69907023,2026-01-03,regular,
1282144496,20260104,USA,VEN,173,17,-5.0,-4.3778801843318,https://www.tribunnews.com/internasional/7774651/kombinasi-drone-canggih-plus-orang-dalam-cia-cara-as-culik-presiden-venezuela,2026-01-04,regular,
1282037676,20260103,VEN,USA,173,17,-5.0,-0.80896079651525,https://www.dw.com/pt-br/trump-diz-que-eua-v%C3%A3o-governar-a-venezuela-at%C3%A9-transi%C3%A7%C3%A3o-de-poder-segura/live-74761148,2026-01-03,regular,
1282059899,20260103,VEN,FRA,100,10,-5.0,-2.0,https://www.inewsgr.com/122/makron-o-laos-tis-venezouelas-apallachtike-apo-ti-diktatoria-tou-madouro.htm,2026-01-03,regular,
1281846560,20260102,,USA,130,13,-4.4,-1.32275132275132,https://www.breitbart.com/politics/2026/01/01/no-bathrooms-food-supporters-socialist-zohran-mamdani-block-party/,2026-01-02,regular,
1281705736,20251231,GBR,,173,17,-5.0,-7.53424657534248,https://saharareporters.com/2025/12/31/kanus-international-lawyer-accuses-uk-ignoring-ipob-leaders-illegal-abduction-torture,2025-12-31,regular,
1281960072,20260103,,JPN,100,10,-5.0,-5.83657587548638,https://www.scmp.com/week-asia/politics/article/3338570/why-talk-japanese-nuclear-option-resurfacing-and-why-it-alarms-critics,2026-01-03,regular,
1282030371,20260103,,FRA,173,17,-5.0,-4.55005055611729,https://www.lalibre.be/international/amerique/2026/01/03/operation-americaine-au-venezuela-ce-quil-faut-savoir-IEV6NPCGDBEU5C5X7G24E43ATE/,2026-01-03,regular,
1281667622,20251231,ALB,CHN,173,17,-5.0,-10.9243697478991,https://noa.al/lajmi/2025/12/2552362.html,2025-12-31,regular,
1281684780,20251231,AUS,USA,173,17,-5.0,-9.12971306616078,https://victoriaadvocate.com/2025/12/31/arrest-report-victoria-county-dec-15-to-dec-29-2025/,2025-12-31,regular,
1281566003,20251230,,RUS,172,17,-5.0,-9.34579439252336,https://www.eng.kavkaz-uzel.eu/articles/71521,2025-12-30,regular,
1282048468,20260103,,USA,173,17,-5.0,-3.12352106010412,https://uk.news.yahoo.com/live/trump-says-us-will-temporarily-run-venezuela-after-capture-of-president-maduro-follow-live-updates-161238935.html,2026-01-03,regular,
1282119984,20260104,USA,USA,173,17,-5.0,-6.60694288913773,https://www.dailymail.co.uk/snapchat/article-15432877/Sister-Idaho-killer-Bryan-Kohberger-reveals-meaning-creepy-black-heart-drawing-sentencing.html,2026-01-04,regular,
1282007665,20260103,USA,VEN,130,13,-4.4,-5.0632911392405,https://www.index.hr/vijesti/clanak/maduru-ce-se-suditi-u-sadu-rubio-bio-je-na-celu-narkokartela/2746293.aspx,2026-01-03,regular,
1281878177,20260102,RUS,ESP,173,17,-5.0,-1.97268588770865,https://timesca.com/kazakh-spanish-film-la-trequa-to-premiere-on-netflix/,2026-01-02,regular,
1282016342,20260103,,USA,141,14,-6.5,0.62171209947394,https://www.reflector.com/news/local/year-in-review-2025-marked-locally-by-political-upheaval-leadership-changes/article_34050783-40fc-4cb2-9508-c9796ab6fe4e.html,2026-01-03,regular,
1281305729,20251229,RUS,UKR,1056,10,-5.0,-1.92813321647678,https://www.ketv.com/article/trump-zelenskyy-mar-a-lago-peace-talks/69875072,2025-12-29,regular,
1281763979,20260101,,GBR,160,16,-4.0,-2.79805352798053,https://www.irishtimes.com/opinion/2026/01/01/criticism-of-stormonts-creationist-minister-for-education-really-needs-to-evolve/,2026-01-01,regular,
1282157473,20260104,USA,PAN,173,17,-5.0,-6.19354838709677,https://www.timeslive.co.za/news/2026-01-04-explainer-was-the-us-capture-of-venezuelas-president-legal/,2026-01-04,regular,
1281827417,20260101,USA,USA,186,18,-10.0,2.43055555555556,https://urbanmilwaukee.com/2026/01/01/your-right-to-know-protect-transparency-save-wisconsineye/,2026-01-01,regular,
1281948415,20260102,USA,,180,18,-9.0,-7.14285714285714,https://www.cbsnews.com/colorado/news/colorado-school-kitchen-employee-arrested-accused-sexual-assault-child/,2026-01-02,regular,
1282050671,20260103,EUR,,160,16,-4.0,-5.36585365853659,https://tass.ru/mezhdunarodnaya-panorama/26082387,2026-01-03,regular,
1281405148,20251229,CAN,USA,163,16,-8.0,1.00840336134454,https://www.cpapracticeadvisor.com/2025/12/29/bourbon-maker-jim-beam-suspends-production-for-2026/175580/,2025-12-29,regular,
1282145992,20260103,USA,VEN,173,17,-5.0,-2.38907849829352,https://pakobserver.net/trump-hints-at-controlling-venezuela-through-us-designated-people/,2026-01-03,regular,
1281556265,20251230,,USA,173,17,-5.0,-4.89731437598736,https://www.thesylvaherald.com/top_stories/article_5fa791eb-bc7f-42db-842b-b35f98612b71.html,2025-12-30,regular,
1281909599,20260102,,USA,173,17,-5.0,-4.0948275862069,https://www.yahoo.com/entertainment/celebrity/articles/details-emerge-tommy-lee-jones-152722713.html,2026-01-02,regular,
1281963680,20260103,USA,,138,13,-7.0,-4.40881763527054,https://www.kiro7.com/news/national/18-year-old-charged-with-planning-isis-attack-north-carolina-grocery-store/5OILAU2U3NHHHKF6PYO6G5RTGM/,2026-01-03,regular,
1281350791,20251229,CHN,,150,15,-7.2,0.0,https://www.zazoom.it/2025-12-29/esercitazioni-militari-della-cina-intorno-a-taiwan-schierate-quattro-navi/18382671/,2025-12-29,regular,
1281841914,20260102,USA,,1712,17,-9.2,0.23837902264601,https://www.cbsnews.com/news/white-house-final-approval-trump-ballroom-march/,2026-01-02,regular,
1281820728,20260101,,CHN,173,17,-5.0,-2.96367112810707,https://www.thetimes.com/world/asia/article/beijing-separatist-charges-taiwanese-mp-nz892z853,2026-01-01,regular,
1281595552,20251230,FRA,FRA,173,17,-5.0,-4.1816009557945,https://scienceblogs.com/insolence/2017/06/22/quoth-the-court-of-justice-of-the-european-union-lets-make-it-easier-for-plaintiffs-suing-for-vaccine-injury-to-prevail,2025-12-30,regular,
1281340743,20251229,RUS,RUS,100,10,-5.0,0.0,https://www.rbc.ru/rbcfreenews/69521a049a79470aa80d76c9,2025-12-29,regular,
1281676878,20251231,FRA,,130,13,-4.4,-2.93333333333333,https://www.connexionfrance.com/news/explained-frances-grand-froid-plan-and-what-it-does/761135,2025-12-31,regular,
1282338409,20251229,,USA,173,17,-5.0,-7.72357723577236,https://www.wcnc.com/article/news/crime/wyoming-man-wanted-two-states-arrested-iredell-county-traffic-stop/275-3e30ea97-715e-487c-bf30-19eca9debcab,2025-12-29,regular,
1281471794,20251230,RUS,UKR,180,18,-9.0,-6.2992125984252,https://news.republika.co.id/berita/t826ui393/klaim-rumahnya-diserang-drone-ukraina-putin-janjikan-pembalasan,2025-12-30,regular,
1281681815,20251231,GBR,,130,13,-4.4,-1.03950103950104,https://www.theguardian.com/society/2025/dec/31/nhs-amber-cold-health-alerts-england,2025-12-31,regular,
1281487870,20251230,FRA,AFR,174,17,-5.0,-3.51837372947616,https://dailytrust.com/overlapping-budgets-altered-tax-law-dodgy-firs-french-collabo-whats-next/,2025-12-30,regular,
1282883483,20260101,GBR,,141,14,-6.5,-8.96414342629482,https://www.tamilguardian.com/content/protest-held-britain-condemning-arrest-five-tamils-thaiyiddy,2026-01-01,regular,
1282036625,20260103,RUS,YEM,138,13,-7.0,-6.56934306569343,https://www.travelmarketreport.com/articles/u-s-state-department-reissues-level-4-do-not-travel-warning-for-russia,2026-01-03,regular,
1282157278,20260104,,USA,138,13,-7.0,-2.07900207900208,https://www.express.co.uk/news/world/2153349/denmark-issues-warning-trump-greenland-venezuela,2026-01-04,regular,
1281399018,20251229,RUS,,1384,13,-7.0,-8.10810810810811,https://www.dnes.bg/a/2-svyat/705122-rusiya-obmislya-prekratyavane-na-konflikta-v-konteksta-na-tselite-si,2025-12-29,regular,
1281818499,20260101,,USA,1711,17,-9.2,-1.98675496688742,https://www.abqjournal.com/lifestyles/controlling-the-narrative/2948495,2026-01-01,regular,
1281320859,20251229,,USA,100,10,-5.0,-3.01263362487852,https://www.oxygen.com/killer-relationship-with-faith-jenkins/crime-news/killer-relationship-who-killed-desiree-sunford,2025-12-29,regular,
1281560704,20251230,USA,TWN,151,15,-7.2,-8.09061488673139,https://www.washingtonexaminer.com/news/world/4364451/taiwan-condemns-chinese-military-beijing-fires-missiles-second-day-intimidation-exercise/,2025-12-30,regular,
1281544423,20251230,RUS,RUS,172,17,-5.0,-5.73248407643312,https://www.fontanka.ru/2025/12/30/76201808/,2025-12-30,regular,
1281939828,20260102,USA,,173,17,-5.0,-2.56410256410256,https://www.ktep.org/politics/2025-07-01/trump-tours-alligator-alcatraz-a-day-before-its-first-arrivals-are-expected,2026-01-02,regular,
1282155076,20260104,USA,,182,18,-9.5,-3.43593414459556,https://www.nbcphiladelphia.com/news/national-international/officers-who-defended-the-capitol-on-jan-6-say-struggles-linger-5-years-later/4326985/,2026-01-04,regular,
1282019981,20260103,,USA,173,17,-5.0,-7.47330960854092,https://trinidadexpress.com/newsextra/they-will-soon-face-the-full-wrath-of-american-justice/article_cecaf471-4115-4f28-8595-3e0b93d56d50.html,2026-01-03,regular,
1281761044,20260101,USA,USA,160,16,-4.0,-3.81679389312977,https://www.firstcoastnews.com/article/syndication/associatedpress/disney-world-worker-is-injured-trying-to-stop-runaway-boulder-at-indiana-jones-show/616-0e5ce88e-909f-40da-8e81-d52efe40fe0d,2026-01-01,regular,
1282141016,20260104,,USA,173,17,-5.0,-6.00739371534196,https://www.newsweek.com/full-list-dictators-us-ousted-throughout-history-11304537,2026-01-04,regular,
1281929355,20260102,CHN,,101,10,-5.0,-8.33333333333333,https://www.newser.com/story/381323/israel-accuses-mamdani-of-antisemitism-on-first-day.html,2026-01-02,regular,
